call_index,candidate_required_level,candidate_trace_id,canonical_required_level,cosine_similarity,max_abs_error,mean_abs_error,mismatch_count,mismatch_ratio,pearson_correlation,reference_trace_id,rmse,semantic_name,status,value_count
0,boundary,2934,boundary,1.0,0.0,0.0,0,0.0,0.9999999999999998,0,0.0,input.raw.view_0_rgb_u8,PASS_EXACT,196608
0,boundary,0,boundary,1.0,0.0,0.0,0,0.0,0.9999999999999998,1,0.0,input.rotated.view_0_rgb_u8,PASS_EXACT,196608
0,exhaustive,2935,exhaustive,0.9999999999999999,0.0,0.0,0,0.0,1.0,2,0.0,input.rescaled.view_0,PASS_EXACT,196608
0,op,2936,op,1.0,0.0,0.0,0,0.0,1.0000000000000002,3,0.0,input.normalized.view_0,PASS_EXACT,196608
0,boundary,2937,boundary,0.9999999999999998,0.0,0.0,0,0.0,1.0,4,0.0,input.raw.view_1_rgb_u8,PASS_EXACT,196608
0,boundary,1,boundary,0.9999999999999998,0.0,0.0,0,0.0,1.0,5,0.0,input.rotated.view_1_rgb_u8,PASS_EXACT,196608
0,exhaustive,2938,exhaustive,0.9999999999999998,0.0,0.0,0,0.0,1.0000000000000002,6,0.0,input.rescaled.view_1,PASS_EXACT,196608
0,op,2939,op,1.0,0.0,0.0,0,0.0,0.9999999999999999,7,0.0,input.normalized.view_1,PASS_EXACT,196608
0,exhaustive,2940,exhaustive,1.0,0.0,0.0,0,0.0,1.0,8,0.0,input.rescale.factor,PASS_EXACT,1
0,op,2941,op,0.9999999999999998,0.0,0.0,0,0.0,1.0,9,0.0,input.normalize.mean,PASS_EXACT,3
0,op,2942,op,0.9999999999999998,0.0,0.0,0,0.0,0.9999999999999999,10,0.0,input.normalize.std,PASS_EXACT,3
0,boundary,2,boundary,1.0000000000000395,7.152557373046875e-07,4.484151598186751e-08,0,0.0,1.0000000000000784,11,9.806478924972293e-08,input.pixel_values_f32,PASS_TOLERANCE,393216
0,boundary,3,boundary,1.0,0.0,0.0,0,0.0,1.0000000000000002,12,0.0,input.pixel_values_model_dtype,PASS_EXACT,393216
0,boundary,2943,boundary,1.0000000000000002,0.0,0.0,0,0.0,1.0,13,0.0,state.raw,PASS_EXACT,8
0,op,2944,op,1.0,0.0,0.0,0,0.0,1.0,14,0.0,state.normalize.mean,PASS_EXACT,8
0,op,2945,op,0.9999999999999998,0.0,0.0,0,0.0,1.0,15,0.0,state.normalize.std,PASS_EXACT,8
0,exhaustive,2946,exhaustive,0.9999999999999999,0.0,0.0,0,0.0,1.0,16,0.0,state.centered,PASS_EXACT,8
0,boundary,1314,boundary,1.0,0.0,0.0,0,0.0,1.0,17,0.0,state.normalized_f32,PASS_EXACT,8
0,boundary,1315,boundary,1.0,0.0,0.0,0,0.0,0.9999999999999999,18,0.0,state.normalized_model_dtype,PASS_EXACT,8
0,boundary,2947,boundary,1.0000000000000002,0.0,0.0,0,0.0,0.9999999999999999,19,0.0,text.instruction_utf8_bytes,PASS_EXACT,52
0,op,2948,op,0.9999999999999999,0.0,0.0,0,0.0,1.0,20,0.0,text.tokenizer.input_ids_unpadded,PASS_EXACT,13
0,op,2949,op,1.0,0.0,0.0,0,0.0,1.0,21,0.0,text.tokenizer.token_type_ids_unpadded,PASS_EXACT,13
0,op,2950,op,1.0000000000000002,0.0,0.0,0,0.0,1.0,22,0.0,text.tokenizer.attention_mask_unpadded,PASS_EXACT,13
0,op,2951,op,1.0,0.0,0.0,0,0.0,0.9999999999999998,23,0.0,text.tokenizer.self_attention_mask_unpadded,PASS_EXACT,169
0,op,2952,op,1.0,0.0,0.0,0,0.0,1.0000000000000002,24,0.0,text.tokenizer.position_ids_unpadded,PASS_EXACT,13
0,boundary,1243,boundary,0.9999999999999999,0.0,0.0,0,0.0,1.0,25,0.0,text.layout.input_ids_padded,PASS_EXACT,14
0,boundary,1244,boundary,1.0000000000000002,0.0,0.0,0,0.0,1.0000000000000002,26,0.0,text.layout.attention_mask_padded,PASS_EXACT,14
0,op,1245,op,1.0,0.0,0.0,0,0.0,1.0000000000000002,27,0.0,text.layout.key_padding_mask_padded,PASS_EXACT,14
0,boundary,1246,boundary,1.0,0.0,0.0,0,0.0,0.9999999999999998,28,0.0,text.layout.self_attention_mask_padded,PASS_EXACT,196
0,boundary,1247,boundary,1.0,0.0,0.0,0,0.0,0.9999999999999999,29,0.0,text.layout.position_ids_padded,PASS_EXACT,14
0,op,1242,op,0.9999999999999999,0.0,0.0,0,0.0,1.0,30,0.0,text.bert.embeddings.input_ids,PASS_EXACT,14
0,op,1328,op,0.9999999999999998,0.0,0.0,0,0.0,1.0,31,0.0,text.bert.embeddings.word,PASS_EXACT,10752
0,op,1330,op,0.9999999999999999,0.0,0.0,0,0.0,1.0,32,0.0,text.bert.embeddings.token_type,PASS_EXACT,10752
0,op,1329,op,1.0,0.0,0.0,0,0.0,1.0,33,0.0,text.bert.embeddings.position,PASS_EXACT,10752
0,exhaustive,1331,exhaustive,1.0,0.0,0.0,0,0.0,1.0,34,0.0,text.bert.embeddings.sum_before_norm,PASS_EXACT,10752
0,exhaustive,1332,exhaustive,1.0,0.0,0.0,0,0.0,1.0,35,0.0,text.bert.embeddings.norm.input,PASS_EXACT,10752
0,exhaustive,2480,exhaustive,1.0000000000000002,0.0,0.0,0,0.0,0.9999999999999999,36,0.0,text.bert.embeddings.norm.mean,PASS_EXACT,14
0,exhaustive,2481,exhaustive,1.0,0.0,0.0,0,0.0,1.0,37,0.0,text.bert.embeddings.norm.variance,PASS_EXACT,14
0,exhaustive,2482,exhaustive,1.0,0.0,0.0,0,0.0,0.9999999999999999,38,0.0,text.bert.embeddings.norm.inv_std,PASS_EXACT,14
0,exhaustive,2483,exhaustive,0.9999999999999998,0.0,0.0,0,0.0,1.0,39,0.0,text.bert.embeddings.norm.normalized,PASS_EXACT,10752
0,exhaustive,2932,exhaustive,1.0000000000000002,0.0,0.0,0,0.0,1.0000000000000002,40,0.0,text.bert.embeddings.norm.weight,PASS_EXACT,768
0,exhaustive,2933,exhaustive,0.9999999999999999,0.0,0.0,0,0.0,0.9999999999999999,41,0.0,text.bert.embeddings.norm.bias,PASS_EXACT,768
0,exhaustive,1333,exhaustive,1.0,0.0,0.0,0,0.0,1.0,42,0.0,text.bert.embeddings.norm.output,PASS_EXACT,10752
0,layer,1334,layer,1.0,0.0,0.0,0,0.0,1.0,43,0.0,text.bert.embeddings.output,PASS_EXACT,10752
0,layer,1335,layer,1.0,0.0,0.0,0,0.0,1.0,44,0.0,text.bert.layer_00.input,PASS_EXACT,10752
0,exhaustive,1336,exhaustive,0.9999986038146192,0.015134334564208984,0.0009109246712753139,0,0.0,0.9999986037931203,45,0.0014397277763248467,text.bert.layer_00.attn.q_linear.matmul,PASS_TOLERANCE,10752
0,exhaustive,1337,exhaustive,1.0,0.0,0.0,0,0.0,1.0,46,0.0,text.bert.layer_00.attn.q_linear.bias_add,PASS_EXACT,10752
0,exhaustive,1338,exhaustive,0.9999985921861658,0.015503406524658203,0.0010809900560984499,0,0.0,0.9999985921859428,47,0.0017204908436773316,text.bert.layer_00.attn.k_linear.matmul,PASS_TOLERANCE,10752
0,exhaustive,1339,exhaustive,1.0000000000000002,0.0,0.0,0,0.0,0.9999999999999999,48,0.0,text.bert.layer_00.attn.k_linear.bias_add,PASS_EXACT,10752
0,exhaustive,1340,exhaustive,0.999998606874349,0.007679939270019531,0.0005147397562160179,0,0.0,0.9999986063014625,49,0.0008133353587450595,text.bert.layer_00.attn.v_linear.matmul,PASS_TOLERANCE,10752
0,exhaustive,1341,exhaustive,1.0,0.0,0.0,0,0.0,1.0,50,0.0,text.bert.layer_00.attn.v_linear.bias_add,PASS_EXACT,10752
0,exhaustive,1342,exhaustive,1.0,0.0,0.0,0,0.0,1.0,51,0.0,text.bert.layer_00.attn.q.reshape,PASS_EXACT,10752
0,exhaustive,1345,exhaustive,1.0,0.0,0.0,0,0.0,0.9999999999999998,52,0.0,text.bert.layer_00.attn.q.transpose,PASS_EXACT,10752
0,exhaustive,1343,exhaustive,1.0000000000000002,0.0,0.0,0,0.0,0.9999999999999999,53,0.0,text.bert.layer_00.attn.k.reshape,PASS_EXACT,10752
0,exhaustive,1346,exhaustive,1.0000000000000002,0.0,0.0,0,0.0,1.0000000000000002,54,0.0,text.bert.layer_00.attn.k.transpose,PASS_EXACT,10752
0,exhaustive,1344,exhaustive,1.0,0.0,0.0,0,0.0,1.0,55,0.0,text.bert.layer_00.attn.v.reshape,PASS_EXACT,10752
0,exhaustive,1347,exhaustive,1.0,0.0,0.0,0,0.0,0.9999999999999998,56,0.0,text.bert.layer_00.attn.v.transpose,PASS_EXACT,10752
0,exhaustive,1349,exhaustive,1.0000000000000002,0.0,0.0,0,0.0,1.0,57,0.0,text.bert.layer_00.attn.k_transposed,PASS_EXACT,10752
0,op,1348,op,1.0,0.0,0.0,0,0.0,1.0000000000000002,58,0.0,text.bert.layer_00.attn.qk_matmul,PASS_EXACT,2352
0,exhaustive,2918,exhaustive,1.0,0.0,0.0,0,0.0,1.0,59,0.0,text.bert.layer_00.attn.scale,PASS_EXACT,1
0,op,1350,op,1.0,0.0,0.0,0,0.0,1.0000000000000002,60,0.0,text.bert.layer_00.attn.scaled_logits,PASS_EXACT,2352
0,op,1248,op,1.0,0.0,0.0,0,0.0,1.0,61,0.0,text.bert.layer_00.attn.mask,PASS_EXACT,2352
0,op,1351,op,0.9999999999999998,0.0,0.0,0,0.0,1.0000000000000002,62,0.0,text.bert.layer_00.attn.masked_logits,PASS_EXACT,2352
0,exhaustive,2720,exhaustive,1.0,0.0,0.0,0,0.0,1.0,63,0.0,text.bert.layer_00.attn.softmax.max,PASS_EXACT,168
0,exhaustive,2721,exhaustive,0.9999999999999998,0.0,0.0,0,0.0,1.0000000000000002,64,0.0,text.bert.layer_00.attn.softmax.shifted,PASS_EXACT,2352
0,exhaustive,2722,exhaustive,0.9999999999999996,5.960464477539063e-08,4.305077703245187e-09,0,0.0,0.999999999999998,65,1.3324475187035018e-08,text.bert.layer_00.attn.softmax.exp,PASS_TOLERANCE,2352
0,exhaustive,2723,exhaustive,0.9999999999999976,9.5367431640625e-07,1.5114034925188336e-07,0,0.0,0.9999999999999907,66,2.8835814149788883e-07,text.bert.layer_00.attn.softmax.sum,PASS_TOLERANCE,168
0,op,1352,op,1.0,0.0,0.0,0,0.0,0.9999999999999998,67,0.0,text.bert.layer_00.attn.softmax.probs,PASS_EXACT,2352
0,op,1353,op,1.0000000000000002,0.0,0.0,0,0.0,1.0000000000000002,68,0.0,text.bert.layer_00.attn.context_heads,PASS_EXACT,10752
0,exhaustive,1354,exhaustive,1.0000000000000002,0.0,0.0,0,0.0,1.0,69,0.0,text.bert.layer_00.attn.context_transpose,PASS_EXACT,10752
0,op,1355,op,1.0000000000000002,0.0,0.0,0,0.0,1.0,70,0.0,text.bert.layer_00.attn.context_merged,PASS_EXACT,10752
0,exhaustive,1356,exhaustive,0.9999985593275268,0.004385471343994141,0.0003022834932510575,0,0.0,0.9999985593342814,71,0.0004831727865481664,text.bert.layer_00.attn.output.matmul,PASS_TOLERANCE,10752
0,exhaustive,1357,exhaustive,0.9999999999999999,0.0,0.0,0,0.0,0.9999999999999999,72,0.0,text.bert.layer_00.attn.output.bias_add,PASS_EXACT,10752
0,layer,1358,layer,0.9999999999999999,0.0,0.0,0,0.0,0.9999999999999999,73,0.0,text.bert.layer_00.attn.output,PASS_EXACT,10752
0,exhaustive,1359,exhaustive,1.0,0.0,0.0,0,0.0,1.0,74,0.0,text.bert.layer_00.residual_1.left,PASS_EXACT,10752
0,exhaustive,1360,exhaustive,0.9999999999999999,0.0,0.0,0,0.0,0.9999999999999999,75,0.0,text.bert.layer_00.residual_1.right,PASS_EXACT,10752
0,op,1361,op,1.0,0.0,0.0,0,0.0,0.9999999999999998,76,0.0,text.bert.layer_00.residual_1.sum,PASS_EXACT,10752
0,exhaustive,1362,exhaustive,1.0,0.0,0.0,0,0.0,0.9999999999999998,77,0.0,text.bert.layer_00.norm_1.input,PASS_EXACT,10752
0,exhaustive,2484,exhaustive,0.9999999999999999,0.0,0.0,0,0.0,1.0,78,0.0,text.bert.layer_00.norm_1.mean,PASS_EXACT,14
0,exhaustive,2485,exhaustive,1.0,0.0,0.0,0,0.0,0.9999999999999998,79,0.0,text.bert.layer_00.norm_1.variance,PASS_EXACT,14
0,exhaustive,2486,exhaustive,1.0,0.0,0.0,0,0.0,1.0,80,0.0,text.bert.layer_00.norm_1.inv_std,PASS_EXACT,14
0,exhaustive,2487,exhaustive,1.0000000000000002,0.0,0.0,0,0.0,0.9999999999999998,81,0.0,text.bert.layer_00.norm_1.normalized,PASS_EXACT,10752
0,exhaustive,1363,exhaustive,0.9999999999999999,0.0,0.0,0,0.0,0.9999999999999999,82,0.0,text.bert.layer_00.norm_1.output,PASS_EXACT,10752
0,exhaustive,1364,exhaustive,0.9999986531621935,0.05527687072753906,0.0029705749354564303,0,0.0,0.9999947913002099,83,0.003925070591245675,text.bert.layer_00.ffn.linear_1.matmul,PASS_TOLERANCE,43008
0,exhaustive,1365,exhaustive,0.9999999999999998,0.0,0.0,0,0.0,1.0,84,0.0,text.bert.layer_00.ffn.linear_1.bias_add,PASS_EXACT,43008
0,exhaustive,1366,exhaustive,0.9999999999999998,0.0,0.0,0,0.0,1.0,85,0.0,text.bert.layer_00.ffn.gelu.input,PASS_EXACT,43008
0,op,1367,op,0.9999999999999998,0.0,0.0,0,0.0,1.0,86,0.0,text.bert.layer_00.ffn.gelu.output,PASS_EXACT,43008
0,exhaustive,1368,exhaustive,0.9999985735329233,0.02888965606689453,0.0005434650994781501,0,0.0,0.9999985730669275,87,0.0009442148037053757,text.bert.layer_00.ffn.linear_2.matmul,PASS_TOLERANCE,10752
0,exhaustive,1369,exhaustive,1.0,0.0,0.0,0,0.0,1.0,88,0.0,text.bert.layer_00.ffn.linear_2.bias_add,PASS_EXACT,10752
0,exhaustive,1370,exhaustive,0.9999999999999999,0.0,0.0,0,0.0,0.9999999999999999,89,0.0,text.bert.layer_00.residual_2.left,PASS_EXACT,10752
0,exhaustive,1371,exhaustive,1.0,0.0,0.0,0,0.0,1.0,90,0.0,text.bert.layer_00.residual_2.right,PASS_EXACT,10752
0,op,1372,op,1.0,0.0,0.0,0,0.0,1.0,91,0.0,text.bert.layer_00.residual_2.sum,PASS_EXACT,10752
0,exhaustive,1373,exhaustive,1.0,0.0,0.0,0,0.0,1.0,92,0.0,text.bert.layer_00.norm_2.input,PASS_EXACT,10752
0,exhaustive,2488,exhaustive,0.9999999999999999,0.0,0.0,0,0.0,1.0,93,0.0,text.bert.layer_00.norm_2.mean,PASS_EXACT,14
0,exhaustive,2489,exhaustive,1.0,0.0,0.0,0,0.0,0.9999999999999999,94,0.0,text.bert.layer_00.norm_2.variance,PASS_EXACT,14
0,exhaustive,2490,exhaustive,1.0,0.0,0.0,0,0.0,1.0,95,0.0,text.bert.layer_00.norm_2.inv_std,PASS_EXACT,14
0,exhaustive,2491,exhaustive,1.0,0.0,0.0,0,0.0,1.0,96,0.0,text.bert.layer_00.norm_2.normalized,PASS_EXACT,10752
0,exhaustive,1374,exhaustive,1.0,0.0,0.0,0,0.0,1.0,97,0.0,text.bert.layer_00.norm_2.output,PASS_EXACT,10752
0,layer,1260,layer,1.0,0.0,0.0,0,0.0,1.0,98,0.0,text.bert.layer_00.output,PASS_EXACT,10752
0,layer,1375,layer,1.0,0.0,0.0,0,0.0,1.0,99,0.0,text.bert.layer_01.input,PASS_EXACT,10752
0,exhaustive,1376,exhaustive,0.9999986061386109,0.01463937759399414,0.0010210618297389288,0,0.0,0.9999986056561636,100,0.001596951782729361,text.bert.layer_01.attn.q_linear.matmul,PASS_TOLERANCE,10752
0,exhaustive,1377,exhaustive,1.0,0.0,0.0,0,0.0,0.9999999999999998,101,0.0,text.bert.layer_01.attn.q_linear.bias_add,PASS_EXACT,10752
0,exhaustive,1378,exhaustive,0.9999985522722356,0.015489578247070312,0.0010654649023698376,0,0.0,0.9999985522554864,102,0.0017137401887747045,text.bert.layer_01.attn.k_linear.matmul,PASS_TOLERANCE,10752
0,exhaustive,1379,exhaustive,1.0,0.0,0.0,0,0.0,1.0,103,0.0,text.bert.layer_01.attn.k_linear.bias_add,PASS_EXACT,10752
0,exhaustive,1380,exhaustive,0.9999986436794215,0.007162809371948242,0.0005373070179346195,0,0.0,0.9999986444613985,104,0.0008577644373658684,text.bert.layer_01.attn.v_linear.matmul,PASS_TOLERANCE,10752
0,exhaustive,1381,exhaustive,1.0000000000000002,0.0,0.0,0,0.0,1.0,105,0.0,text.bert.layer_01.attn.v_linear.bias_add,PASS_EXACT,10752
0,exhaustive,1382,exhaustive,1.0,0.0,0.0,0,0.0,0.9999999999999998,106,0.0,text.bert.layer_01.attn.q.reshape,PASS_EXACT,10752
0,exhaustive,1385,exhaustive,1.0,0.0,0.0,0,0.0,1.0000000000000002,107,0.0,text.bert.layer_01.attn.q.transpose,PASS_EXACT,10752
0,exhaustive,1383,exhaustive,1.0,0.0,0.0,0,0.0,1.0,108,0.0,text.bert.layer_01.attn.k.reshape,PASS_EXACT,10752
0,exhaustive,1386,exhaustive,1.0,0.0,0.0,0,0.0,1.0,109,0.0,text.bert.layer_01.attn.k.transpose,PASS_EXACT,10752
0,exhaustive,1384,exhaustive,1.0000000000000002,0.0,0.0,0,0.0,1.0,110,0.0,text.bert.layer_01.attn.v.reshape,PASS_EXACT,10752
0,exhaustive,1387,exhaustive,1.0000000000000002,0.0,0.0,0,0.0,1.0,111,0.0,text.bert.layer_01.attn.v.transpose,PASS_EXACT,10752
0,exhaustive,1389,exhaustive,1.0,0.0,0.0,0,0.0,1.0,112,0.0,text.bert.layer_01.attn.k_transposed,PASS_EXACT,10752
0,op,1388,op,1.0000000000000002,0.0,0.0,0,0.0,1.0,113,0.0,text.bert.layer_01.attn.qk_matmul,PASS_EXACT,2352
0,exhaustive,2919,exhaustive,1.0,0.0,0.0,0,0.0,1.0,114,0.0,text.bert.layer_01.attn.scale,PASS_EXACT,1
0,op,1390,op,1.0000000000000002,0.0,0.0,0,0.0,1.0,115,0.0,text.bert.layer_01.attn.scaled_logits,PASS_EXACT,2352
0,op,1249,op,1.0,0.0,0.0,0,0.0,1.0,116,0.0,text.bert.layer_01.attn.mask,PASS_EXACT,2352
0,op,1391,op,0.9999999999999998,0.0,0.0,0,0.0,1.0000000000000002,117,0.0,text.bert.layer_01.attn.masked_logits,PASS_EXACT,2352
0,exhaustive,2724,exhaustive,1.0,0.0,0.0,0,0.0,1.0,118,0.0,text.bert.layer_01.attn.softmax.max,PASS_EXACT,168
0,exhaustive,2725,exhaustive,0.9999999999999998,0.0,0.0,0,0.0,1.0000000000000002,119,0.0,text.bert.layer_01.attn.softmax.shifted,PASS_EXACT,2352
0,exhaustive,2726,exhaustive,1.0,5.960464477539063e-08,3.0232828727267112e-09,0,0.0,0.9999999999999996,120,1.0222502673545171e-08,text.bert.layer_01.attn.softmax.exp,PASS_TOLERANCE,2352
0,exhaustive,2727,exhaustive,0.9999999999999969,1.430511474609375e-06,1.3340087164015997e-07,0,0.0,0.9999999999999876,121,2.408893039421666e-07,text.bert.layer_01.attn.softmax.sum,PASS_TOLERANCE,168
0,op,1392,op,0.9999999999999998,0.0,0.0,0,0.0,0.9999999999999999,122,0.0,text.bert.layer_01.attn.softmax.probs,PASS_EXACT,2352
0,op,1393,op,1.0,0.0,0.0,0,0.0,1.0,123,0.0,text.bert.layer_01.attn.context_heads,PASS_EXACT,10752
0,exhaustive,1394,exhaustive,1.0,0.0,0.0,0,0.0,1.0,124,0.0,text.bert.layer_01.attn.context_transpose,PASS_EXACT,10752
0,op,1395,op,1.0,0.0,0.0,0,0.0,1.0,125,0.0,text.bert.layer_01.attn.context_merged,PASS_EXACT,10752
0,exhaustive,1396,exhaustive,0.9999986284832931,0.00388491153717041,0.0002517257678066796,0,0.0,0.999998628199178,126,0.0003981858961755915,text.bert.layer_01.attn.output.matmul,PASS_TOLERANCE,10752
0,exhaustive,1397,exhaustive,1.0,0.0,0.0,0,0.0,1.0,127,0.0,text.bert.layer_01.attn.output.bias_add,PASS_EXACT,10752
0,layer,1398,layer,1.0,0.0,0.0,0,0.0,1.0,128,0.0,text.bert.layer_01.attn.output,PASS_EXACT,10752
0,exhaustive,1399,exhaustive,1.0,0.0,0.0,0,0.0,1.0,129,0.0,text.bert.layer_01.residual_1.left,PASS_EXACT,10752
0,exhaustive,1400,exhaustive,1.0,0.0,0.0,0,0.0,1.0,130,0.0,text.bert.layer_01.residual_1.right,PASS_EXACT,10752
0,op,1401,op,0.9999999999999998,0.0,0.0,0,0.0,1.0000000000000002,131,0.0,text.bert.layer_01.residual_1.sum,PASS_EXACT,10752
0,exhaustive,1402,exhaustive,0.9999999999999998,0.0,0.0,0,0.0,1.0000000000000002,132,0.0,text.bert.layer_01.norm_1.input,PASS_EXACT,10752
0,exhaustive,2492,exhaustive,0.9999999999999998,0.0,0.0,0,0.0,1.0,133,0.0,text.bert.layer_01.norm_1.mean,PASS_EXACT,14
0,exhaustive,2493,exhaustive,1.0000000000000002,0.0,0.0,0,0.0,1.0,134,0.0,text.bert.layer_01.norm_1.variance,PASS_EXACT,14
0,exhaustive,2494,exhaustive,1.0000000000000002,0.0,0.0,0,0.0,1.0,135,0.0,text.bert.layer_01.norm_1.inv_std,PASS_EXACT,14
0,exhaustive,2495,exhaustive,1.0,0.0,0.0,0,0.0,1.0,136,0.0,text.bert.layer_01.norm_1.normalized,PASS_EXACT,10752
0,exhaustive,1403,exhaustive,1.0000000000000002,0.0,0.0,0,0.0,1.0,137,0.0,text.bert.layer_01.norm_1.output,PASS_EXACT,10752
0,exhaustive,1404,exhaustive,0.9999986533730342,0.030877113342285156,0.002842545290366702,0,0.0,0.9999947840366403,138,0.0037622925327330066,text.bert.layer_01.ffn.linear_1.matmul,PASS_TOLERANCE,43008
0,exhaustive,1405,exhaustive,1.0,0.0,0.0,0,0.0,1.0000000000000002,139,0.0,text.bert.layer_01.ffn.linear_1.bias_add,PASS_EXACT,43008
0,exhaustive,1406,exhaustive,1.0,0.0,0.0,0,0.0,1.0000000000000002,140,0.0,text.bert.layer_01.ffn.gelu.input,PASS_EXACT,43008
0,op,1407,op,1.0,0.0,0.0,0,0.0,1.0,141,0.0,text.bert.layer_01.ffn.gelu.output,PASS_EXACT,43008
0,exhaustive,1408,exhaustive,0.9999989988895411,0.006266117095947266,0.0004056134643871614,0,0.0,0.9999989990436066,142,0.0006210242281666956,text.bert.layer_01.ffn.linear_2.matmul,PASS_TOLERANCE,10752
0,exhaustive,1409,exhaustive,1.0000000000000002,0.0,0.0,0,0.0,1.0,143,0.0,text.bert.layer_01.ffn.linear_2.bias_add,PASS_EXACT,10752
0,exhaustive,1410,exhaustive,1.0000000000000002,0.0,0.0,0,0.0,1.0,144,0.0,text.bert.layer_01.residual_2.left,PASS_EXACT,10752
0,exhaustive,1411,exhaustive,1.0000000000000002,0.0,0.0,0,0.0,1.0,145,0.0,text.bert.layer_01.residual_2.right,PASS_EXACT,10752
0,op,1412,op,1.0000000000000002,0.0,0.0,0,0.0,1.0,146,0.0,text.bert.layer_01.residual_2.sum,PASS_EXACT,10752
0,exhaustive,1413,exhaustive,1.0000000000000002,0.0,0.0,0,0.0,1.0,147,0.0,text.bert.layer_01.norm_2.input,PASS_EXACT,10752
0,exhaustive,2496,exhaustive,1.0,0.0,0.0,0,0.0,1.0,148,0.0,text.bert.layer_01.norm_2.mean,PASS_EXACT,14
0,exhaustive,2497,exhaustive,1.0,0.0,0.0,0,0.0,1.0,149,0.0,text.bert.layer_01.norm_2.variance,PASS_EXACT,14
0,exhaustive,2498,exhaustive,1.0,0.0,0.0,0,0.0,0.9999999999999998,150,0.0,text.bert.layer_01.norm_2.inv_std,PASS_EXACT,14
0,exhaustive,2499,exhaustive,0.9999999999999998,0.0,0.0,0,0.0,1.0,151,0.0,text.bert.layer_01.norm_2.normalized,PASS_EXACT,10752
0,exhaustive,1414,exhaustive,1.0,0.0,0.0,0,0.0,1.0,152,0.0,text.bert.layer_01.norm_2.output,PASS_EXACT,10752
0,layer,1261,layer,1.0,0.0,0.0,0,0.0,1.0,153,0.0,text.bert.layer_01.output,PASS_EXACT,10752
0,layer,1415,layer,1.0,0.0,0.0,0,0.0,1.0,154,0.0,text.bert.layer_02.input,PASS_EXACT,10752
0,exhaustive,1416,exhaustive,0.9999986621865131,0.015220165252685547,0.0010965471914719924,0,0.0,0.9999986622176277,155,0.001759153003321785,text.bert.layer_02.attn.q_linear.matmul,PASS_TOLERANCE,10752
0,exhaustive,1417,exhaustive,1.0000000000000002,0.0,0.0,0,0.0,1.0,156,0.0,text.bert.layer_02.attn.q_linear.bias_add,PASS_EXACT,10752
0,exhaustive,1418,exhaustive,0.9999986279175672,0.015253543853759766,0.0011585080165310675,0,0.0,0.999998627035731,157,0.0018519970819060785,text.bert.layer_02.attn.k_linear.matmul,PASS_TOLERANCE,10752
0,exhaustive,1419,exhaustive,1.0,0.0,0.0,0,0.0,1.0,158,0.0,text.bert.layer_02.attn.k_linear.bias_add,PASS_EXACT,10752
0,exhaustive,1420,exhaustive,0.9999986164052318,0.0077762603759765625,0.000532338414554293,0,0.0,0.9999986149876043,159,0.000872240985385495,text.bert.layer_02.attn.v_linear.matmul,PASS_TOLERANCE,10752
0,exhaustive,1421,exhaustive,0.9999999999999999,0.0,0.0,0,0.0,0.9999999999999999,160,0.0,text.bert.layer_02.attn.v_linear.bias_add,PASS_EXACT,10752
0,exhaustive,1422,exhaustive,1.0000000000000002,0.0,0.0,0,0.0,1.0,161,0.0,text.bert.layer_02.attn.q.reshape,PASS_EXACT,10752
0,exhaustive,1425,exhaustive,1.0000000000000002,0.0,0.0,0,0.0,1.0,162,0.0,text.bert.layer_02.attn.q.transpose,PASS_EXACT,10752
0,exhaustive,1423,exhaustive,1.0,0.0,0.0,0,0.0,1.0,163,0.0,text.bert.layer_02.attn.k.reshape,PASS_EXACT,10752
0,exhaustive,1426,exhaustive,1.0,0.0,0.0,0,0.0,1.0,164,0.0,text.bert.layer_02.attn.k.transpose,PASS_EXACT,10752
0,exhaustive,1424,exhaustive,0.9999999999999999,0.0,0.0,0,0.0,0.9999999999999999,165,0.0,text.bert.layer_02.attn.v.reshape,PASS_EXACT,10752
0,exhaustive,1427,exhaustive,0.9999999999999999,0.0,0.0,0,0.0,1.0,166,0.0,text.bert.layer_02.attn.v.transpose,PASS_EXACT,10752
0,exhaustive,1429,exhaustive,0.9999999999999999,0.0,0.0,0,0.0,1.0,167,0.0,text.bert.layer_02.attn.k_transposed,PASS_EXACT,10752
0,op,1428,op,0.9999999999999999,0.0,0.0,0,0.0,1.0000000000000002,168,0.0,text.bert.layer_02.attn.qk_matmul,PASS_EXACT,2352
0,exhaustive,2920,exhaustive,1.0,0.0,0.0,0,0.0,1.0,169,0.0,text.bert.layer_02.attn.scale,PASS_EXACT,1
0,op,1430,op,0.9999999999999999,0.0,0.0,0,0.0,1.0000000000000002,170,0.0,text.bert.layer_02.attn.scaled_logits,PASS_EXACT,2352
0,op,1250,op,1.0,0.0,0.0,0,0.0,1.0,171,0.0,text.bert.layer_02.attn.mask,PASS_EXACT,2352
0,op,1431,op,0.9999999999999998,0.0,0.0,0,0.0,1.0000000000000002,172,0.0,text.bert.layer_02.attn.masked_logits,PASS_EXACT,2352
0,exhaustive,2728,exhaustive,1.0,0.0,0.0,0,0.0,1.0,173,0.0,text.bert.layer_02.attn.softmax.max,PASS_EXACT,168
0,exhaustive,2729,exhaustive,0.9999999999999998,0.0,0.0,0,0.0,1.0000000000000002,174,0.0,text.bert.layer_02.attn.softmax.shifted,PASS_EXACT,2352
0,exhaustive,2730,exhaustive,0.9999999999999997,5.960464477539063e-08,1.8333592694061391e-09,0,0.0,1.0000000000000002,175,7.71194211581247e-09,text.bert.layer_02.attn.softmax.exp,PASS_TOLERANCE,2352
0,exhaustive,2731,exhaustive,0.9999999999999981,4.76837158203125e-07,8.727822984967912e-08,0,0.0,0.9999999999999923,176,1.5743064292150903e-07,text.bert.layer_02.attn.softmax.sum,PASS_TOLERANCE,168
0,op,1432,op,1.0,0.0,0.0,0,0.0,1.0000000000000002,177,0.0,text.bert.layer_02.attn.softmax.probs,PASS_EXACT,2352
0,op,1433,op,1.0,0.0,0.0,0,0.0,0.9999999999999999,178,0.0,text.bert.layer_02.attn.context_heads,PASS_EXACT,10752
0,exhaustive,1434,exhaustive,1.0,0.0,0.0,0,0.0,1.0,179,0.0,text.bert.layer_02.attn.context_transpose,PASS_EXACT,10752
0,op,1435,op,1.0,0.0,0.0,0,0.0,1.0,180,0.0,text.bert.layer_02.attn.context_merged,PASS_EXACT,10752
0,exhaustive,1436,exhaustive,0.9999986310404576,0.0038813352584838867,0.000248349898703011,0,0.0,0.9999986311556619,181,0.0003834143405595468,text.bert.layer_02.attn.output.matmul,PASS_TOLERANCE,10752
0,exhaustive,1437,exhaustive,1.0,0.0,0.0,0,0.0,1.0000000000000002,182,0.0,text.bert.layer_02.attn.output.bias_add,PASS_EXACT,10752
0,layer,1438,layer,1.0,0.0,0.0,0,0.0,1.0000000000000002,183,0.0,text.bert.layer_02.attn.output,PASS_EXACT,10752
0,exhaustive,1439,exhaustive,1.0,0.0,0.0,0,0.0,1.0,184,0.0,text.bert.layer_02.residual_1.left,PASS_EXACT,10752
0,exhaustive,1440,exhaustive,1.0,0.0,0.0,0,0.0,1.0000000000000002,185,0.0,text.bert.layer_02.residual_1.right,PASS_EXACT,10752
0,op,1441,op,1.0,0.0,0.0,0,0.0,1.0000000000000002,186,0.0,text.bert.layer_02.residual_1.sum,PASS_EXACT,10752
0,exhaustive,1442,exhaustive,1.0,0.0,0.0,0,0.0,1.0000000000000002,187,0.0,text.bert.layer_02.norm_1.input,PASS_EXACT,10752
0,exhaustive,2500,exhaustive,1.0,0.0,0.0,0,0.0,1.0,188,0.0,text.bert.layer_02.norm_1.mean,PASS_EXACT,14
0,exhaustive,2501,exhaustive,0.9999999999999999,0.0,0.0,0,0.0,1.0,189,0.0,text.bert.layer_02.norm_1.variance,PASS_EXACT,14
0,exhaustive,2502,exhaustive,1.0,0.0,0.0,0,0.0,1.0000000000000002,190,0.0,text.bert.layer_02.norm_1.inv_std,PASS_EXACT,14
0,exhaustive,2503,exhaustive,1.0,0.0,0.0,0,0.0,1.0,191,0.0,text.bert.layer_02.norm_1.normalized,PASS_EXACT,10752
0,exhaustive,1443,exhaustive,0.9999999999999999,0.0,0.0,0,0.0,1.0000000000000002,192,0.0,text.bert.layer_02.norm_1.output,PASS_EXACT,10752
0,exhaustive,1444,exhaustive,0.999998610948998,0.11989212036132812,0.0026858631197336806,0,0.0,0.9999951233535505,193,0.0036329342660549884,text.bert.layer_02.ffn.linear_1.matmul,PASS_TOLERANCE,43008
0,exhaustive,1445,exhaustive,1.0000000000000002,0.0,0.0,0,0.0,0.9999999999999999,194,0.0,text.bert.layer_02.ffn.linear_1.bias_add,PASS_EXACT,43008
0,exhaustive,1446,exhaustive,1.0000000000000002,0.0,0.0,0,0.0,0.9999999999999999,195,0.0,text.bert.layer_02.ffn.gelu.input,PASS_EXACT,43008
0,op,1447,op,0.9999999999999999,0.0,0.0,0,0.0,1.0000000000000002,196,0.0,text.bert.layer_02.ffn.gelu.output,PASS_EXACT,43008
0,exhaustive,1448,exhaustive,0.9999999503277516,0.0248565673828125,0.0003878941059675916,0,0.0,0.999999950324695,197,0.0006413755865037055,text.bert.layer_02.ffn.linear_2.matmul,PASS_TOLERANCE,10752
0,exhaustive,1449,exhaustive,1.0,0.0,0.0,0,0.0,1.0,198,0.0,text.bert.layer_02.ffn.linear_2.bias_add,PASS_EXACT,10752
0,exhaustive,1450,exhaustive,0.9999999999999999,0.0,0.0,0,0.0,1.0000000000000002,199,0.0,text.bert.layer_02.residual_2.left,PASS_EXACT,10752
0,exhaustive,1451,exhaustive,1.0,0.0,0.0,0,0.0,1.0,200,0.0,text.bert.layer_02.residual_2.right,PASS_EXACT,10752
0,op,1452,op,1.0,0.0,0.0,0,0.0,1.0,201,0.0,text.bert.layer_02.residual_2.sum,PASS_EXACT,10752
0,exhaustive,1453,exhaustive,1.0,0.0,0.0,0,0.0,1.0,202,0.0,text.bert.layer_02.norm_2.input,PASS_EXACT,10752
0,exhaustive,2504,exhaustive,0.9999999999999999,0.0,0.0,0,0.0,1.0,203,0.0,text.bert.layer_02.norm_2.mean,PASS_EXACT,14
0,exhaustive,2505,exhaustive,1.0,0.0,0.0,0,0.0,1.0,204,0.0,text.bert.layer_02.norm_2.variance,PASS_EXACT,14
0,exhaustive,2506,exhaustive,1.0000000000000002,0.0,0.0,0,0.0,1.0000000000000002,205,0.0,text.bert.layer_02.norm_2.inv_std,PASS_EXACT,14
0,exhaustive,2507,exhaustive,1.0,0.0,0.0,0,0.0,1.0,206,0.0,text.bert.layer_02.norm_2.normalized,PASS_EXACT,10752
0,exhaustive,1454,exhaustive,1.0000000000000002,0.0,0.0,0,0.0,1.0000000000000002,207,0.0,text.bert.layer_02.norm_2.output,PASS_EXACT,10752
0,layer,1262,layer,1.0000000000000002,0.0,0.0,0,0.0,1.0000000000000002,208,0.0,text.bert.layer_02.output,PASS_EXACT,10752
0,layer,1455,layer,1.0000000000000002,0.0,0.0,0,0.0,1.0000000000000002,209,0.0,text.bert.layer_03.input,PASS_EXACT,10752
0,exhaustive,1456,exhaustive,0.9999986640844051,0.015275001525878906,0.0010389845754703163,0,0.0,0.9999986634240272,210,0.001607767842029476,text.bert.layer_03.attn.q_linear.matmul,PASS_TOLERANCE,10752
0,exhaustive,1457,exhaustive,0.9999999999999999,0.0,0.0,0,0.0,1.0,211,0.0,text.bert.layer_03.attn.q_linear.bias_add,PASS_EXACT,10752
0,exhaustive,1458,exhaustive,0.99999855376684,0.01549386978149414,0.0011232263611981623,0,0.0,0.9999985537168216,212,0.0018108959986475699,text.bert.layer_03.attn.k_linear.matmul,PASS_TOLERANCE,10752
0,exhaustive,1459,exhaustive,1.0,0.0,0.0,0,0.0,1.0000000000000002,213,0.0,text.bert.layer_03.attn.k_linear.bias_add,PASS_EXACT,10752
0,exhaustive,1460,exhaustive,0.9999986567139475,0.00775456428527832,0.0005528914475040178,0,0.0,0.999998657123137,214,0.0008982113719732087,text.bert.layer_03.attn.v_linear.matmul,PASS_TOLERANCE,10752
0,exhaustive,1461,exhaustive,0.9999999999999999,0.0,0.0,0,0.0,1.0000000000000002,215,0.0,text.bert.layer_03.attn.v_linear.bias_add,PASS_EXACT,10752
0,exhaustive,1462,exhaustive,0.9999999999999999,0.0,0.0,0,0.0,1.0,216,0.0,text.bert.layer_03.attn.q.reshape,PASS_EXACT,10752
0,exhaustive,1465,exhaustive,0.9999999999999999,0.0,0.0,0,0.0,1.0,217,0.0,text.bert.layer_03.attn.q.transpose,PASS_EXACT,10752
0,exhaustive,1463,exhaustive,1.0,0.0,0.0,0,0.0,1.0000000000000002,218,0.0,text.bert.layer_03.attn.k.reshape,PASS_EXACT,10752
0,exhaustive,1466,exhaustive,1.0,0.0,0.0,0,0.0,0.9999999999999999,219,0.0,text.bert.layer_03.attn.k.transpose,PASS_EXACT,10752
0,exhaustive,1464,exhaustive,0.9999999999999999,0.0,0.0,0,0.0,1.0000000000000002,220,0.0,text.bert.layer_03.attn.v.reshape,PASS_EXACT,10752
0,exhaustive,1467,exhaustive,0.9999999999999999,0.0,0.0,0,0.0,1.0,221,0.0,text.bert.layer_03.attn.v.transpose,PASS_EXACT,10752
0,exhaustive,1469,exhaustive,1.0,0.0,0.0,0,0.0,1.0,222,0.0,text.bert.layer_03.attn.k_transposed,PASS_EXACT,10752
0,op,1468,op,1.0,0.0,0.0,0,0.0,1.0,223,0.0,text.bert.layer_03.attn.qk_matmul,PASS_EXACT,2352
0,exhaustive,2921,exhaustive,1.0,0.0,0.0,0,0.0,1.0,224,0.0,text.bert.layer_03.attn.scale,PASS_EXACT,1
0,op,1470,op,1.0,0.0,0.0,0,0.0,1.0,225,0.0,text.bert.layer_03.attn.scaled_logits,PASS_EXACT,2352
0,op,1251,op,1.0,0.0,0.0,0,0.0,1.0,226,0.0,text.bert.layer_03.attn.mask,PASS_EXACT,2352
0,op,1471,op,0.9999999999999998,0.0,0.0,0,0.0,1.0000000000000002,227,0.0,text.bert.layer_03.attn.masked_logits,PASS_EXACT,2352
0,exhaustive,2732,exhaustive,1.0000000000000002,0.0,0.0,0,0.0,1.0,228,0.0,text.bert.layer_03.attn.softmax.max,PASS_EXACT,168
0,exhaustive,2733,exhaustive,0.9999999999999998,0.0,0.0,0,0.0,1.0000000000000002,229,0.0,text.bert.layer_03.attn.softmax.shifted,PASS_EXACT,2352
0,exhaustive,2734,exhaustive,1.0,5.960464477539063e-08,2.1442501651809298e-09,0,0.0,0.9999999999999999,230,8.580059258740384e-09,text.bert.layer_03.attn.softmax.exp,PASS_TOLERANCE,2352
0,exhaustive,2735,exhaustive,0.9999999999999988,4.76837158203125e-07,7.450580596923828e-08,0,0.0,0.9999999999999934,231,1.3978528260658472e-07,text.bert.layer_03.attn.softmax.sum,PASS_TOLERANCE,168
0,op,1472,op,0.9999999999999998,0.0,0.0,0,0.0,1.0000000000000002,232,0.0,text.bert.layer_03.attn.softmax.probs,PASS_EXACT,2352
0,op,1473,op,1.0,0.0,0.0,0,0.0,1.0,233,0.0,text.bert.layer_03.attn.context_heads,PASS_EXACT,10752
0,exhaustive,1474,exhaustive,1.0,0.0,0.0,0,0.0,0.9999999999999998,234,0.0,text.bert.layer_03.attn.context_transpose,PASS_EXACT,10752
0,op,1475,op,1.0,0.0,0.0,0,0.0,0.9999999999999998,235,0.0,text.bert.layer_03.attn.context_merged,PASS_EXACT,10752
0,exhaustive,1476,exhaustive,0.9999986177048489,0.0038787126541137695,0.00023856880999942188,0,0.0,0.9999986168676808,236,0.0003731389870886809,text.bert.layer_03.attn.output.matmul,PASS_TOLERANCE,10752
0,exhaustive,1477,exhaustive,1.0,0.0,0.0,0,0.0,1.0,237,0.0,text.bert.layer_03.attn.output.bias_add,PASS_EXACT,10752
0,layer,1478,layer,1.0,0.0,0.0,0,0.0,1.0,238,0.0,text.bert.layer_03.attn.output,PASS_EXACT,10752
0,exhaustive,1479,exhaustive,1.0000000000000002,0.0,0.0,0,0.0,1.0000000000000002,239,0.0,text.bert.layer_03.residual_1.left,PASS_EXACT,10752
0,exhaustive,1480,exhaustive,1.0,0.0,0.0,0,0.0,1.0,240,0.0,text.bert.layer_03.residual_1.right,PASS_EXACT,10752
0,op,1481,op,1.0000000000000002,0.0,0.0,0,0.0,0.9999999999999998,241,0.0,text.bert.layer_03.residual_1.sum,PASS_EXACT,10752
0,exhaustive,1482,exhaustive,1.0000000000000002,0.0,0.0,0,0.0,0.9999999999999998,242,0.0,text.bert.layer_03.norm_1.input,PASS_EXACT,10752
0,exhaustive,2508,exhaustive,1.0,0.0,0.0,0,0.0,1.0,243,0.0,text.bert.layer_03.norm_1.mean,PASS_EXACT,14
0,exhaustive,2509,exhaustive,1.0000000000000002,0.0,0.0,0,0.0,1.0000000000000002,244,0.0,text.bert.layer_03.norm_1.variance,PASS_EXACT,14
0,exhaustive,2510,exhaustive,0.9999999999999998,0.0,0.0,0,0.0,1.0,245,0.0,text.bert.layer_03.norm_1.inv_std,PASS_EXACT,14
0,exhaustive,2511,exhaustive,1.0,0.0,0.0,0,0.0,1.0000000000000002,246,0.0,text.bert.layer_03.norm_1.normalized,PASS_EXACT,10752
0,exhaustive,1483,exhaustive,1.0,0.0,0.0,0,0.0,1.0,247,0.0,text.bert.layer_03.norm_1.output,PASS_EXACT,10752
0,exhaustive,1484,exhaustive,0.9999986454113041,0.061798095703125,0.0027934677898104254,0,0.0,0.9999963728018166,248,0.003974358994961823,text.bert.layer_03.ffn.linear_1.matmul,PASS_TOLERANCE,43008
0,exhaustive,1485,exhaustive,0.9999999999999998,0.0,0.0,0,0.0,1.0,249,0.0,text.bert.layer_03.ffn.linear_1.bias_add,PASS_EXACT,43008
0,exhaustive,1486,exhaustive,0.9999999999999998,0.0,0.0,0,0.0,1.0,250,0.0,text.bert.layer_03.ffn.gelu.input,PASS_EXACT,43008
0,op,1487,op,1.0000000000000002,0.0,0.0,0,0.0,0.9999999999999999,251,0.0,text.bert.layer_03.ffn.gelu.output,PASS_EXACT,43008
0,exhaustive,1488,exhaustive,0.9999993502990947,0.124908447265625,0.00044612826918853985,0,0.0,0.9999993502792531,252,0.001396138915595114,text.bert.layer_03.ffn.linear_2.matmul,PASS_TOLERANCE,10752
0,exhaustive,1489,exhaustive,1.0,0.0,0.0,0,0.0,0.9999999999999999,253,0.0,text.bert.layer_03.ffn.linear_2.bias_add,PASS_EXACT,10752
0,exhaustive,1490,exhaustive,1.0,0.0,0.0,0,0.0,1.0,254,0.0,text.bert.layer_03.residual_2.left,PASS_EXACT,10752
0,exhaustive,1491,exhaustive,1.0,0.0,0.0,0,0.0,0.9999999999999999,255,0.0,text.bert.layer_03.residual_2.right,PASS_EXACT,10752
0,op,1492,op,1.0,0.0,0.0,0,0.0,1.0,256,0.0,text.bert.layer_03.residual_2.sum,PASS_EXACT,10752
0,exhaustive,1493,exhaustive,1.0,0.0,0.0,0,0.0,1.0,257,0.0,text.bert.layer_03.norm_2.input,PASS_EXACT,10752
0,exhaustive,2512,exhaustive,1.0,0.0,0.0,0,0.0,1.0,258,0.0,text.bert.layer_03.norm_2.mean,PASS_EXACT,14
0,exhaustive,2513,exhaustive,1.0000000000000002,0.0,0.0,0,0.0,1.0,259,0.0,text.bert.layer_03.norm_2.variance,PASS_EXACT,14
0,exhaustive,2514,exhaustive,0.9999999999999999,0.0,0.0,0,0.0,1.0,260,0.0,text.bert.layer_03.norm_2.inv_std,PASS_EXACT,14
0,exhaustive,2515,exhaustive,0.9999999999999998,0.0,0.0,0,0.0,1.0,261,0.0,text.bert.layer_03.norm_2.normalized,PASS_EXACT,10752
0,exhaustive,1494,exhaustive,1.0000000000000002,0.0,0.0,0,0.0,1.0,262,0.0,text.bert.layer_03.norm_2.output,PASS_EXACT,10752
0,layer,1263,layer,1.0000000000000002,0.0,0.0,0,0.0,1.0,263,0.0,text.bert.layer_03.output,PASS_EXACT,10752
0,layer,1495,layer,1.0000000000000002,0.0,0.0,0,0.0,1.0,264,0.0,text.bert.layer_04.input,PASS_EXACT,10752
0,exhaustive,1496,exhaustive,0.9999986198759809,0.014451980590820312,0.0011182617316600435,0,0.0,0.9999986200819221,265,0.001707754781693101,text.bert.layer_04.attn.q_linear.matmul,PASS_TOLERANCE,10752
0,exhaustive,1497,exhaustive,1.0,0.0,0.0,0,0.0,1.0000000000000002,266,0.0,text.bert.layer_04.attn.q_linear.bias_add,PASS_EXACT,10752
0,exhaustive,1498,exhaustive,0.9999986413111488,0.013303756713867188,0.0010423634307482558,0,0.0,0.9999986411360203,267,0.001589803794380953,text.bert.layer_04.attn.k_linear.matmul,PASS_TOLERANCE,10752
0,exhaustive,1499,exhaustive,1.0,0.0,0.0,0,0.0,1.0,268,0.0,text.bert.layer_04.attn.k_linear.bias_add,PASS_EXACT,10752
0,exhaustive,1500,exhaustive,0.9999986457524551,0.007802486419677734,0.0007246822714521494,0,0.0,0.9999986450022963,269,0.0011403570859479558,text.bert.layer_04.attn.v_linear.matmul,PASS_TOLERANCE,10752
0,exhaustive,1501,exhaustive,1.0000000000000002,0.0,0.0,0,0.0,1.0,270,0.0,text.bert.layer_04.attn.v_linear.bias_add,PASS_EXACT,10752
0,exhaustive,1502,exhaustive,1.0,0.0,0.0,0,0.0,1.0000000000000002,271,0.0,text.bert.layer_04.attn.q.reshape,PASS_EXACT,10752
0,exhaustive,1505,exhaustive,1.0,0.0,0.0,0,0.0,0.9999999999999999,272,0.0,text.bert.layer_04.attn.q.transpose,PASS_EXACT,10752
0,exhaustive,1503,exhaustive,1.0,0.0,0.0,0,0.0,1.0,273,0.0,text.bert.layer_04.attn.k.reshape,PASS_EXACT,10752
0,exhaustive,1506,exhaustive,1.0,0.0,0.0,0,0.0,0.9999999999999998,274,0.0,text.bert.layer_04.attn.k.transpose,PASS_EXACT,10752
0,exhaustive,1504,exhaustive,1.0000000000000002,0.0,0.0,0,0.0,1.0,275,0.0,text.bert.layer_04.attn.v.reshape,PASS_EXACT,10752
0,exhaustive,1507,exhaustive,1.0000000000000002,0.0,0.0,0,0.0,1.0,276,0.0,text.bert.layer_04.attn.v.transpose,PASS_EXACT,10752
0,exhaustive,1509,exhaustive,1.0,0.0,0.0,0,0.0,1.0,277,0.0,text.bert.layer_04.attn.k_transposed,PASS_EXACT,10752
0,op,1508,op,1.0000000000000002,0.0,0.0,0,0.0,1.0,278,0.0,text.bert.layer_04.attn.qk_matmul,PASS_EXACT,2352
0,exhaustive,2922,exhaustive,1.0,0.0,0.0,0,0.0,1.0,279,0.0,text.bert.layer_04.attn.scale,PASS_EXACT,1
0,op,1510,op,1.0000000000000002,0.0,0.0,0,0.0,1.0,280,0.0,text.bert.layer_04.attn.scaled_logits,PASS_EXACT,2352
0,op,1252,op,1.0,0.0,0.0,0,0.0,1.0,281,0.0,text.bert.layer_04.attn.mask,PASS_EXACT,2352
0,op,1511,op,0.9999999999999998,0.0,0.0,0,0.0,1.0000000000000002,282,0.0,text.bert.layer_04.attn.masked_logits,PASS_EXACT,2352
0,exhaustive,2736,exhaustive,0.9999999999999999,0.0,0.0,0,0.0,1.0,283,0.0,text.bert.layer_04.attn.softmax.max,PASS_EXACT,168
0,exhaustive,2737,exhaustive,0.9999999999999998,0.0,0.0,0,0.0,1.0000000000000002,284,0.0,text.bert.layer_04.attn.softmax.shifted,PASS_EXACT,2352
0,exhaustive,2738,exhaustive,0.9999999999999997,5.960464477539063e-08,1.995976221793035e-09,0,0.0,1.0,285,8.22640464614187e-09,text.bert.layer_04.attn.softmax.exp,PASS_TOLERANCE,2352
0,exhaustive,2739,exhaustive,0.9999999999999989,4.76837158203125e-07,6.670043582007999e-08,0,0.0,0.9999999999999956,286,1.184975859389311e-07,text.bert.layer_04.attn.softmax.sum,PASS_TOLERANCE,168
0,op,1512,op,1.0,0.0,0.0,0,0.0,0.9999999999999998,287,0.0,text.bert.layer_04.attn.softmax.probs,PASS_EXACT,2352
0,op,1513,op,1.0000000000000002,0.0,0.0,0,0.0,1.0,288,0.0,text.bert.layer_04.attn.context_heads,PASS_EXACT,10752
0,exhaustive,1514,exhaustive,1.0000000000000002,0.0,0.0,0,0.0,1.0000000000000002,289,0.0,text.bert.layer_04.attn.context_transpose,PASS_EXACT,10752
0,op,1515,op,1.0000000000000002,0.0,0.0,0,0.0,1.0000000000000002,290,0.0,text.bert.layer_04.attn.context_merged,PASS_EXACT,10752
0,exhaustive,1516,exhaustive,0.9999986486233933,0.007432460784912109,0.00030528066987417767,0,0.0,0.9999986486162261,291,0.000529722785828312,text.bert.layer_04.attn.output.matmul,PASS_TOLERANCE,10752
0,exhaustive,1517,exhaustive,1.0,0.0,0.0,0,0.0,1.0,292,0.0,text.bert.layer_04.attn.output.bias_add,PASS_EXACT,10752
0,layer,1518,layer,1.0,0.0,0.0,0,0.0,1.0,293,0.0,text.bert.layer_04.attn.output,PASS_EXACT,10752
0,exhaustive,1519,exhaustive,1.0000000000000002,0.0,0.0,0,0.0,1.0,294,0.0,text.bert.layer_04.residual_1.left,PASS_EXACT,10752
0,exhaustive,1520,exhaustive,1.0,0.0,0.0,0,0.0,1.0,295,0.0,text.bert.layer_04.residual_1.right,PASS_EXACT,10752
0,op,1521,op,1.0,0.0,0.0,0,0.0,1.0,296,0.0,text.bert.layer_04.residual_1.sum,PASS_EXACT,10752
0,exhaustive,1522,exhaustive,1.0,0.0,0.0,0,0.0,1.0,297,0.0,text.bert.layer_04.norm_1.input,PASS_EXACT,10752
0,exhaustive,2516,exhaustive,1.0000000000000002,0.0,0.0,0,0.0,1.0000000000000002,298,0.0,text.bert.layer_04.norm_1.mean,PASS_EXACT,14
0,exhaustive,2517,exhaustive,1.0000000000000002,0.0,0.0,0,0.0,0.9999999999999998,299,0.0,text.bert.layer_04.norm_1.variance,PASS_EXACT,14
0,exhaustive,2518,exhaustive,1.0000000000000002,0.0,0.0,0,0.0,1.0000000000000002,300,0.0,text.bert.layer_04.norm_1.inv_std,PASS_EXACT,14
0,exhaustive,2519,exhaustive,1.0,0.0,0.0,0,0.0,1.0,301,0.0,text.bert.layer_04.norm_1.normalized,PASS_EXACT,10752
0,exhaustive,1523,exhaustive,0.9999999999999999,0.0,0.0,0,0.0,0.9999999999999999,302,0.0,text.bert.layer_04.norm_1.output,PASS_EXACT,10752
0,exhaustive,1524,exhaustive,0.9999986223682209,0.11620330810546875,0.0026767124411110543,0,0.0,0.9999965480086701,303,0.003866606288883742,text.bert.layer_04.ffn.linear_1.matmul,PASS_TOLERANCE,43008
0,exhaustive,1525,exhaustive,1.0,0.0,0.0,0,0.0,1.0,304,0.0,text.bert.layer_04.ffn.linear_1.bias_add,PASS_EXACT,43008
0,exhaustive,1526,exhaustive,1.0,0.0,0.0,0,0.0,1.0,305,0.0,text.bert.layer_04.ffn.gelu.input,PASS_EXACT,43008
0,op,1527,op,0.9999999999999998,0.0,0.0,0,0.0,1.0,306,0.0,text.bert.layer_04.ffn.gelu.output,PASS_EXACT,43008
0,exhaustive,1528,exhaustive,0.9999993960558706,0.1148223876953125,0.0004907707123796475,0,0.0,0.999999396111301,307,0.0013768863517690873,text.bert.layer_04.ffn.linear_2.matmul,PASS_TOLERANCE,10752
0,exhaustive,1529,exhaustive,1.0000000000000002,0.0,0.0,0,0.0,1.0000000000000002,308,0.0,text.bert.layer_04.ffn.linear_2.bias_add,PASS_EXACT,10752
0,exhaustive,1530,exhaustive,0.9999999999999999,0.0,0.0,0,0.0,0.9999999999999999,309,0.0,text.bert.layer_04.residual_2.left,PASS_EXACT,10752
0,exhaustive,1531,exhaustive,1.0000000000000002,0.0,0.0,0,0.0,1.0000000000000002,310,0.0,text.bert.layer_04.residual_2.right,PASS_EXACT,10752
0,op,1532,op,1.0,0.0,0.0,0,0.0,1.0,311,0.0,text.bert.layer_04.residual_2.sum,PASS_EXACT,10752
0,exhaustive,1533,exhaustive,1.0,0.0,0.0,0,0.0,1.0,312,0.0,text.bert.layer_04.norm_2.input,PASS_EXACT,10752
0,exhaustive,2520,exhaustive,0.9999999999999998,0.0,0.0,0,0.0,1.0000000000000002,313,0.0,text.bert.layer_04.norm_2.mean,PASS_EXACT,14
0,exhaustive,2521,exhaustive,1.0000000000000002,0.0,0.0,0,0.0,1.0,314,0.0,text.bert.layer_04.norm_2.variance,PASS_EXACT,14
0,exhaustive,2522,exhaustive,1.0,0.0,0.0,0,0.0,1.0,315,0.0,text.bert.layer_04.norm_2.inv_std,PASS_EXACT,14
0,exhaustive,2523,exhaustive,1.0,0.0,0.0,0,0.0,0.9999999999999998,316,0.0,text.bert.layer_04.norm_2.normalized,PASS_EXACT,10752
0,exhaustive,1534,exhaustive,1.0,0.0,0.0,0,0.0,0.9999999999999999,317,0.0,text.bert.layer_04.norm_2.output,PASS_EXACT,10752
0,layer,1264,layer,1.0,0.0,0.0,0,0.0,0.9999999999999999,318,0.0,text.bert.layer_04.output,PASS_EXACT,10752
0,layer,1535,layer,1.0,0.0,0.0,0,0.0,0.9999999999999999,319,0.0,text.bert.layer_05.input,PASS_EXACT,10752
0,exhaustive,1536,exhaustive,0.9999986115258171,0.013508796691894531,0.001191978341098764,0,0.0,0.9999986117154223,320,0.0018067651333879779,text.bert.layer_05.attn.q_linear.matmul,PASS_TOLERANCE,10752
0,exhaustive,1537,exhaustive,1.0000000000000002,0.0,0.0,0,0.0,0.9999999999999999,321,0.0,text.bert.layer_05.attn.q_linear.bias_add,PASS_EXACT,10752
0,exhaustive,1538,exhaustive,0.9999986540106321,0.01443338394165039,0.0011465101169094503,0,0.0,0.9999986523257692,322,0.0017486112575022378,text.bert.layer_05.attn.k_linear.matmul,PASS_TOLERANCE,10752
0,exhaustive,1539,exhaustive,1.0000000000000002,0.0,0.0,0,0.0,1.0,323,0.0,text.bert.layer_05.attn.k_linear.bias_add,PASS_EXACT,10752
0,exhaustive,1540,exhaustive,0.9999986456494756,0.007694244384765625,0.0007670787579930524,0,0.0,0.9999986459960952,324,0.001190014609406547,text.bert.layer_05.attn.v_linear.matmul,PASS_TOLERANCE,10752
0,exhaustive,1541,exhaustive,0.9999999999999999,0.0,0.0,0,0.0,1.0000000000000002,325,0.0,text.bert.layer_05.attn.v_linear.bias_add,PASS_EXACT,10752
0,exhaustive,1542,exhaustive,1.0000000000000002,0.0,0.0,0,0.0,0.9999999999999999,326,0.0,text.bert.layer_05.attn.q.reshape,PASS_EXACT,10752
0,exhaustive,1545,exhaustive,1.0000000000000002,0.0,0.0,0,0.0,1.0,327,0.0,text.bert.layer_05.attn.q.transpose,PASS_EXACT,10752
0,exhaustive,1543,exhaustive,1.0000000000000002,0.0,0.0,0,0.0,1.0,328,0.0,text.bert.layer_05.attn.k.reshape,PASS_EXACT,10752
0,exhaustive,1546,exhaustive,1.0000000000000002,0.0,0.0,0,0.0,1.0,329,0.0,text.bert.layer_05.attn.k.transpose,PASS_EXACT,10752
0,exhaustive,1544,exhaustive,0.9999999999999999,0.0,0.0,0,0.0,1.0000000000000002,330,0.0,text.bert.layer_05.attn.v.reshape,PASS_EXACT,10752
0,exhaustive,1547,exhaustive,0.9999999999999999,0.0,0.0,0,0.0,1.0000000000000002,331,0.0,text.bert.layer_05.attn.v.transpose,PASS_EXACT,10752
0,exhaustive,1549,exhaustive,1.0000000000000002,0.0,0.0,0,0.0,1.0000000000000002,332,0.0,text.bert.layer_05.attn.k_transposed,PASS_EXACT,10752
0,op,1548,op,1.0,0.0,0.0,0,0.0,0.9999999999999998,333,0.0,text.bert.layer_05.attn.qk_matmul,PASS_EXACT,2352
0,exhaustive,2923,exhaustive,1.0,0.0,0.0,0,0.0,1.0,334,0.0,text.bert.layer_05.attn.scale,PASS_EXACT,1
0,op,1550,op,1.0,0.0,0.0,0,0.0,0.9999999999999998,335,0.0,text.bert.layer_05.attn.scaled_logits,PASS_EXACT,2352
0,op,1253,op,1.0,0.0,0.0,0,0.0,1.0,336,0.0,text.bert.layer_05.attn.mask,PASS_EXACT,2352
0,op,1551,op,0.9999999999999998,0.0,0.0,0,0.0,1.0000000000000002,337,0.0,text.bert.layer_05.attn.masked_logits,PASS_EXACT,2352
0,exhaustive,2740,exhaustive,1.0,0.0,0.0,0,0.0,0.9999999999999998,338,0.0,text.bert.layer_05.attn.softmax.max,PASS_EXACT,168
0,exhaustive,2741,exhaustive,0.9999999999999998,0.0,0.0,0,0.0,1.0000000000000002,339,0.0,text.bert.layer_05.attn.softmax.shifted,PASS_EXACT,2352
0,exhaustive,2742,exhaustive,1.0000000000000002,5.960464477539063e-08,1.1400274405521015e-09,0,0.0,1.0000000000000004,340,5.591221607141707e-09,text.bert.layer_05.attn.softmax.exp,PASS_TOLERANCE,2352
0,exhaustive,2743,exhaustive,0.9999999999999987,4.76837158203125e-07,5.747590746198382e-08,0,0.0,0.9999999999999943,341,1.01169159983576e-07,text.bert.layer_05.attn.softmax.sum,PASS_TOLERANCE,168
0,op,1552,op,1.0,0.0,0.0,0,0.0,1.0000000000000002,342,0.0,text.bert.layer_05.attn.softmax.probs,PASS_EXACT,2352
0,op,1553,op,1.0000000000000002,0.0,0.0,0,0.0,1.0,343,0.0,text.bert.layer_05.attn.context_heads,PASS_EXACT,10752
0,exhaustive,1554,exhaustive,1.0000000000000002,0.0,0.0,0,0.0,1.0000000000000002,344,0.0,text.bert.layer_05.attn.context_transpose,PASS_EXACT,10752
0,op,1555,op,1.0000000000000002,0.0,0.0,0,0.0,1.0000000000000002,345,0.0,text.bert.layer_05.attn.context_merged,PASS_EXACT,10752
0,exhaustive,1556,exhaustive,0.9999986332031202,0.007640838623046875,0.00035952576221071856,0,0.0,0.9999986331718933,346,0.000688378766502686,text.bert.layer_05.attn.output.matmul,PASS_TOLERANCE,10752
0,exhaustive,1557,exhaustive,1.0000000000000002,0.0,0.0,0,0.0,0.9999999999999999,347,0.0,text.bert.layer_05.attn.output.bias_add,PASS_EXACT,10752
0,layer,1558,layer,1.0000000000000002,0.0,0.0,0,0.0,0.9999999999999999,348,0.0,text.bert.layer_05.attn.output,PASS_EXACT,10752
0,exhaustive,1559,exhaustive,1.0,0.0,0.0,0,0.0,0.9999999999999999,349,0.0,text.bert.layer_05.residual_1.left,PASS_EXACT,10752
0,exhaustive,1560,exhaustive,1.0000000000000002,0.0,0.0,0,0.0,0.9999999999999999,350,0.0,text.bert.layer_05.residual_1.right,PASS_EXACT,10752
0,op,1561,op,1.0,0.0,0.0,0,0.0,1.0,351,0.0,text.bert.layer_05.residual_1.sum,PASS_EXACT,10752
0,exhaustive,1562,exhaustive,1.0,0.0,0.0,0,0.0,1.0,352,0.0,text.bert.layer_05.norm_1.input,PASS_EXACT,10752
0,exhaustive,2524,exhaustive,1.0,0.0,0.0,0,0.0,0.9999999999999999,353,0.0,text.bert.layer_05.norm_1.mean,PASS_EXACT,14
0,exhaustive,2525,exhaustive,0.9999999999999998,0.0,0.0,0,0.0,1.0,354,0.0,text.bert.layer_05.norm_1.variance,PASS_EXACT,14
0,exhaustive,2526,exhaustive,1.0,0.0,0.0,0,0.0,1.0,355,0.0,text.bert.layer_05.norm_1.inv_std,PASS_EXACT,14
0,exhaustive,2527,exhaustive,1.0000000000000002,0.0,0.0,0,0.0,1.0,356,0.0,text.bert.layer_05.norm_1.normalized,PASS_EXACT,10752
0,exhaustive,1563,exhaustive,1.0,0.0,0.0,0,0.0,1.0,357,0.0,text.bert.layer_05.norm_1.output,PASS_EXACT,10752
0,exhaustive,1564,exhaustive,0.9999986093163731,0.1169586181640625,0.0026541397646399545,0,0.0,0.999996377956069,358,0.003774540206141441,text.bert.layer_05.ffn.linear_1.matmul,PASS_TOLERANCE,43008
0,exhaustive,1565,exhaustive,1.0,0.0,0.0,0,0.0,0.9999999999999998,359,0.0,text.bert.layer_05.ffn.linear_1.bias_add,PASS_EXACT,43008
0,exhaustive,1566,exhaustive,1.0,0.0,0.0,0,0.0,0.9999999999999998,360,0.0,text.bert.layer_05.ffn.gelu.input,PASS_EXACT,43008
0,op,1567,op,0.9999999999999998,0.0,0.0,0,0.0,1.0,361,0.0,text.bert.layer_05.ffn.gelu.output,PASS_EXACT,43008
0,exhaustive,1568,exhaustive,0.9999985323194478,0.17357635498046875,0.00048654822750818097,0,0.0,0.9999985321814132,362,0.0018961821961769624,text.bert.layer_05.ffn.linear_2.matmul,PASS_TOLERANCE,10752
0,exhaustive,1569,exhaustive,1.0,0.0,0.0,0,0.0,1.0000000000000002,363,0.0,text.bert.layer_05.ffn.linear_2.bias_add,PASS_EXACT,10752
0,exhaustive,1570,exhaustive,1.0,0.0,0.0,0,0.0,1.0,364,0.0,text.bert.layer_05.residual_2.left,PASS_EXACT,10752
0,exhaustive,1571,exhaustive,1.0,0.0,0.0,0,0.0,1.0000000000000002,365,0.0,text.bert.layer_05.residual_2.right,PASS_EXACT,10752
0,op,1572,op,1.0,0.0,0.0,0,0.0,0.9999999999999998,366,0.0,text.bert.layer_05.residual_2.sum,PASS_EXACT,10752
0,exhaustive,1573,exhaustive,1.0,0.0,0.0,0,0.0,0.9999999999999998,367,0.0,text.bert.layer_05.norm_2.input,PASS_EXACT,10752
0,exhaustive,2528,exhaustive,0.9999999999999999,0.0,0.0,0,0.0,0.9999999999999999,368,0.0,text.bert.layer_05.norm_2.mean,PASS_EXACT,14
0,exhaustive,2529,exhaustive,1.0000000000000002,0.0,0.0,0,0.0,1.0,369,0.0,text.bert.layer_05.norm_2.variance,PASS_EXACT,14
0,exhaustive,2530,exhaustive,1.0,0.0,0.0,0,0.0,1.0000000000000002,370,0.0,text.bert.layer_05.norm_2.inv_std,PASS_EXACT,14
0,exhaustive,2531,exhaustive,1.0,0.0,0.0,0,0.0,1.0000000000000002,371,0.0,text.bert.layer_05.norm_2.normalized,PASS_EXACT,10752
0,exhaustive,1574,exhaustive,1.0,0.0,0.0,0,0.0,1.0,372,0.0,text.bert.layer_05.norm_2.output,PASS_EXACT,10752
0,layer,1265,layer,1.0,0.0,0.0,0,0.0,1.0,373,0.0,text.bert.layer_05.output,PASS_EXACT,10752
0,layer,1575,layer,1.0,0.0,0.0,0,0.0,1.0,374,0.0,text.bert.layer_06.input,PASS_EXACT,10752
0,exhaustive,1576,exhaustive,0.999998608434209,0.015460968017578125,0.0012668678225617484,0,0.0,0.9999986082543978,375,0.0019508382140334892,text.bert.layer_06.attn.q_linear.matmul,PASS_TOLERANCE,10752
0,exhaustive,1577,exhaustive,1.0,0.0,0.0,0,0.0,1.0000000000000002,376,0.0,text.bert.layer_06.attn.q_linear.bias_add,PASS_EXACT,10752
0,exhaustive,1578,exhaustive,0.9999985793783351,0.014266014099121094,0.0011958562388480502,0,0.0,0.9999985792976884,377,0.0018212568978997574,text.bert.layer_06.attn.k_linear.matmul,PASS_TOLERANCE,10752
0,exhaustive,1579,exhaustive,1.0,0.0,0.0,0,0.0,0.9999999999999999,378,0.0,text.bert.layer_06.attn.k_linear.bias_add,PASS_EXACT,10752
0,exhaustive,1580,exhaustive,0.9999986003659218,0.007717132568359375,0.0007723063978725501,0,0.0,0.9999986001202147,379,0.0012238410508831341,text.bert.layer_06.attn.v_linear.matmul,PASS_TOLERANCE,10752
0,exhaustive,1581,exhaustive,1.0000000000000002,0.0,0.0,0,0.0,1.0000000000000002,380,0.0,text.bert.layer_06.attn.v_linear.bias_add,PASS_EXACT,10752
0,exhaustive,1582,exhaustive,1.0,0.0,0.0,0,0.0,1.0000000000000002,381,0.0,text.bert.layer_06.attn.q.reshape,PASS_EXACT,10752
0,exhaustive,1585,exhaustive,1.0,0.0,0.0,0,0.0,1.0,382,0.0,text.bert.layer_06.attn.q.transpose,PASS_EXACT,10752
0,exhaustive,1583,exhaustive,1.0,0.0,0.0,0,0.0,0.9999999999999999,383,0.0,text.bert.layer_06.attn.k.reshape,PASS_EXACT,10752
0,exhaustive,1586,exhaustive,1.0,0.0,0.0,0,0.0,1.0,384,0.0,text.bert.layer_06.attn.k.transpose,PASS_EXACT,10752
0,exhaustive,1584,exhaustive,1.0000000000000002,0.0,0.0,0,0.0,1.0000000000000002,385,0.0,text.bert.layer_06.attn.v.reshape,PASS_EXACT,10752
0,exhaustive,1587,exhaustive,1.0000000000000002,0.0,0.0,0,0.0,1.0000000000000002,386,0.0,text.bert.layer_06.attn.v.transpose,PASS_EXACT,10752
0,exhaustive,1589,exhaustive,1.0,0.0,0.0,0,0.0,1.0,387,0.0,text.bert.layer_06.attn.k_transposed,PASS_EXACT,10752
0,op,1588,op,0.9999999999999999,0.0,0.0,0,0.0,1.0,388,0.0,text.bert.layer_06.attn.qk_matmul,PASS_EXACT,2352
0,exhaustive,2924,exhaustive,1.0,0.0,0.0,0,0.0,1.0,389,0.0,text.bert.layer_06.attn.scale,PASS_EXACT,1
0,op,1590,op,0.9999999999999999,0.0,0.0,0,0.0,1.0,390,0.0,text.bert.layer_06.attn.scaled_logits,PASS_EXACT,2352
0,op,1254,op,1.0,0.0,0.0,0,0.0,1.0,391,0.0,text.bert.layer_06.attn.mask,PASS_EXACT,2352
0,op,1591,op,0.9999999999999998,0.0,0.0,0,0.0,1.0000000000000002,392,0.0,text.bert.layer_06.attn.masked_logits,PASS_EXACT,2352
0,exhaustive,2744,exhaustive,1.0,0.0,0.0,0,0.0,1.0,393,0.0,text.bert.layer_06.attn.softmax.max,PASS_EXACT,168
0,exhaustive,2745,exhaustive,0.9999999999999998,0.0,0.0,0,0.0,1.0000000000000002,394,0.0,text.bert.layer_06.attn.softmax.shifted,PASS_EXACT,2352
0,exhaustive,2746,exhaustive,1.0,5.960464477539063e-08,1.2119620137406057e-09,0,0.0,1.0000000000000009,395,5.7673171648593615e-09,text.bert.layer_06.attn.softmax.exp,PASS_TOLERANCE,2352
0,exhaustive,2747,exhaustive,0.9999999999999972,7.152557373046875e-07,7.09579104468936e-08,0,0.0,0.9999999999999848,396,1.3517062890859624e-07,text.bert.layer_06.attn.softmax.sum,PASS_TOLERANCE,168
0,op,1592,op,1.0,0.0,0.0,0,0.0,0.9999999999999999,397,0.0,text.bert.layer_06.attn.softmax.probs,PASS_EXACT,2352
0,op,1593,op,1.0000000000000002,0.0,0.0,0,0.0,0.9999999999999999,398,0.0,text.bert.layer_06.attn.context_heads,PASS_EXACT,10752
0,exhaustive,1594,exhaustive,1.0000000000000002,0.0,0.0,0,0.0,0.9999999999999999,399,0.0,text.bert.layer_06.attn.context_transpose,PASS_EXACT,10752
0,op,1595,op,1.0000000000000002,0.0,0.0,0,0.0,0.9999999999999999,400,0.0,text.bert.layer_06.attn.context_merged,PASS_EXACT,10752
0,exhaustive,1596,exhaustive,0.9999985854912463,0.007748603820800781,0.00036793047909322054,0,0.0,0.9999985856066362,401,0.0006889282700563301,text.bert.layer_06.attn.output.matmul,PASS_TOLERANCE,10752
0,exhaustive,1597,exhaustive,1.0,0.0,0.0,0,0.0,0.9999999999999999,402,0.0,text.bert.layer_06.attn.output.bias_add,PASS_EXACT,10752
0,layer,1598,layer,1.0,0.0,0.0,0,0.0,0.9999999999999999,403,0.0,text.bert.layer_06.attn.output,PASS_EXACT,10752
0,exhaustive,1599,exhaustive,1.0,0.0,0.0,0,0.0,1.0,404,0.0,text.bert.layer_06.residual_1.left,PASS_EXACT,10752
0,exhaustive,1600,exhaustive,1.0,0.0,0.0,0,0.0,0.9999999999999999,405,0.0,text.bert.layer_06.residual_1.right,PASS_EXACT,10752
0,op,1601,op,1.0,0.0,0.0,0,0.0,1.0000000000000002,406,0.0,text.bert.layer_06.residual_1.sum,PASS_EXACT,10752
0,exhaustive,1602,exhaustive,1.0,0.0,0.0,0,0.0,1.0000000000000002,407,0.0,text.bert.layer_06.norm_1.input,PASS_EXACT,10752
0,exhaustive,2532,exhaustive,1.0,0.0,0.0,0,0.0,1.0000000000000002,408,0.0,text.bert.layer_06.norm_1.mean,PASS_EXACT,14
0,exhaustive,2533,exhaustive,1.0,0.0,0.0,0,0.0,0.9999999999999999,409,0.0,text.bert.layer_06.norm_1.variance,PASS_EXACT,14
0,exhaustive,2534,exhaustive,1.0000000000000002,0.0,0.0,0,0.0,0.9999999999999999,410,0.0,text.bert.layer_06.norm_1.inv_std,PASS_EXACT,14
0,exhaustive,2535,exhaustive,1.0,0.0,0.0,0,0.0,1.0,411,0.0,text.bert.layer_06.norm_1.normalized,PASS_EXACT,10752
0,exhaustive,1603,exhaustive,1.0,0.0,0.0,0,0.0,0.9999999999999998,412,0.0,text.bert.layer_06.norm_1.output,PASS_EXACT,10752
0,exhaustive,1604,exhaustive,0.9999986541268957,0.030203819274902344,0.002609573556106798,0,0.0,0.9999957048098214,413,0.003555969921177531,text.bert.layer_06.ffn.linear_1.matmul,PASS_TOLERANCE,43008
0,exhaustive,1605,exhaustive,1.0000000000000002,0.0,0.0,0,0.0,1.0,414,0.0,text.bert.layer_06.ffn.linear_1.bias_add,PASS_EXACT,43008
0,exhaustive,1606,exhaustive,1.0000000000000002,0.0,0.0,0,0.0,1.0,415,0.0,text.bert.layer_06.ffn.gelu.input,PASS_EXACT,43008
0,op,1607,op,1.0,0.0,0.0,0,0.0,0.9999999999999998,416,0.0,text.bert.layer_06.ffn.gelu.output,PASS_EXACT,43008
0,exhaustive,1608,exhaustive,0.9999992489902634,0.04399871826171875,0.00036787667305101683,0,0.0,0.999999248968921,417,0.0007040936731295649,text.bert.layer_06.ffn.linear_2.matmul,PASS_TOLERANCE,10752
0,exhaustive,1609,exhaustive,1.0000000000000002,0.0,0.0,0,0.0,1.0,418,0.0,text.bert.layer_06.ffn.linear_2.bias_add,PASS_EXACT,10752
0,exhaustive,1610,exhaustive,1.0,0.0,0.0,0,0.0,0.9999999999999998,419,0.0,text.bert.layer_06.residual_2.left,PASS_EXACT,10752
0,exhaustive,1611,exhaustive,1.0000000000000002,0.0,0.0,0,0.0,1.0,420,0.0,text.bert.layer_06.residual_2.right,PASS_EXACT,10752
0,op,1612,op,0.9999999999999999,0.0,0.0,0,0.0,1.0000000000000002,421,0.0,text.bert.layer_06.residual_2.sum,PASS_EXACT,10752
0,exhaustive,1613,exhaustive,0.9999999999999999,0.0,0.0,0,0.0,1.0000000000000002,422,0.0,text.bert.layer_06.norm_2.input,PASS_EXACT,10752
0,exhaustive,2536,exhaustive,1.0,0.0,0.0,0,0.0,0.9999999999999999,423,0.0,text.bert.layer_06.norm_2.mean,PASS_EXACT,14
0,exhaustive,2537,exhaustive,1.0,0.0,0.0,0,0.0,1.0000000000000002,424,0.0,text.bert.layer_06.norm_2.variance,PASS_EXACT,14
0,exhaustive,2538,exhaustive,0.9999999999999999,0.0,0.0,0,0.0,1.0000000000000002,425,0.0,text.bert.layer_06.norm_2.inv_std,PASS_EXACT,14
0,exhaustive,2539,exhaustive,1.0000000000000002,0.0,0.0,0,0.0,1.0,426,0.0,text.bert.layer_06.norm_2.normalized,PASS_EXACT,10752
0,exhaustive,1614,exhaustive,1.0000000000000002,0.0,0.0,0,0.0,1.0,427,0.0,text.bert.layer_06.norm_2.output,PASS_EXACT,10752
0,layer,1266,layer,1.0000000000000002,0.0,0.0,0,0.0,1.0,428,0.0,text.bert.layer_06.output,PASS_EXACT,10752
0,layer,1615,layer,1.0000000000000002,0.0,0.0,0,0.0,1.0,429,0.0,text.bert.layer_07.input,PASS_EXACT,10752
0,exhaustive,1616,exhaustive,0.9999986514936915,0.014800548553466797,0.0011953823229435198,0,0.0,0.9999986500723762,430,0.0018257910468902703,text.bert.layer_07.attn.q_linear.matmul,PASS_TOLERANCE,10752
0,exhaustive,1617,exhaustive,1.0000000000000002,0.0,0.0,0,0.0,1.0,431,0.0,text.bert.layer_07.attn.q_linear.bias_add,PASS_EXACT,10752
0,exhaustive,1618,exhaustive,0.9999986303884748,0.012509346008300781,0.001151585160446952,0,0.0,0.9999986303922126,432,0.0017394210577067733,text.bert.layer_07.attn.k_linear.matmul,PASS_TOLERANCE,10752
0,exhaustive,1619,exhaustive,1.0,0.0,0.0,0,0.0,1.0,433,0.0,text.bert.layer_07.attn.k_linear.bias_add,PASS_EXACT,10752
0,exhaustive,1620,exhaustive,0.9999986619607913,0.0074846744537353516,0.0006444437127313341,0,0.0,0.9999986609620266,434,0.0010018072490619887,text.bert.layer_07.attn.v_linear.matmul,PASS_TOLERANCE,10752
0,exhaustive,1621,exhaustive,1.0,0.0,0.0,0,0.0,1.0000000000000002,435,0.0,text.bert.layer_07.attn.v_linear.bias_add,PASS_EXACT,10752
0,exhaustive,1622,exhaustive,1.0000000000000002,0.0,0.0,0,0.0,1.0,436,0.0,text.bert.layer_07.attn.q.reshape,PASS_EXACT,10752
0,exhaustive,1625,exhaustive,1.0000000000000002,0.0,0.0,0,0.0,1.0,437,0.0,text.bert.layer_07.attn.q.transpose,PASS_EXACT,10752
0,exhaustive,1623,exhaustive,1.0,0.0,0.0,0,0.0,1.0,438,0.0,text.bert.layer_07.attn.k.reshape,PASS_EXACT,10752
0,exhaustive,1626,exhaustive,1.0,0.0,0.0,0,0.0,1.0000000000000002,439,0.0,text.bert.layer_07.attn.k.transpose,PASS_EXACT,10752
0,exhaustive,1624,exhaustive,1.0,0.0,0.0,0,0.0,1.0000000000000002,440,0.0,text.bert.layer_07.attn.v.reshape,PASS_EXACT,10752
0,exhaustive,1627,exhaustive,1.0,0.0,0.0,0,0.0,1.0000000000000002,441,0.0,text.bert.layer_07.attn.v.transpose,PASS_EXACT,10752
0,exhaustive,1629,exhaustive,1.0,0.0,0.0,0,0.0,1.0,442,0.0,text.bert.layer_07.attn.k_transposed,PASS_EXACT,10752
0,op,1628,op,1.0,0.0,0.0,0,0.0,1.0,443,0.0,text.bert.layer_07.attn.qk_matmul,PASS_EXACT,2352
0,exhaustive,2925,exhaustive,1.0,0.0,0.0,0,0.0,1.0,444,0.0,text.bert.layer_07.attn.scale,PASS_EXACT,1
0,op,1630,op,1.0,0.0,0.0,0,0.0,1.0,445,0.0,text.bert.layer_07.attn.scaled_logits,PASS_EXACT,2352
0,op,1255,op,1.0,0.0,0.0,0,0.0,1.0,446,0.0,text.bert.layer_07.attn.mask,PASS_EXACT,2352
0,op,1631,op,0.9999999999999998,0.0,0.0,0,0.0,1.0000000000000002,447,0.0,text.bert.layer_07.attn.masked_logits,PASS_EXACT,2352
0,exhaustive,2748,exhaustive,1.0,0.0,0.0,0,0.0,1.0,448,0.0,text.bert.layer_07.attn.softmax.max,PASS_EXACT,168
0,exhaustive,2749,exhaustive,0.9999999999999998,0.0,0.0,0,0.0,1.0000000000000002,449,0.0,text.bert.layer_07.attn.softmax.shifted,PASS_EXACT,2352
0,exhaustive,2750,exhaustive,1.0,5.960464477539063e-08,1.0470662160440376e-09,0,0.0,0.9999999999999999,450,5.295496374073869e-09,text.bert.layer_07.attn.softmax.exp,PASS_TOLERANCE,2352
0,exhaustive,2751,exhaustive,0.9999999999999981,4.76837158203125e-07,6.386211940220424e-08,0,0.0,0.9999999999999907,451,1.1778158188573762e-07,text.bert.layer_07.attn.softmax.sum,PASS_TOLERANCE,168
0,op,1632,op,1.0,0.0,0.0,0,0.0,1.0000000000000002,452,0.0,text.bert.layer_07.attn.softmax.probs,PASS_EXACT,2352
0,op,1633,op,1.0,0.0,0.0,0,0.0,1.0000000000000002,453,0.0,text.bert.layer_07.attn.context_heads,PASS_EXACT,10752
0,exhaustive,1634,exhaustive,1.0,0.0,0.0,0,0.0,1.0,454,0.0,text.bert.layer_07.attn.context_transpose,PASS_EXACT,10752
0,op,1635,op,1.0,0.0,0.0,0,0.0,1.0,455,0.0,text.bert.layer_07.attn.context_merged,PASS_EXACT,10752
0,exhaustive,1636,exhaustive,0.9999985659887917,0.007099151611328125,0.0002876288772962913,0,0.0,0.999998566179358,456,0.0004963972890040934,text.bert.layer_07.attn.output.matmul,PASS_TOLERANCE,10752
0,exhaustive,1637,exhaustive,1.0000000000000002,0.0,0.0,0,0.0,1.0000000000000002,457,0.0,text.bert.layer_07.attn.output.bias_add,PASS_EXACT,10752
0,layer,1638,layer,1.0000000000000002,0.0,0.0,0,0.0,1.0000000000000002,458,0.0,text.bert.layer_07.attn.output,PASS_EXACT,10752
0,exhaustive,1639,exhaustive,1.0000000000000002,0.0,0.0,0,0.0,1.0,459,0.0,text.bert.layer_07.residual_1.left,PASS_EXACT,10752
0,exhaustive,1640,exhaustive,1.0000000000000002,0.0,0.0,0,0.0,1.0000000000000002,460,0.0,text.bert.layer_07.residual_1.right,PASS_EXACT,10752
0,op,1641,op,0.9999999999999999,0.0,0.0,0,0.0,0.9999999999999999,461,0.0,text.bert.layer_07.residual_1.sum,PASS_EXACT,10752
0,exhaustive,1642,exhaustive,0.9999999999999999,0.0,0.0,0,0.0,0.9999999999999999,462,0.0,text.bert.layer_07.norm_1.input,PASS_EXACT,10752
0,exhaustive,2540,exhaustive,1.0000000000000002,0.0,0.0,0,0.0,1.0000000000000002,463,0.0,text.bert.layer_07.norm_1.mean,PASS_EXACT,14
0,exhaustive,2541,exhaustive,1.0,0.0,0.0,0,0.0,1.0,464,0.0,text.bert.layer_07.norm_1.variance,PASS_EXACT,14
0,exhaustive,2542,exhaustive,1.0,0.0,0.0,0,0.0,1.0,465,0.0,text.bert.layer_07.norm_1.inv_std,PASS_EXACT,14
0,exhaustive,2543,exhaustive,1.0000000000000002,0.0,0.0,0,0.0,0.9999999999999998,466,0.0,text.bert.layer_07.norm_1.normalized,PASS_EXACT,10752
0,exhaustive,1643,exhaustive,0.9999999999999998,0.0,0.0,0,0.0,1.0000000000000002,467,0.0,text.bert.layer_07.norm_1.output,PASS_EXACT,10752
0,exhaustive,1644,exhaustive,0.9999986253807659,0.02946186065673828,0.0023710490295776425,0,0.0,0.9999956616148504,468,0.0032134918447063662,text.bert.layer_07.ffn.linear_1.matmul,PASS_TOLERANCE,43008
0,exhaustive,1645,exhaustive,1.0,0.0,0.0,0,0.0,0.9999999999999999,469,0.0,text.bert.layer_07.ffn.linear_1.bias_add,PASS_EXACT,43008
0,exhaustive,1646,exhaustive,1.0,0.0,0.0,0,0.0,0.9999999999999999,470,0.0,text.bert.layer_07.ffn.gelu.input,PASS_EXACT,43008
0,op,1647,op,0.9999999999999998,0.0,0.0,0,0.0,1.0000000000000002,471,0.0,text.bert.layer_07.ffn.gelu.output,PASS_EXACT,43008
0,exhaustive,1648,exhaustive,0.9999986237528136,0.019074440002441406,0.00038409150370387666,0,0.0,0.9999986237800529,472,0.0006224757702066229,text.bert.layer_07.ffn.linear_2.matmul,PASS_TOLERANCE,10752
0,exhaustive,1649,exhaustive,1.0,0.0,0.0,0,0.0,1.0000000000000002,473,0.0,text.bert.layer_07.ffn.linear_2.bias_add,PASS_EXACT,10752
0,exhaustive,1650,exhaustive,0.9999999999999998,0.0,0.0,0,0.0,1.0000000000000002,474,0.0,text.bert.layer_07.residual_2.left,PASS_EXACT,10752
0,exhaustive,1651,exhaustive,1.0,0.0,0.0,0,0.0,1.0000000000000002,475,0.0,text.bert.layer_07.residual_2.right,PASS_EXACT,10752
0,op,1652,op,1.0000000000000002,0.0,0.0,0,0.0,1.0000000000000002,476,0.0,text.bert.layer_07.residual_2.sum,PASS_EXACT,10752
0,exhaustive,1653,exhaustive,1.0000000000000002,0.0,0.0,0,0.0,1.0000000000000002,477,0.0,text.bert.layer_07.norm_2.input,PASS_EXACT,10752
0,exhaustive,2544,exhaustive,1.0000000000000002,0.0,0.0,0,0.0,1.0,478,0.0,text.bert.layer_07.norm_2.mean,PASS_EXACT,14
0,exhaustive,2545,exhaustive,1.0,0.0,0.0,0,0.0,1.0,479,0.0,text.bert.layer_07.norm_2.variance,PASS_EXACT,14
0,exhaustive,2546,exhaustive,1.0,0.0,0.0,0,0.0,1.0,480,0.0,text.bert.layer_07.norm_2.inv_std,PASS_EXACT,14
0,exhaustive,2547,exhaustive,1.0,0.0,0.0,0,0.0,1.0000000000000002,481,0.0,text.bert.layer_07.norm_2.normalized,PASS_EXACT,10752
0,exhaustive,1654,exhaustive,0.9999999999999998,0.0,0.0,0,0.0,1.0,482,0.0,text.bert.layer_07.norm_2.output,PASS_EXACT,10752
0,layer,1267,layer,0.9999999999999998,0.0,0.0,0,0.0,1.0,483,0.0,text.bert.layer_07.output,PASS_EXACT,10752
0,layer,1655,layer,0.9999999999999998,0.0,0.0,0,0.0,1.0,484,0.0,text.bert.layer_08.input,PASS_EXACT,10752
0,exhaustive,1656,exhaustive,0.9999986202357117,0.01409912109375,0.0011620965495759655,0,0.0,0.9999986199914701,485,0.0017650375748127708,text.bert.layer_08.attn.q_linear.matmul,PASS_TOLERANCE,10752
0,exhaustive,1657,exhaustive,1.0000000000000002,0.0,0.0,0,0.0,1.0000000000000002,486,0.0,text.bert.layer_08.attn.q_linear.bias_add,PASS_EXACT,10752
0,exhaustive,1658,exhaustive,0.9999985953153449,0.015446186065673828,0.0011366630923519204,0,0.0,0.9999985949950546,487,0.0017309278431501198,text.bert.layer_08.attn.k_linear.matmul,PASS_TOLERANCE,10752
0,exhaustive,1659,exhaustive,0.9999999999999999,0.0,0.0,0,0.0,1.0,488,0.0,text.bert.layer_08.attn.k_linear.bias_add,PASS_EXACT,10752
0,exhaustive,1660,exhaustive,0.9999986400636134,0.014729976654052734,0.000724448290644172,0,0.0,0.9999986405957797,489,0.0011274607201974156,text.bert.layer_08.attn.v_linear.matmul,PASS_TOLERANCE,10752
0,exhaustive,1661,exhaustive,0.9999999999999998,0.0,0.0,0,0.0,1.0000000000000002,490,0.0,text.bert.layer_08.attn.v_linear.bias_add,PASS_EXACT,10752
0,exhaustive,1662,exhaustive,1.0000000000000002,0.0,0.0,0,0.0,1.0000000000000002,491,0.0,text.bert.layer_08.attn.q.reshape,PASS_EXACT,10752
0,exhaustive,1665,exhaustive,1.0000000000000002,0.0,0.0,0,0.0,1.0,492,0.0,text.bert.layer_08.attn.q.transpose,PASS_EXACT,10752
0,exhaustive,1663,exhaustive,0.9999999999999999,0.0,0.0,0,0.0,1.0,493,0.0,text.bert.layer_08.attn.k.reshape,PASS_EXACT,10752
0,exhaustive,1666,exhaustive,0.9999999999999999,0.0,0.0,0,0.0,1.0,494,0.0,text.bert.layer_08.attn.k.transpose,PASS_EXACT,10752
0,exhaustive,1664,exhaustive,0.9999999999999998,0.0,0.0,0,0.0,1.0000000000000002,495,0.0,text.bert.layer_08.attn.v.reshape,PASS_EXACT,10752
0,exhaustive,1667,exhaustive,0.9999999999999998,0.0,0.0,0,0.0,1.0,496,0.0,text.bert.layer_08.attn.v.transpose,PASS_EXACT,10752
0,exhaustive,1669,exhaustive,0.9999999999999999,0.0,0.0,0,0.0,1.0,497,0.0,text.bert.layer_08.attn.k_transposed,PASS_EXACT,10752
0,op,1668,op,1.0,0.0,0.0,0,0.0,1.0000000000000002,498,0.0,text.bert.layer_08.attn.qk_matmul,PASS_EXACT,2352
0,exhaustive,2926,exhaustive,1.0,0.0,0.0,0,0.0,1.0,499,0.0,text.bert.layer_08.attn.scale,PASS_EXACT,1
0,op,1670,op,1.0,0.0,0.0,0,0.0,1.0000000000000002,500,0.0,text.bert.layer_08.attn.scaled_logits,PASS_EXACT,2352
0,op,1256,op,1.0,0.0,0.0,0,0.0,1.0,501,0.0,text.bert.layer_08.attn.mask,PASS_EXACT,2352
0,op,1671,op,0.9999999999999998,0.0,0.0,0,0.0,1.0000000000000002,502,0.0,text.bert.layer_08.attn.masked_logits,PASS_EXACT,2352
0,exhaustive,2752,exhaustive,1.0,0.0,0.0,0,0.0,1.0,503,0.0,text.bert.layer_08.attn.softmax.max,PASS_EXACT,168
0,exhaustive,2753,exhaustive,0.9999999999999998,0.0,0.0,0,0.0,1.0000000000000002,504,0.0,text.bert.layer_08.attn.softmax.shifted,PASS_EXACT,2352
0,exhaustive,2754,exhaustive,0.9999999999999997,5.960464477539063e-08,1.6769705684562563e-09,0,0.0,1.0000000000000004,505,7.022223776700556e-09,text.bert.layer_08.attn.softmax.exp,PASS_TOLERANCE,2352
0,exhaustive,2755,exhaustive,0.9999999999999984,4.76837158203125e-07,5.960464477539063e-08,0,0.0,0.9999999999999933,506,1.2201459782580351e-07,text.bert.layer_08.attn.softmax.sum,PASS_TOLERANCE,168
0,op,1672,op,1.0000000000000002,0.0,0.0,0,0.0,1.0,507,0.0,text.bert.layer_08.attn.softmax.probs,PASS_EXACT,2352
0,op,1673,op,1.0,0.0,0.0,0,0.0,1.0000000000000002,508,0.0,text.bert.layer_08.attn.context_heads,PASS_EXACT,10752
0,exhaustive,1674,exhaustive,1.0,0.0,0.0,0,0.0,1.0000000000000002,509,0.0,text.bert.layer_08.attn.context_transpose,PASS_EXACT,10752
0,op,1675,op,1.0,0.0,0.0,0,0.0,1.0000000000000002,510,0.0,text.bert.layer_08.attn.context_merged,PASS_EXACT,10752
0,exhaustive,1676,exhaustive,0.9999986330917676,0.005293369293212891,0.0003161905219821208,0,0.0,0.9999986330869056,511,0.0005270686580532643,text.bert.layer_08.attn.output.matmul,PASS_TOLERANCE,10752
0,exhaustive,1677,exhaustive,1.0000000000000002,0.0,0.0,0,0.0,1.0000000000000002,512,0.0,text.bert.layer_08.attn.output.bias_add,PASS_EXACT,10752
0,layer,1678,layer,1.0000000000000002,0.0,0.0,0,0.0,1.0000000000000002,513,0.0,text.bert.layer_08.attn.output,PASS_EXACT,10752
0,exhaustive,1679,exhaustive,0.9999999999999998,0.0,0.0,0,0.0,1.0,514,0.0,text.bert.layer_08.residual_1.left,PASS_EXACT,10752
0,exhaustive,1680,exhaustive,1.0000000000000002,0.0,0.0,0,0.0,1.0000000000000002,515,0.0,text.bert.layer_08.residual_1.right,PASS_EXACT,10752
0,op,1681,op,1.0,0.0,0.0,0,0.0,1.0000000000000002,516,0.0,text.bert.layer_08.residual_1.sum,PASS_EXACT,10752
0,exhaustive,1682,exhaustive,1.0,0.0,0.0,0,0.0,1.0000000000000002,517,0.0,text.bert.layer_08.norm_1.input,PASS_EXACT,10752
0,exhaustive,2548,exhaustive,0.9999999999999998,0.0,0.0,0,0.0,1.0,518,0.0,text.bert.layer_08.norm_1.mean,PASS_EXACT,14
0,exhaustive,2549,exhaustive,1.0,0.0,0.0,0,0.0,0.9999999999999999,519,0.0,text.bert.layer_08.norm_1.variance,PASS_EXACT,14
0,exhaustive,2550,exhaustive,1.0,0.0,0.0,0,0.0,1.0,520,0.0,text.bert.layer_08.norm_1.inv_std,PASS_EXACT,14
0,exhaustive,2551,exhaustive,1.0,0.0,0.0,0,0.0,0.9999999999999998,521,0.0,text.bert.layer_08.norm_1.normalized,PASS_EXACT,10752
0,exhaustive,1683,exhaustive,1.0,0.0,0.0,0,0.0,1.0000000000000002,522,0.0,text.bert.layer_08.norm_1.output,PASS_EXACT,10752
0,exhaustive,1684,exhaustive,0.9999986312856264,0.047428131103515625,0.002444064889936098,0,0.0,0.9999953632032407,523,0.0032812094108433678,text.bert.layer_08.ffn.linear_1.matmul,PASS_TOLERANCE,43008
0,exhaustive,1685,exhaustive,1.0,0.0,0.0,0,0.0,0.9999999999999999,524,0.0,text.bert.layer_08.ffn.linear_1.bias_add,PASS_EXACT,43008
0,exhaustive,1686,exhaustive,1.0,0.0,0.0,0,0.0,0.9999999999999999,525,0.0,text.bert.layer_08.ffn.gelu.input,PASS_EXACT,43008
0,op,1687,op,1.0,0.0,0.0,0,0.0,1.0000000000000002,526,0.0,text.bert.layer_08.ffn.gelu.output,PASS_EXACT,43008
0,exhaustive,1688,exhaustive,0.9999986224383602,0.01726818084716797,0.00039389862387820143,0,0.0,0.9999986226416665,527,0.0006510326701289436,text.bert.layer_08.ffn.linear_2.matmul,PASS_TOLERANCE,10752
0,exhaustive,1689,exhaustive,1.0000000000000002,0.0,0.0,0,0.0,0.9999999999999999,528,0.0,text.bert.layer_08.ffn.linear_2.bias_add,PASS_EXACT,10752
0,exhaustive,1690,exhaustive,1.0,0.0,0.0,0,0.0,1.0000000000000002,529,0.0,text.bert.layer_08.residual_2.left,PASS_EXACT,10752
0,exhaustive,1691,exhaustive,1.0000000000000002,0.0,0.0,0,0.0,0.9999999999999999,530,0.0,text.bert.layer_08.residual_2.right,PASS_EXACT,10752
0,op,1692,op,1.0000000000000002,0.0,0.0,0,0.0,1.0,531,0.0,text.bert.layer_08.residual_2.sum,PASS_EXACT,10752
0,exhaustive,1693,exhaustive,1.0000000000000002,0.0,0.0,0,0.0,1.0,532,0.0,text.bert.layer_08.norm_2.input,PASS_EXACT,10752
0,exhaustive,2552,exhaustive,1.0,0.0,0.0,0,0.0,1.0,533,0.0,text.bert.layer_08.norm_2.mean,PASS_EXACT,14
0,exhaustive,2553,exhaustive,1.0,0.0,0.0,0,0.0,0.9999999999999999,534,0.0,text.bert.layer_08.norm_2.variance,PASS_EXACT,14
0,exhaustive,2554,exhaustive,1.0000000000000002,0.0,0.0,0,0.0,1.0,535,0.0,text.bert.layer_08.norm_2.inv_std,PASS_EXACT,14
0,exhaustive,2555,exhaustive,1.0,0.0,0.0,0,0.0,1.0,536,0.0,text.bert.layer_08.norm_2.normalized,PASS_EXACT,10752
0,exhaustive,1694,exhaustive,1.0000000000000002,0.0,0.0,0,0.0,1.0000000000000002,537,0.0,text.bert.layer_08.norm_2.output,PASS_EXACT,10752
0,layer,1268,layer,1.0000000000000002,0.0,0.0,0,0.0,1.0000000000000002,538,0.0,text.bert.layer_08.output,PASS_EXACT,10752
0,layer,1695,layer,1.0000000000000002,0.0,0.0,0,0.0,1.0000000000000002,539,0.0,text.bert.layer_09.input,PASS_EXACT,10752
0,exhaustive,1696,exhaustive,0.999998599264825,0.015265464782714844,0.0011249113738033753,0,0.0,0.9999985988358628,540,0.0017407018803143762,text.bert.layer_09.attn.q_linear.matmul,PASS_TOLERANCE,10752
0,exhaustive,1697,exhaustive,1.0000000000000002,0.0,0.0,0,0.0,1.0,541,0.0,text.bert.layer_09.attn.q_linear.bias_add,PASS_EXACT,10752
0,exhaustive,1698,exhaustive,0.9999986695712914,0.01090383529663086,0.001137327981701847,0,0.0,0.9999986695626811,542,0.0016976767300935054,text.bert.layer_09.attn.k_linear.matmul,PASS_TOLERANCE,10752
0,exhaustive,1699,exhaustive,1.0,0.0,0.0,0,0.0,1.0,543,0.0,text.bert.layer_09.attn.k_linear.bias_add,PASS_EXACT,10752
0,exhaustive,1700,exhaustive,0.9999986272123224,0.007772922515869141,0.0006639791284518045,0,0.0,0.9999986259610214,544,0.0010402925799803918,text.bert.layer_09.attn.v_linear.matmul,PASS_TOLERANCE,10752
0,exhaustive,1701,exhaustive,0.9999999999999998,0.0,0.0,0,0.0,1.0,545,0.0,text.bert.layer_09.attn.v_linear.bias_add,PASS_EXACT,10752
0,exhaustive,1702,exhaustive,1.0000000000000002,0.0,0.0,0,0.0,1.0,546,0.0,text.bert.layer_09.attn.q.reshape,PASS_EXACT,10752
0,exhaustive,1705,exhaustive,1.0000000000000002,0.0,0.0,0,0.0,1.0,547,0.0,text.bert.layer_09.attn.q.transpose,PASS_EXACT,10752
0,exhaustive,1703,exhaustive,1.0,0.0,0.0,0,0.0,1.0,548,0.0,text.bert.layer_09.attn.k.reshape,PASS_EXACT,10752
0,exhaustive,1706,exhaustive,1.0,0.0,0.0,0,0.0,0.9999999999999999,549,0.0,text.bert.layer_09.attn.k.transpose,PASS_EXACT,10752
0,exhaustive,1704,exhaustive,0.9999999999999998,0.0,0.0,0,0.0,1.0,550,0.0,text.bert.layer_09.attn.v.reshape,PASS_EXACT,10752
0,exhaustive,1707,exhaustive,0.9999999999999998,0.0,0.0,0,0.0,1.0,551,0.0,text.bert.layer_09.attn.v.transpose,PASS_EXACT,10752
0,exhaustive,1709,exhaustive,1.0,0.0,0.0,0,0.0,1.0,552,0.0,text.bert.layer_09.attn.k_transposed,PASS_EXACT,10752
0,op,1708,op,1.0,0.0,0.0,0,0.0,1.0,553,0.0,text.bert.layer_09.attn.qk_matmul,PASS_EXACT,2352
0,exhaustive,2927,exhaustive,1.0,0.0,0.0,0,0.0,1.0,554,0.0,text.bert.layer_09.attn.scale,PASS_EXACT,1
0,op,1710,op,1.0,0.0,0.0,0,0.0,1.0,555,0.0,text.bert.layer_09.attn.scaled_logits,PASS_EXACT,2352
0,op,1257,op,1.0,0.0,0.0,0,0.0,1.0,556,0.0,text.bert.layer_09.attn.mask,PASS_EXACT,2352
0,op,1711,op,0.9999999999999998,0.0,0.0,0,0.0,1.0000000000000002,557,0.0,text.bert.layer_09.attn.masked_logits,PASS_EXACT,2352
0,exhaustive,2756,exhaustive,0.9999999999999999,0.0,0.0,0,0.0,0.9999999999999999,558,0.0,text.bert.layer_09.attn.softmax.max,PASS_EXACT,168
0,exhaustive,2757,exhaustive,0.9999999999999998,0.0,0.0,0,0.0,1.0000000000000002,559,0.0,text.bert.layer_09.attn.softmax.shifted,PASS_EXACT,2352
0,exhaustive,2758,exhaustive,0.9999999999999999,5.960464477539063e-08,1.340684902475716e-09,0,0.0,1.0000000000000004,560,6.263035042382082e-09,text.bert.layer_09.attn.softmax.exp,PASS_TOLERANCE,2352
0,exhaustive,2759,exhaustive,0.9999999999999982,4.76837158203125e-07,5.676632835751488e-08,0,0.0,0.9999999999999926,561,1.2062009948137702e-07,text.bert.layer_09.attn.softmax.sum,PASS_TOLERANCE,168
0,op,1712,op,0.9999999999999999,0.0,0.0,0,0.0,0.9999999999999998,562,0.0,text.bert.layer_09.attn.softmax.probs,PASS_EXACT,2352
0,op,1713,op,1.0,0.0,0.0,0,0.0,1.0,563,0.0,text.bert.layer_09.attn.context_heads,PASS_EXACT,10752
0,exhaustive,1714,exhaustive,1.0,0.0,0.0,0,0.0,1.0,564,0.0,text.bert.layer_09.attn.context_transpose,PASS_EXACT,10752
0,op,1715,op,1.0,0.0,0.0,0,0.0,1.0,565,0.0,text.bert.layer_09.attn.context_merged,PASS_EXACT,10752
0,exhaustive,1716,exhaustive,0.999998660177521,0.004452228546142578,0.00026716959954293476,0,0.0,0.99999866036329,566,0.000432697298001936,text.bert.layer_09.attn.output.matmul,PASS_TOLERANCE,10752
0,exhaustive,1717,exhaustive,1.0,0.0,0.0,0,0.0,1.0,567,0.0,text.bert.layer_09.attn.output.bias_add,PASS_EXACT,10752
0,layer,1718,layer,1.0,0.0,0.0,0,0.0,1.0,568,0.0,text.bert.layer_09.attn.output,PASS_EXACT,10752
0,exhaustive,1719,exhaustive,1.0000000000000002,0.0,0.0,0,0.0,1.0000000000000002,569,0.0,text.bert.layer_09.residual_1.left,PASS_EXACT,10752
0,exhaustive,1720,exhaustive,1.0,0.0,0.0,0,0.0,1.0,570,0.0,text.bert.layer_09.residual_1.right,PASS_EXACT,10752
0,op,1721,op,1.0000000000000002,0.0,0.0,0,0.0,1.0,571,0.0,text.bert.layer_09.residual_1.sum,PASS_EXACT,10752
0,exhaustive,1722,exhaustive,1.0000000000000002,0.0,0.0,0,0.0,1.0,572,0.0,text.bert.layer_09.norm_1.input,PASS_EXACT,10752
0,exhaustive,2556,exhaustive,1.0000000000000002,0.0,0.0,0,0.0,1.0000000000000002,573,0.0,text.bert.layer_09.norm_1.mean,PASS_EXACT,14
0,exhaustive,2557,exhaustive,1.0,0.0,0.0,0,0.0,0.9999999999999998,574,0.0,text.bert.layer_09.norm_1.variance,PASS_EXACT,14
0,exhaustive,2558,exhaustive,1.0000000000000002,0.0,0.0,0,0.0,1.0,575,0.0,text.bert.layer_09.norm_1.inv_std,PASS_EXACT,14
0,exhaustive,2559,exhaustive,1.0000000000000002,0.0,0.0,0,0.0,0.9999999999999998,576,0.0,text.bert.layer_09.norm_1.normalized,PASS_EXACT,10752
0,exhaustive,1723,exhaustive,1.0000000000000002,0.0,0.0,0,0.0,1.0000000000000002,577,0.0,text.bert.layer_09.norm_1.output,PASS_EXACT,10752
0,exhaustive,1724,exhaustive,0.9999986280511868,0.058773040771484375,0.00235186832742329,0,0.0,0.9999959060900853,578,0.0032480442068681397,text.bert.layer_09.ffn.linear_1.matmul,PASS_TOLERANCE,43008
0,exhaustive,1725,exhaustive,0.9999999999999999,0.0,0.0,0,0.0,0.9999999999999999,579,0.0,text.bert.layer_09.ffn.linear_1.bias_add,PASS_EXACT,43008
0,exhaustive,1726,exhaustive,0.9999999999999999,0.0,0.0,0,0.0,0.9999999999999999,580,0.0,text.bert.layer_09.ffn.gelu.input,PASS_EXACT,43008
0,op,1727,op,1.0000000000000002,0.0,0.0,0,0.0,1.0,581,0.0,text.bert.layer_09.ffn.gelu.output,PASS_EXACT,43008
0,exhaustive,1728,exhaustive,0.9999996985185473,0.165496826171875,0.0004002131251062175,0,0.0,0.999999698568232,582,0.0019632369488673303,text.bert.layer_09.ffn.linear_2.matmul,PASS_TOLERANCE,10752
0,exhaustive,1729,exhaustive,1.0,0.0,0.0,0,0.0,1.0,583,0.0,text.bert.layer_09.ffn.linear_2.bias_add,PASS_EXACT,10752
0,exhaustive,1730,exhaustive,1.0000000000000002,0.0,0.0,0,0.0,1.0000000000000002,584,0.0,text.bert.layer_09.residual_2.left,PASS_EXACT,10752
0,exhaustive,1731,exhaustive,1.0,0.0,0.0,0,0.0,1.0,585,0.0,text.bert.layer_09.residual_2.right,PASS_EXACT,10752
0,op,1732,op,1.0000000000000002,0.0,0.0,0,0.0,1.0,586,0.0,text.bert.layer_09.residual_2.sum,PASS_EXACT,10752
0,exhaustive,1733,exhaustive,1.0000000000000002,0.0,0.0,0,0.0,1.0,587,0.0,text.bert.layer_09.norm_2.input,PASS_EXACT,10752
0,exhaustive,2560,exhaustive,1.0,0.0,0.0,0,0.0,0.9999999999999998,588,0.0,text.bert.layer_09.norm_2.mean,PASS_EXACT,14
0,exhaustive,2561,exhaustive,1.0000000000000002,0.0,0.0,0,0.0,0.9999999999999999,589,0.0,text.bert.layer_09.norm_2.variance,PASS_EXACT,14
0,exhaustive,2562,exhaustive,1.0000000000000002,0.0,0.0,0,0.0,1.0000000000000002,590,0.0,text.bert.layer_09.norm_2.inv_std,PASS_EXACT,14
0,exhaustive,2563,exhaustive,1.0,0.0,0.0,0,0.0,0.9999999999999998,591,0.0,text.bert.layer_09.norm_2.normalized,PASS_EXACT,10752
0,exhaustive,1734,exhaustive,1.0,0.0,0.0,0,0.0,1.0,592,0.0,text.bert.layer_09.norm_2.output,PASS_EXACT,10752
0,layer,1269,layer,1.0,0.0,0.0,0,0.0,1.0,593,0.0,text.bert.layer_09.output,PASS_EXACT,10752
0,layer,1735,layer,1.0,0.0,0.0,0,0.0,1.0,594,0.0,text.bert.layer_10.input,PASS_EXACT,10752
0,exhaustive,1736,exhaustive,0.9999986026529784,0.014955520629882812,0.0011949309058157571,0,0.0,0.9999986020719892,595,0.0018171317548032557,text.bert.layer_10.attn.q_linear.matmul,PASS_TOLERANCE,10752
0,exhaustive,1737,exhaustive,1.0000000000000002,0.0,0.0,0,0.0,1.0,596,0.0,text.bert.layer_10.attn.q_linear.bias_add,PASS_EXACT,10752
0,exhaustive,1738,exhaustive,0.9999985831493472,0.015622615814208984,0.0011351822155726647,0,0.0,0.9999985831041817,597,0.0017369626847950272,text.bert.layer_10.attn.k_linear.matmul,PASS_TOLERANCE,10752
0,exhaustive,1739,exhaustive,1.0,0.0,0.0,0,0.0,1.0000000000000002,598,0.0,text.bert.layer_10.attn.k_linear.bias_add,PASS_EXACT,10752
0,exhaustive,1740,exhaustive,0.9999986155815426,0.009671211242675781,0.0006927691723224901,0,0.0,0.9999986152012231,599,0.0010989638177304366,text.bert.layer_10.attn.v_linear.matmul,PASS_TOLERANCE,10752
0,exhaustive,1741,exhaustive,1.0,0.0,0.0,0,0.0,1.0,600,0.0,text.bert.layer_10.attn.v_linear.bias_add,PASS_EXACT,10752
0,exhaustive,1742,exhaustive,1.0000000000000002,0.0,0.0,0,0.0,1.0,601,0.0,text.bert.layer_10.attn.q.reshape,PASS_EXACT,10752
0,exhaustive,1745,exhaustive,1.0000000000000002,0.0,0.0,0,0.0,0.9999999999999999,602,0.0,text.bert.layer_10.attn.q.transpose,PASS_EXACT,10752
0,exhaustive,1743,exhaustive,1.0,0.0,0.0,0,0.0,1.0000000000000002,603,0.0,text.bert.layer_10.attn.k.reshape,PASS_EXACT,10752
0,exhaustive,1746,exhaustive,1.0,0.0,0.0,0,0.0,1.0,604,0.0,text.bert.layer_10.attn.k.transpose,PASS_EXACT,10752
0,exhaustive,1744,exhaustive,1.0,0.0,0.0,0,0.0,1.0,605,0.0,text.bert.layer_10.attn.v.reshape,PASS_EXACT,10752
0,exhaustive,1747,exhaustive,1.0,0.0,0.0,0,0.0,1.0,606,0.0,text.bert.layer_10.attn.v.transpose,PASS_EXACT,10752
0,exhaustive,1749,exhaustive,1.0,0.0,0.0,0,0.0,1.0,607,0.0,text.bert.layer_10.attn.k_transposed,PASS_EXACT,10752
0,op,1748,op,1.0,0.0,0.0,0,0.0,1.0,608,0.0,text.bert.layer_10.attn.qk_matmul,PASS_EXACT,2352
0,exhaustive,2928,exhaustive,1.0,0.0,0.0,0,0.0,1.0,609,0.0,text.bert.layer_10.attn.scale,PASS_EXACT,1
0,op,1750,op,1.0,0.0,0.0,0,0.0,1.0,610,0.0,text.bert.layer_10.attn.scaled_logits,PASS_EXACT,2352
0,op,1258,op,1.0,0.0,0.0,0,0.0,1.0,611,0.0,text.bert.layer_10.attn.mask,PASS_EXACT,2352
0,op,1751,op,0.9999999999999998,0.0,0.0,0,0.0,1.0000000000000002,612,0.0,text.bert.layer_10.attn.masked_logits,PASS_EXACT,2352
0,exhaustive,2760,exhaustive,1.0,0.0,0.0,0,0.0,0.9999999999999998,613,0.0,text.bert.layer_10.attn.softmax.max,PASS_EXACT,168
0,exhaustive,2761,exhaustive,0.9999999999999998,0.0,0.0,0,0.0,1.0000000000000002,614,0.0,text.bert.layer_10.attn.softmax.shifted,PASS_EXACT,2352
0,exhaustive,2762,exhaustive,0.9999999999999997,5.960464477539063e-08,1.0271601921248767e-09,0,0.0,0.999999999999999,615,5.258504294321408e-09,text.bert.layer_10.attn.softmax.exp,PASS_TOLERANCE,2352
0,exhaustive,2763,exhaustive,0.9999999999999984,4.76837158203125e-07,5.392801193963914e-08,0,0.0,0.9999999999999915,616,1.0075023826700647e-07,text.bert.layer_10.attn.softmax.sum,PASS_TOLERANCE,168
0,op,1752,op,1.0,0.0,0.0,0,0.0,1.0,617,0.0,text.bert.layer_10.attn.softmax.probs,PASS_EXACT,2352
0,op,1753,op,1.0,0.0,0.0,0,0.0,0.9999999999999999,618,0.0,text.bert.layer_10.attn.context_heads,PASS_EXACT,10752
0,exhaustive,1754,exhaustive,1.0,0.0,0.0,0,0.0,1.0,619,0.0,text.bert.layer_10.attn.context_transpose,PASS_EXACT,10752
0,op,1755,op,1.0,0.0,0.0,0,0.0,1.0,620,0.0,text.bert.layer_10.attn.context_merged,PASS_EXACT,10752
0,exhaustive,1756,exhaustive,0.9999986893744656,0.0036928653717041016,0.00025956729240576913,0,0.0,0.9999986898922214,621,0.0004178405502663577,text.bert.layer_10.attn.output.matmul,PASS_TOLERANCE,10752
0,exhaustive,1757,exhaustive,1.0,0.0,0.0,0,0.0,1.0,622,0.0,text.bert.layer_10.attn.output.bias_add,PASS_EXACT,10752
0,layer,1758,layer,1.0,0.0,0.0,0,0.0,1.0,623,0.0,text.bert.layer_10.attn.output,PASS_EXACT,10752
0,exhaustive,1759,exhaustive,1.0,0.0,0.0,0,0.0,1.0,624,0.0,text.bert.layer_10.residual_1.left,PASS_EXACT,10752
0,exhaustive,1760,exhaustive,1.0,0.0,0.0,0,0.0,1.0,625,0.0,text.bert.layer_10.residual_1.right,PASS_EXACT,10752
0,op,1761,op,1.0,0.0,0.0,0,0.0,1.0000000000000002,626,0.0,text.bert.layer_10.residual_1.sum,PASS_EXACT,10752
0,exhaustive,1762,exhaustive,1.0,0.0,0.0,0,0.0,1.0000000000000002,627,0.0,text.bert.layer_10.norm_1.input,PASS_EXACT,10752
0,exhaustive,2564,exhaustive,1.0,0.0,0.0,0,0.0,0.9999999999999998,628,0.0,text.bert.layer_10.norm_1.mean,PASS_EXACT,14
0,exhaustive,2565,exhaustive,1.0,0.0,0.0,0,0.0,0.9999999999999999,629,0.0,text.bert.layer_10.norm_1.variance,PASS_EXACT,14
0,exhaustive,2566,exhaustive,1.0,0.0,0.0,0,0.0,1.0000000000000002,630,0.0,text.bert.layer_10.norm_1.inv_std,PASS_EXACT,14
0,exhaustive,2567,exhaustive,1.0,0.0,0.0,0,0.0,0.9999999999999998,631,0.0,text.bert.layer_10.norm_1.normalized,PASS_EXACT,10752
0,exhaustive,1763,exhaustive,0.9999999999999999,0.0,0.0,0,0.0,0.9999999999999999,632,0.0,text.bert.layer_10.norm_1.output,PASS_EXACT,10752
0,exhaustive,1764,exhaustive,0.9999987046848864,0.0618133544921875,0.0023160190739872633,0,0.0,0.9999962730408032,633,0.0031369813108962923,text.bert.layer_10.ffn.linear_1.matmul,PASS_TOLERANCE,43008
0,exhaustive,1765,exhaustive,1.0000000000000002,0.0,0.0,0,0.0,1.0,634,0.0,text.bert.layer_10.ffn.linear_1.bias_add,PASS_EXACT,43008
0,exhaustive,1766,exhaustive,1.0000000000000002,0.0,0.0,0,0.0,1.0,635,0.0,text.bert.layer_10.ffn.gelu.input,PASS_EXACT,43008
0,op,1767,op,1.0000000000000002,0.0,0.0,0,0.0,1.0,636,0.0,text.bert.layer_10.ffn.gelu.output,PASS_EXACT,43008
0,exhaustive,1768,exhaustive,0.9999998728215234,0.565673828125,0.0004874314294760379,0,0.0,0.9999998728150055,637,0.007482763920345282,text.bert.layer_10.ffn.linear_2.matmul,PASS_TOLERANCE,10752
0,exhaustive,1769,exhaustive,1.0,0.0,0.0,0,0.0,0.9999999999999998,638,0.0,text.bert.layer_10.ffn.linear_2.bias_add,PASS_EXACT,10752
0,exhaustive,1770,exhaustive,0.9999999999999999,0.0,0.0,0,0.0,0.9999999999999999,639,0.0,text.bert.layer_10.residual_2.left,PASS_EXACT,10752
0,exhaustive,1771,exhaustive,1.0,0.0,0.0,0,0.0,0.9999999999999998,640,0.0,text.bert.layer_10.residual_2.right,PASS_EXACT,10752
0,op,1772,op,1.0,0.0,0.0,0,0.0,0.9999999999999999,641,0.0,text.bert.layer_10.residual_2.sum,PASS_EXACT,10752
0,exhaustive,1773,exhaustive,1.0,0.0,0.0,0,0.0,0.9999999999999999,642,0.0,text.bert.layer_10.norm_2.input,PASS_EXACT,10752
0,exhaustive,2568,exhaustive,1.0,0.0,0.0,0,0.0,0.9999999999999999,643,0.0,text.bert.layer_10.norm_2.mean,PASS_EXACT,14
0,exhaustive,2569,exhaustive,1.0000000000000002,0.0,0.0,0,0.0,1.0000000000000002,644,0.0,text.bert.layer_10.norm_2.variance,PASS_EXACT,14
0,exhaustive,2570,exhaustive,1.0,0.0,0.0,0,0.0,1.0,645,0.0,text.bert.layer_10.norm_2.inv_std,PASS_EXACT,14
0,exhaustive,2571,exhaustive,1.0,0.0,0.0,0,0.0,0.9999999999999998,646,0.0,text.bert.layer_10.norm_2.normalized,PASS_EXACT,10752
0,exhaustive,1774,exhaustive,0.9999999999999998,0.0,0.0,0,0.0,1.0,647,0.0,text.bert.layer_10.norm_2.output,PASS_EXACT,10752
0,layer,1270,layer,0.9999999999999998,0.0,0.0,0,0.0,1.0,648,0.0,text.bert.layer_10.output,PASS_EXACT,10752
0,layer,1775,layer,0.9999999999999998,0.0,0.0,0,0.0,1.0,649,0.0,text.bert.layer_11.input,PASS_EXACT,10752
0,exhaustive,1776,exhaustive,0.999998608785271,0.014750957489013672,0.0010313158967446292,0,0.0,0.9999986072392426,650,0.0015709600670698416,text.bert.layer_11.attn.q_linear.matmul,PASS_TOLERANCE,10752
0,exhaustive,1777,exhaustive,1.0000000000000002,0.0,0.0,0,0.0,1.0,651,0.0,text.bert.layer_11.attn.q_linear.bias_add,PASS_EXACT,10752
0,exhaustive,1778,exhaustive,0.9999986312117415,0.012366294860839844,0.0010177793805312483,0,0.0,0.9999986292483184,652,0.0015583736901261535,text.bert.layer_11.attn.k_linear.matmul,PASS_TOLERANCE,10752
0,exhaustive,1779,exhaustive,1.0,0.0,0.0,0,0.0,1.0,653,0.0,text.bert.layer_11.attn.k_linear.bias_add,PASS_EXACT,10752
0,exhaustive,1780,exhaustive,0.9999986280383317,0.007771730422973633,0.0006829577639239558,0,0.0,0.9999986282906205,654,0.0010683510810943408,text.bert.layer_11.attn.v_linear.matmul,PASS_TOLERANCE,10752
0,exhaustive,1781,exhaustive,1.0000000000000002,0.0,0.0,0,0.0,1.0,655,0.0,text.bert.layer_11.attn.v_linear.bias_add,PASS_EXACT,10752
0,exhaustive,1782,exhaustive,1.0000000000000002,0.0,0.0,0,0.0,1.0,656,0.0,text.bert.layer_11.attn.q.reshape,PASS_EXACT,10752
0,exhaustive,1785,exhaustive,1.0000000000000002,0.0,0.0,0,0.0,1.0,657,0.0,text.bert.layer_11.attn.q.transpose,PASS_EXACT,10752
0,exhaustive,1783,exhaustive,1.0,0.0,0.0,0,0.0,1.0,658,0.0,text.bert.layer_11.attn.k.reshape,PASS_EXACT,10752
0,exhaustive,1786,exhaustive,1.0,0.0,0.0,0,0.0,1.0,659,0.0,text.bert.layer_11.attn.k.transpose,PASS_EXACT,10752
0,exhaustive,1784,exhaustive,1.0000000000000002,0.0,0.0,0,0.0,1.0,660,0.0,text.bert.layer_11.attn.v.reshape,PASS_EXACT,10752
0,exhaustive,1787,exhaustive,1.0000000000000002,0.0,0.0,0,0.0,1.0000000000000002,661,0.0,text.bert.layer_11.attn.v.transpose,PASS_EXACT,10752
0,exhaustive,1789,exhaustive,1.0,0.0,0.0,0,0.0,1.0,662,0.0,text.bert.layer_11.attn.k_transposed,PASS_EXACT,10752
0,op,1788,op,1.0,0.0,0.0,0,0.0,1.0,663,0.0,text.bert.layer_11.attn.qk_matmul,PASS_EXACT,2352
0,exhaustive,2929,exhaustive,1.0,0.0,0.0,0,0.0,1.0,664,0.0,text.bert.layer_11.attn.scale,PASS_EXACT,1
0,op,1790,op,1.0,0.0,0.0,0,0.0,1.0,665,0.0,text.bert.layer_11.attn.scaled_logits,PASS_EXACT,2352
0,op,1259,op,1.0,0.0,0.0,0,0.0,1.0,666,0.0,text.bert.layer_11.attn.mask,PASS_EXACT,2352
0,op,1791,op,0.9999999999999998,0.0,0.0,0,0.0,1.0000000000000002,667,0.0,text.bert.layer_11.attn.masked_logits,PASS_EXACT,2352
0,exhaustive,2764,exhaustive,0.9999999999999998,0.0,0.0,0,0.0,1.0,668,0.0,text.bert.layer_11.attn.softmax.max,PASS_EXACT,168
0,exhaustive,2765,exhaustive,0.9999999999999998,0.0,0.0,0,0.0,1.0000000000000002,669,0.0,text.bert.layer_11.attn.softmax.shifted,PASS_EXACT,2352
0,exhaustive,2766,exhaustive,0.9999999999999998,5.960464477539063e-08,1.2548320054996847e-09,0,0.0,0.9999999999999997,670,5.870775355552162e-09,text.bert.layer_11.attn.softmax.exp,PASS_TOLERANCE,2352
0,exhaustive,2767,exhaustive,0.9999999999999982,4.76837158203125e-07,6.670043582007999e-08,0,0.0,0.999999999999994,671,1.2610560310183855e-07,text.bert.layer_11.attn.softmax.sum,PASS_TOLERANCE,168
0,op,1792,op,0.9999999999999999,0.0,0.0,0,0.0,0.9999999999999999,672,0.0,text.bert.layer_11.attn.softmax.probs,PASS_EXACT,2352
0,op,1793,op,0.9999999999999998,0.0,0.0,0,0.0,0.9999999999999998,673,0.0,text.bert.layer_11.attn.context_heads,PASS_EXACT,10752
0,exhaustive,1794,exhaustive,0.9999999999999998,0.0,0.0,0,0.0,1.0,674,0.0,text.bert.layer_11.attn.context_transpose,PASS_EXACT,10752
0,op,1795,op,0.9999999999999998,0.0,0.0,0,0.0,1.0,675,0.0,text.bert.layer_11.attn.context_merged,PASS_EXACT,10752
0,exhaustive,1796,exhaustive,0.9999986322312855,0.0069751739501953125,0.00031225253542288556,0,0.0,0.9999986322557537,676,0.000538604340380001,text.bert.layer_11.attn.output.matmul,PASS_TOLERANCE,10752
0,exhaustive,1797,exhaustive,1.0,0.0,0.0,0,0.0,1.0,677,0.0,text.bert.layer_11.attn.output.bias_add,PASS_EXACT,10752
0,layer,1798,layer,1.0,0.0,0.0,0,0.0,1.0,678,0.0,text.bert.layer_11.attn.output,PASS_EXACT,10752
0,exhaustive,1799,exhaustive,0.9999999999999998,0.0,0.0,0,0.0,1.0,679,0.0,text.bert.layer_11.residual_1.left,PASS_EXACT,10752
0,exhaustive,1800,exhaustive,1.0,0.0,0.0,0,0.0,1.0,680,0.0,text.bert.layer_11.residual_1.right,PASS_EXACT,10752
0,op,1801,op,1.0000000000000002,0.0,0.0,0,0.0,1.0,681,0.0,text.bert.layer_11.residual_1.sum,PASS_EXACT,10752
0,exhaustive,1802,exhaustive,1.0000000000000002,0.0,0.0,0,0.0,1.0,682,0.0,text.bert.layer_11.norm_1.input,PASS_EXACT,10752
0,exhaustive,2572,exhaustive,0.9999999999999999,0.0,0.0,0,0.0,1.0000000000000002,683,0.0,text.bert.layer_11.norm_1.mean,PASS_EXACT,14
0,exhaustive,2573,exhaustive,0.9999999999999999,0.0,0.0,0,0.0,1.0,684,0.0,text.bert.layer_11.norm_1.variance,PASS_EXACT,14
0,exhaustive,2574,exhaustive,1.0,0.0,0.0,0,0.0,1.0,685,0.0,text.bert.layer_11.norm_1.inv_std,PASS_EXACT,14
0,exhaustive,2575,exhaustive,1.0,0.0,0.0,0,0.0,1.0,686,0.0,text.bert.layer_11.norm_1.normalized,PASS_EXACT,10752
0,exhaustive,1803,exhaustive,1.0000000000000002,0.0,0.0,0,0.0,1.0000000000000002,687,0.0,text.bert.layer_11.norm_1.output,PASS_EXACT,10752
0,exhaustive,1804,exhaustive,0.9999985995204925,0.025445938110351562,0.0016772534114525548,0,0.0,0.9999968582385774,688,0.0023508781165118646,text.bert.layer_11.ffn.linear_1.matmul,PASS_TOLERANCE,43008
0,exhaustive,1805,exhaustive,1.0000000000000002,0.0,0.0,0,0.0,1.0,689,0.0,text.bert.layer_11.ffn.linear_1.bias_add,PASS_EXACT,43008
0,exhaustive,1806,exhaustive,1.0000000000000002,0.0,0.0,0,0.0,1.0,690,0.0,text.bert.layer_11.ffn.gelu.input,PASS_EXACT,43008
0,op,1807,op,1.0000000000000002,0.0,0.0,0,0.0,1.0,691,0.0,text.bert.layer_11.ffn.gelu.output,PASS_EXACT,43008
0,exhaustive,1808,exhaustive,0.9999988251020403,0.045566558837890625,0.0004949334777934599,0,0.0,0.9999988254373988,692,0.0009437719474745672,text.bert.layer_11.ffn.linear_2.matmul,PASS_TOLERANCE,10752
0,exhaustive,1809,exhaustive,1.0000000000000002,0.0,0.0,0,0.0,1.0,693,0.0,text.bert.layer_11.ffn.linear_2.bias_add,PASS_EXACT,10752
0,exhaustive,1810,exhaustive,1.0000000000000002,0.0,0.0,0,0.0,1.0000000000000002,694,0.0,text.bert.layer_11.residual_2.left,PASS_EXACT,10752
0,exhaustive,1811,exhaustive,1.0000000000000002,0.0,0.0,0,0.0,1.0,695,0.0,text.bert.layer_11.residual_2.right,PASS_EXACT,10752
0,op,1812,op,0.9999999999999999,0.0,0.0,0,0.0,0.9999999999999999,696,0.0,text.bert.layer_11.residual_2.sum,PASS_EXACT,10752
0,exhaustive,1813,exhaustive,0.9999999999999999,0.0,0.0,0,0.0,0.9999999999999999,697,0.0,text.bert.layer_11.norm_2.input,PASS_EXACT,10752
0,exhaustive,2576,exhaustive,1.0,0.0,0.0,0,0.0,1.0,698,0.0,text.bert.layer_11.norm_2.mean,PASS_EXACT,14
0,exhaustive,2577,exhaustive,1.0,0.0,0.0,0,0.0,1.0000000000000002,699,0.0,text.bert.layer_11.norm_2.variance,PASS_EXACT,14
0,exhaustive,2578,exhaustive,1.0000000000000002,0.0,0.0,0,0.0,1.0,700,0.0,text.bert.layer_11.norm_2.inv_std,PASS_EXACT,14
0,exhaustive,2579,exhaustive,1.0000000000000002,0.0,0.0,0,0.0,1.0,701,0.0,text.bert.layer_11.norm_2.normalized,PASS_EXACT,10752
0,exhaustive,1814,exhaustive,1.0000000000000002,0.0,0.0,0,0.0,1.0,702,0.0,text.bert.layer_11.norm_2.output,PASS_EXACT,10752
0,layer,1271,layer,1.0000000000000002,0.0,0.0,0,0.0,1.0,703,0.0,text.bert.layer_11.output,PASS_EXACT,10752
0,boundary,1272,boundary,1.0000000000000002,0.0,0.0,0,0.0,1.0,704,0.0,text.bert.last_hidden_state_unpadded,PASS_EXACT,10752
0,boundary,1273,boundary,1.0000000000000002,0.0,0.0,0,0.0,0.9999999999999999,705,0.0,text.bert.hidden_padded,PASS_EXACT,16128
0,op,1815,op,1.0000000000000002,0.0,0.0,0,0.0,0.9999999999999999,706,0.0,text.projection.input,PASS_EXACT,16128
0,exhaustive,1816,exhaustive,0.9999985919426297,0.04815483093261719,0.001604622234784377,0,0.0,0.9999985916498184,707,0.0031921042370910884,text.projection.matmul,PASS_TOLERANCE,5376
0,exhaustive,1817,exhaustive,1.0000000000000002,0.0,0.0,0,0.0,0.9999999999999998,708,0.0,text.projection.bias_add,PASS_EXACT,5376
0,exhaustive,1818,exhaustive,1.0000000000000002,0.0,0.0,0,0.0,0.9999999999999998,709,0.0,text.projection.before_zero_fill,PASS_EXACT,5376
0,exhaustive,1819,exhaustive,0.9999999999999998,0.0,0.0,0,0.0,0.9999999999999998,710,0.0,text.projection.zero_fill_mask,PASS_EXACT,21
0,boundary,1274,boundary,1.0000000000000002,0.0,0.0,0,0.0,0.9999999999999998,711,0.0,text.projection.output,PASS_EXACT,5376
0,boundary,4,boundary,0.9999999999999999,0.0,0.0,0,0.0,1.0,712,0.0,vision.view_0.input,PASS_EXACT,196608
0,op,37,op,0.9999999999999999,0.0,0.0,0,0.0,1.0,713,0.0,vision.view_0.patch_embed.input,PASS_EXACT,196608
0,exhaustive,1238,exhaustive,1.0,0.0,0.0,0,0.0,0.9999999999999999,714,0.0,vision.view_0.patch_embed.conv.weight,PASS_EXACT,589824
0,exhaustive,1239,exhaustive,1.0000000000000002,0.0,0.0,0,0.0,1.0000000000000002,715,0.0,vision.view_0.patch_embed.conv.bias,PASS_EXACT,768
0,op,38,op,1.0,0.0,0.0,0,0.0,0.9999999999999999,716,0.0,vision.view_0.patch_embed.conv.output,PASS_EXACT,196608
0,exhaustive,39,exhaustive,1.0,0.0,0.0,0,0.0,0.9999999999999999,717,0.0,vision.view_0.patch_embed.flatten,PASS_EXACT,196608
0,op,40,op,1.0000000000000002,0.0,0.0,0,0.0,0.9999999999999999,718,0.0,vision.view_0.patch_embed.transpose,PASS_EXACT,196608
0,op,41,op,1.0,0.0,0.0,0,0.0,1.0,719,0.0,vision.view_0.cls_token,PASS_EXACT,768
0,op,42,op,1.0,0.0,0.0,0,0.0,1.0,720,0.0,vision.view_0.register_tokens,PASS_EXACT,3072
0,op,43,op,1.0,0.0,0.0,0,0.0,1.0,721,0.0,vision.view_0.position_embedding,PASS_EXACT,32768
0,exhaustive,44,exhaustive,1.0,0.0,0.0,0,0.0,1.0000000000000002,722,0.0,vision.view_0.tokens_before_position,PASS_EXACT,200448
0,exhaustive,45,exhaustive,1.0,0.0,0.0,0,0.0,1.0000000000000002,723,0.0,vision.view_0.tokens_after_position,PASS_EXACT,200448
0,layer,46,layer,1.0,0.0,0.0,0,0.0,1.0000000000000002,724,0.0,vision.view_0.tokens_with_prefix,PASS_EXACT,200448
0,layer,47,layer,1.0,0.0,0.0,0,0.0,1.0000000000000002,725,0.0,vision.view_0.block_00.input,PASS_EXACT,200448
0,exhaustive,48,exhaustive,1.0,0.0,0.0,0,0.0,1.0000000000000002,726,0.0,vision.view_0.block_00.norm_1.input,PASS_EXACT,200448
0,exhaustive,918,exhaustive,1.0000000000000002,0.0,0.0,0,0.0,1.0000000000000002,727,0.0,vision.view_0.block_00.norm_1.mean,PASS_EXACT,261
0,exhaustive,919,exhaustive,1.0000000000000002,0.0,0.0,0,0.0,1.0,728,0.0,vision.view_0.block_00.norm_1.variance,PASS_EXACT,261
0,exhaustive,920,exhaustive,1.0000000000000002,0.0,0.0,0,0.0,1.0000000000000002,729,0.0,vision.view_0.block_00.norm_1.inv_std,PASS_EXACT,261
0,exhaustive,921,exhaustive,0.9999999999999999,0.0,0.0,0,0.0,1.0,730,0.0,vision.view_0.block_00.norm_1.normalized,PASS_EXACT,200448
0,exhaustive,49,exhaustive,1.0,0.0,0.0,0,0.0,1.0000000000000002,731,0.0,vision.view_0.block_00.norm_1.output,PASS_EXACT,200448
0,exhaustive,50,exhaustive,0.9999976018004937,1.97552490234375,0.0377147531053586,0,0.0,0.9999976004481483,732,0.10792947959703499,vision.view_0.block_00.attn.qkv_linear.matmul,PASS_TOLERANCE,601344
0,exhaustive,51,exhaustive,0.9999966997618658,2.0,0.025651054337713707,0,0.0,0.9999966978888759,733,0.12660830349196073,vision.view_0.block_00.attn.qkv_linear.bias_add,PASS_TOLERANCE,601344
0,op,52,op,1.0,0.0,0.0,0,0.0,1.0,734,0.0,vision.view_0.block_00.attn.q,PASS_EXACT,200448
0,op,53,op,1.0,0.0,0.0,0,0.0,1.0,735,0.0,vision.view_0.block_00.attn.k,PASS_EXACT,200448
0,op,54,op,1.0000000000000002,0.0,0.0,0,0.0,1.0,736,0.0,vision.view_0.block_00.attn.v,PASS_EXACT,200448
0,op,55,op,1.0000000000000002,0.0,0.0,0,0.0,0.9999999999999998,737,0.0,vision.view_0.block_00.attn.q_heads,PASS_EXACT,200448
0,op,56,op,1.0,0.0,0.0,0,0.0,1.0,738,0.0,vision.view_0.block_00.attn.k_heads,PASS_EXACT,200448
0,op,57,op,1.0000000000000002,0.0,0.0,0,0.0,1.0,739,0.0,vision.view_0.block_00.attn.v_heads,PASS_EXACT,200448
0,op,58,op,1.0,0.0,0.0,0,0.0,0.9999999999999998,740,0.0,vision.view_0.block_00.attn.logits,PASS_EXACT,817452
0,exhaustive,1214,exhaustive,1.0,0.0,0.0,0,0.0,1.0,741,0.0,vision.view_0.block_00.attn.scale,PASS_EXACT,1
0,op,59,op,1.0,0.0,0.0,0,0.0,0.9999999999999998,742,0.0,vision.view_0.block_00.attn.scaled_logits,PASS_EXACT,817452
0,exhaustive,1118,exhaustive,1.0,0.0,0.0,0,0.0,1.0000000000000002,743,0.0,vision.view_0.block_00.attn.softmax.max,PASS_EXACT,3132
0,exhaustive,1119,exhaustive,1.0,0.0,0.0,0,0.0,1.0000000000000002,744,0.0,vision.view_0.block_00.attn.softmax.shifted,PASS_EXACT,817452
0,exhaustive,1120,exhaustive,0.9999999999999795,2.9802322387695312e-08,3.500716254852474e-11,0,0.0,1.0000000000006286,745,6.549504684799074e-10,vision.view_0.block_00.attn.softmax.exp,PASS_TOLERANCE,817452
0,exhaustive,1121,exhaustive,0.9999999999999614,1.239776611328125e-05,2.2170948647295681e-07,0,0.0,0.9999999999999388,746,1.0061655579080243e-06,vision.view_0.block_00.attn.softmax.sum,PASS_TOLERANCE,3132
0,op,60,op,1.0,0.0,0.0,0,0.0,1.0,747,0.0,vision.view_0.block_00.attn.softmax.probs,PASS_EXACT,817452
0,op,61,op,1.0000000000000002,0.0,0.0,0,0.0,1.0,748,0.0,vision.view_0.block_00.attn.context_heads,PASS_EXACT,200448
0,op,62,op,1.0000000000000002,0.0,0.0,0,0.0,1.0,749,0.0,vision.view_0.block_00.attn.context_merged,PASS_EXACT,200448
0,op,63,op,0.9999999999999999,0.0,0.0,0,0.0,1.0000000000000002,750,0.0,vision.view_0.block_00.attn.output_projection,PASS_EXACT,200448
0,exhaustive,64,exhaustive,0.9999999999999999,0.0,0.0,0,0.0,1.0000000000000002,751,0.0,vision.view_0.block_00.layer_scale_1.input,PASS_EXACT,200448
0,op,65,op,0.9999999999999999,0.0,0.0,0,0.0,1.0,752,0.0,vision.view_0.block_00.layer_scale_1.output,PASS_EXACT,200448
0,op,66,op,1.0,0.0,0.0,0,0.0,1.0000000000000002,753,0.0,vision.view_0.block_00.residual_1.left,PASS_EXACT,200448
0,op,67,op,0.9999999999999999,0.0,0.0,0,0.0,1.0,754,0.0,vision.view_0.block_00.residual_1.right,PASS_EXACT,200448
0,op,68,op,1.0,0.0,0.0,0,0.0,1.0,755,0.0,vision.view_0.block_00.residual_1.sum,PASS_EXACT,200448
0,exhaustive,69,exhaustive,1.0,0.0,0.0,0,0.0,1.0,756,0.0,vision.view_0.block_00.norm_2.input,PASS_EXACT,200448
0,exhaustive,922,exhaustive,0.9999999999999999,0.0,0.0,0,0.0,1.0,757,0.0,vision.view_0.block_00.norm_2.mean,PASS_EXACT,261
0,exhaustive,923,exhaustive,1.0,0.0,0.0,0,0.0,1.0,758,0.0,vision.view_0.block_00.norm_2.variance,PASS_EXACT,261
0,exhaustive,924,exhaustive,0.9999999999999998,0.0,0.0,0,0.0,1.0000000000000002,759,0.0,vision.view_0.block_00.norm_2.inv_std,PASS_EXACT,261
0,exhaustive,925,exhaustive,1.0,0.0,0.0,0,0.0,1.0,760,0.0,vision.view_0.block_00.norm_2.normalized,PASS_EXACT,200448
0,exhaustive,70,exhaustive,0.9999999999999999,0.0,0.0,0,0.0,1.0,761,0.0,vision.view_0.block_00.norm_2.output,PASS_EXACT,200448
0,exhaustive,71,exhaustive,0.9999986177492644,0.05362701416015625,0.0013160263648959835,0,0.0,0.999998445506879,762,0.0024317201674330944,vision.view_0.block_00.mlp.linear_1.matmul,PASS_TOLERANCE,801792
0,exhaustive,72,exhaustive,1.0,0.0,0.0,0,0.0,1.0,763,0.0,vision.view_0.block_00.mlp.linear_1.bias_add,PASS_EXACT,801792
0,exhaustive,73,exhaustive,1.0,0.0,0.0,0,0.0,1.0,764,0.0,vision.view_0.block_00.mlp.activation.input,PASS_EXACT,801792
0,op,74,op,1.0000000000000002,0.0,0.0,0,0.0,1.0000000000000002,765,0.0,vision.view_0.block_00.mlp.activation.output,PASS_EXACT,801792
0,exhaustive,75,exhaustive,0.9999986216746095,0.12093353271484375,0.0024311859900976447,0,0.0,0.9999986213264997,766,0.004577960028827376,vision.view_0.block_00.mlp.linear_2.matmul,PASS_TOLERANCE,200448
0,exhaustive,76,exhaustive,1.0,0.0,0.0,0,0.0,0.9999999999999999,767,0.0,vision.view_0.block_00.mlp.linear_2.bias_add,PASS_EXACT,200448
0,exhaustive,77,exhaustive,1.0,0.0,0.0,0,0.0,0.9999999999999999,768,0.0,vision.view_0.block_00.layer_scale_2.input,PASS_EXACT,200448
0,op,78,op,1.0,0.0,0.0,0,0.0,1.0,769,0.0,vision.view_0.block_00.layer_scale_2.output,PASS_EXACT,200448
0,op,79,op,1.0,0.0,0.0,0,0.0,1.0,770,0.0,vision.view_0.block_00.residual_2.left,PASS_EXACT,200448
0,op,80,op,1.0,0.0,0.0,0,0.0,1.0,771,0.0,vision.view_0.block_00.residual_2.right,PASS_EXACT,200448
0,op,81,op,1.0,0.0,0.0,0,0.0,1.0,772,0.0,vision.view_0.block_00.residual_2.sum,PASS_EXACT,200448
0,layer,5,layer,1.0,0.0,0.0,0,0.0,1.0,773,0.0,vision.view_0.block_00.output,PASS_EXACT,200448
0,layer,82,layer,1.0,0.0,0.0,0,0.0,1.0,774,0.0,vision.view_0.block_01.input,PASS_EXACT,200448
0,exhaustive,83,exhaustive,1.0,0.0,0.0,0,0.0,1.0,775,0.0,vision.view_0.block_01.norm_1.input,PASS_EXACT,200448
0,exhaustive,926,exhaustive,1.0,0.0,0.0,0,0.0,0.9999999999999999,776,0.0,vision.view_0.block_01.norm_1.mean,PASS_EXACT,261
0,exhaustive,927,exhaustive,1.0000000000000002,0.0,0.0,0,0.0,1.0,777,0.0,vision.view_0.block_01.norm_1.variance,PASS_EXACT,261
0,exhaustive,928,exhaustive,1.0000000000000002,0.0,0.0,0,0.0,1.0,778,0.0,vision.view_0.block_01.norm_1.inv_std,PASS_EXACT,261
0,exhaustive,929,exhaustive,1.0,0.0,0.0,0,0.0,1.0000000000000002,779,0.0,vision.view_0.block_01.norm_1.normalized,PASS_EXACT,200448
0,exhaustive,84,exhaustive,1.0,0.0,0.0,0,0.0,1.0,780,0.0,vision.view_0.block_01.norm_1.output,PASS_EXACT,200448
0,exhaustive,85,exhaustive,0.9999974206057777,0.038372039794921875,0.0013446617282323662,0,0.0,0.9999974203044794,781,0.002338885717101493,vision.view_0.block_01.attn.qkv_linear.matmul,PASS_TOLERANCE,601344
0,exhaustive,86,exhaustive,0.999995830465039,0.0625,0.001159131705745394,0,0.0,0.999995829971557,782,0.0029743463052000836,vision.view_0.block_01.attn.qkv_linear.bias_add,PASS_TOLERANCE,601344
0,op,87,op,1.0,0.0,0.0,0,0.0,1.0,783,0.0,vision.view_0.block_01.attn.q,PASS_EXACT,200448
0,op,88,op,0.9999999999999998,0.0,0.0,0,0.0,1.0000000000000002,784,0.0,vision.view_0.block_01.attn.k,PASS_EXACT,200448
0,op,89,op,0.9999999999999999,0.0,0.0,0,0.0,1.0000000000000002,785,0.0,vision.view_0.block_01.attn.v,PASS_EXACT,200448
0,op,90,op,1.0000000000000002,0.0,0.0,0,0.0,1.0000000000000002,786,0.0,vision.view_0.block_01.attn.q_heads,PASS_EXACT,200448
0,op,91,op,1.0000000000000002,0.0,0.0,0,0.0,1.0,787,0.0,vision.view_0.block_01.attn.k_heads,PASS_EXACT,200448
0,op,92,op,0.9999999999999999,0.0,0.0,0,0.0,1.0000000000000002,788,0.0,vision.view_0.block_01.attn.v_heads,PASS_EXACT,200448
0,op,93,op,1.0000000000000002,0.0,0.0,0,0.0,1.0,789,0.0,vision.view_0.block_01.attn.logits,PASS_EXACT,817452
0,exhaustive,1215,exhaustive,1.0,0.0,0.0,0,0.0,1.0,790,0.0,vision.view_0.block_01.attn.scale,PASS_EXACT,1
0,op,94,op,1.0000000000000002,0.0,0.0,0,0.0,1.0,791,0.0,vision.view_0.block_01.attn.scaled_logits,PASS_EXACT,817452
0,exhaustive,1122,exhaustive,1.0,0.0,0.0,0,0.0,1.0,792,0.0,vision.view_0.block_01.attn.softmax.max,PASS_EXACT,3132
0,exhaustive,1123,exhaustive,1.0,0.0,0.0,0,0.0,1.0000000000000002,793,0.0,vision.view_0.block_01.attn.softmax.shifted,PASS_EXACT,817452
0,exhaustive,1124,exhaustive,0.9999999999998735,5.960464477539063e-08,1.2241519017885936e-09,0,0.0,1.0000000000002154,794,5.495938400140347e-09,vision.view_0.block_01.attn.softmax.exp,PASS_TOLERANCE,817452
0,exhaustive,1125,exhaustive,0.9999999999999651,3.4332275390625e-05,3.2834699175214708e-06,0,0.0,0.9999999999999156,795,5.0677988647230825e-06,vision.view_0.block_01.attn.softmax.sum,PASS_TOLERANCE,3132
0,op,95,op,1.0,0.0,0.0,0,0.0,1.0,796,0.0,vision.view_0.block_01.attn.softmax.probs,PASS_EXACT,817452
0,op,96,op,1.0,0.0,0.0,0,0.0,1.0000000000000002,797,0.0,vision.view_0.block_01.attn.context_heads,PASS_EXACT,200448
0,op,97,op,1.0,0.0,0.0,0,0.0,0.9999999999999999,798,0.0,vision.view_0.block_01.attn.context_merged,PASS_EXACT,200448
0,op,98,op,1.0,0.0,0.0,0,0.0,1.0,799,0.0,vision.view_0.block_01.attn.output_projection,PASS_EXACT,200448
0,exhaustive,99,exhaustive,1.0,0.0,0.0,0,0.0,1.0,800,0.0,vision.view_0.block_01.layer_scale_1.input,PASS_EXACT,200448
0,op,100,op,0.9999999999999999,0.0,0.0,0,0.0,1.0,801,0.0,vision.view_0.block_01.layer_scale_1.output,PASS_EXACT,200448
0,op,101,op,1.0,0.0,0.0,0,0.0,1.0,802,0.0,vision.view_0.block_01.residual_1.left,PASS_EXACT,200448
0,op,102,op,0.9999999999999999,0.0,0.0,0,0.0,1.0,803,0.0,vision.view_0.block_01.residual_1.right,PASS_EXACT,200448
0,op,103,op,0.9999999999999998,0.0,0.0,0,0.0,1.0000000000000002,804,0.0,vision.view_0.block_01.residual_1.sum,PASS_EXACT,200448
0,exhaustive,104,exhaustive,0.9999999999999998,0.0,0.0,0,0.0,1.0000000000000002,805,0.0,vision.view_0.block_01.norm_2.input,PASS_EXACT,200448
0,exhaustive,930,exhaustive,1.0,0.0,0.0,0,0.0,1.0,806,0.0,vision.view_0.block_01.norm_2.mean,PASS_EXACT,261
0,exhaustive,931,exhaustive,0.9999999999999999,0.0,0.0,0,0.0,1.0,807,0.0,vision.view_0.block_01.norm_2.variance,PASS_EXACT,261
0,exhaustive,932,exhaustive,1.0,0.0,0.0,0,0.0,0.9999999999999998,808,0.0,vision.view_0.block_01.norm_2.inv_std,PASS_EXACT,261
0,exhaustive,933,exhaustive,1.0000000000000002,0.0,0.0,0,0.0,1.0000000000000002,809,0.0,vision.view_0.block_01.norm_2.normalized,PASS_EXACT,200448
0,exhaustive,105,exhaustive,1.0,0.0,0.0,0,0.0,1.0,810,0.0,vision.view_0.block_01.norm_2.output,PASS_EXACT,200448
0,exhaustive,106,exhaustive,0.9999986236998573,0.05218696594238281,0.00098230668088531,0,0.0,0.9999985987471192,811,0.0016354644584776297,vision.view_0.block_01.mlp.linear_1.matmul,PASS_TOLERANCE,801792
0,exhaustive,107,exhaustive,1.0,0.0,0.0,0,0.0,1.0,812,0.0,vision.view_0.block_01.mlp.linear_1.bias_add,PASS_EXACT,801792
0,exhaustive,108,exhaustive,1.0,0.0,0.0,0,0.0,1.0,813,0.0,vision.view_0.block_01.mlp.activation.input,PASS_EXACT,801792
0,op,109,op,0.9999999999999999,0.0,0.0,0,0.0,1.0,814,0.0,vision.view_0.block_01.mlp.activation.output,PASS_EXACT,801792
0,exhaustive,110,exhaustive,0.9999986172357023,0.05879402160644531,0.0013266225165773288,0,0.0,0.9999986171610877,815,0.002380477575616106,vision.view_0.block_01.mlp.linear_2.matmul,PASS_TOLERANCE,200448
0,exhaustive,111,exhaustive,0.9999999999999999,0.0,0.0,0,0.0,0.9999999999999999,816,0.0,vision.view_0.block_01.mlp.linear_2.bias_add,PASS_EXACT,200448
0,exhaustive,112,exhaustive,0.9999999999999999,0.0,0.0,0,0.0,0.9999999999999999,817,0.0,vision.view_0.block_01.layer_scale_2.input,PASS_EXACT,200448
0,op,113,op,1.0,0.0,0.0,0,0.0,1.0000000000000002,818,0.0,vision.view_0.block_01.layer_scale_2.output,PASS_EXACT,200448
0,op,114,op,0.9999999999999998,0.0,0.0,0,0.0,1.0000000000000002,819,0.0,vision.view_0.block_01.residual_2.left,PASS_EXACT,200448
0,op,115,op,1.0,0.0,0.0,0,0.0,1.0000000000000002,820,0.0,vision.view_0.block_01.residual_2.right,PASS_EXACT,200448
0,op,116,op,1.0,0.0,0.0,0,0.0,1.0,821,0.0,vision.view_0.block_01.residual_2.sum,PASS_EXACT,200448
0,layer,6,layer,1.0,0.0,0.0,0,0.0,1.0,822,0.0,vision.view_0.block_01.output,PASS_EXACT,200448
0,layer,117,layer,1.0,0.0,0.0,0,0.0,1.0,823,0.0,vision.view_0.block_02.input,PASS_EXACT,200448
0,exhaustive,118,exhaustive,1.0,0.0,0.0,0,0.0,1.0,824,0.0,vision.view_0.block_02.norm_1.input,PASS_EXACT,200448
0,exhaustive,934,exhaustive,1.0,0.0,0.0,0,0.0,1.0,825,0.0,vision.view_0.block_02.norm_1.mean,PASS_EXACT,261
0,exhaustive,935,exhaustive,1.0,0.0,0.0,0,0.0,0.9999999999999998,826,0.0,vision.view_0.block_02.norm_1.variance,PASS_EXACT,261
0,exhaustive,936,exhaustive,0.9999999999999998,0.0,0.0,0,0.0,1.0000000000000002,827,0.0,vision.view_0.block_02.norm_1.inv_std,PASS_EXACT,261
0,exhaustive,937,exhaustive,0.9999999999999999,0.0,0.0,0,0.0,1.0,828,0.0,vision.view_0.block_02.norm_1.normalized,PASS_EXACT,200448
0,exhaustive,119,exhaustive,1.0,0.0,0.0,0,0.0,1.0,829,0.0,vision.view_0.block_02.norm_1.output,PASS_EXACT,200448
0,exhaustive,120,exhaustive,0.9999974428259758,0.08148193359375,0.001987012587450133,0,0.0,0.9999974419815962,830,0.003682388871382533,vision.view_0.block_02.attn.qkv_linear.matmul,PASS_TOLERANCE,601344
0,exhaustive,121,exhaustive,0.9999955938827509,0.125,0.001749672371400112,0,0.0,0.9999955924585323,831,0.004835695128047509,vision.view_0.block_02.attn.qkv_linear.bias_add,PASS_TOLERANCE,601344
0,op,122,op,1.0,0.0,0.0,0,0.0,1.0000000000000002,832,0.0,vision.view_0.block_02.attn.q,PASS_EXACT,200448
0,op,123,op,1.0,0.0,0.0,0,0.0,1.0,833,0.0,vision.view_0.block_02.attn.k,PASS_EXACT,200448
0,op,124,op,0.9999999999999998,0.0,0.0,0,0.0,1.0,834,0.0,vision.view_0.block_02.attn.v,PASS_EXACT,200448
0,op,125,op,1.0,0.0,0.0,0,0.0,1.0,835,0.0,vision.view_0.block_02.attn.q_heads,PASS_EXACT,200448
0,op,126,op,1.0,0.0,0.0,0,0.0,1.0,836,0.0,vision.view_0.block_02.attn.k_heads,PASS_EXACT,200448
0,op,127,op,0.9999999999999998,0.0,0.0,0,0.0,1.0,837,0.0,vision.view_0.block_02.attn.v_heads,PASS_EXACT,200448
0,op,128,op,1.0,0.0,0.0,0,0.0,1.0,838,0.0,vision.view_0.block_02.attn.logits,PASS_EXACT,817452
0,exhaustive,1216,exhaustive,1.0,0.0,0.0,0,0.0,1.0,839,0.0,vision.view_0.block_02.attn.scale,PASS_EXACT,1
0,op,129,op,1.0,0.0,0.0,0,0.0,1.0,840,0.0,vision.view_0.block_02.attn.scaled_logits,PASS_EXACT,817452
0,exhaustive,1126,exhaustive,0.9999999999999998,0.0,0.0,0,0.0,1.0,841,0.0,vision.view_0.block_02.attn.softmax.max,PASS_EXACT,3132
0,exhaustive,1127,exhaustive,1.0000000000000002,0.0,0.0,0,0.0,1.0,842,0.0,vision.view_0.block_02.attn.softmax.shifted,PASS_EXACT,817452
0,exhaustive,1128,exhaustive,0.9999999999999021,5.960464477539063e-08,1.2211109725317158e-09,0,0.0,1.000000000000021,843,5.519441804686241e-09,vision.view_0.block_02.attn.softmax.exp,PASS_TOLERANCE,817452
0,exhaustive,1129,exhaustive,0.9999999999999611,4.57763671875e-05,3.143707302186072e-06,0,0.0,0.9999999999999167,844,5.374761267516286e-06,vision.view_0.block_02.attn.softmax.sum,PASS_TOLERANCE,3132
0,op,130,op,0.9999999999999999,0.0,0.0,0,0.0,1.0,845,0.0,vision.view_0.block_02.attn.softmax.probs,PASS_EXACT,817452
0,op,131,op,1.0000000000000002,0.0,0.0,0,0.0,1.0,846,0.0,vision.view_0.block_02.attn.context_heads,PASS_EXACT,200448
0,op,132,op,1.0,0.0,0.0,0,0.0,1.0,847,0.0,vision.view_0.block_02.attn.context_merged,PASS_EXACT,200448
0,op,133,op,1.0,0.0,0.0,0,0.0,1.0,848,0.0,vision.view_0.block_02.attn.output_projection,PASS_EXACT,200448
0,exhaustive,134,exhaustive,1.0,0.0,0.0,0,0.0,1.0,849,0.0,vision.view_0.block_02.layer_scale_1.input,PASS_EXACT,200448
0,op,135,op,1.0,0.0,0.0,0,0.0,0.9999999999999999,850,0.0,vision.view_0.block_02.layer_scale_1.output,PASS_EXACT,200448
0,op,136,op,1.0,0.0,0.0,0,0.0,1.0,851,0.0,vision.view_0.block_02.residual_1.left,PASS_EXACT,200448
0,op,137,op,1.0,0.0,0.0,0,0.0,0.9999999999999999,852,0.0,vision.view_0.block_02.residual_1.right,PASS_EXACT,200448
0,op,138,op,1.0,0.0,0.0,0,0.0,1.0,853,0.0,vision.view_0.block_02.residual_1.sum,PASS_EXACT,200448
0,exhaustive,139,exhaustive,1.0,0.0,0.0,0,0.0,1.0,854,0.0,vision.view_0.block_02.norm_2.input,PASS_EXACT,200448
0,exhaustive,938,exhaustive,0.9999999999999999,0.0,0.0,0,0.0,1.0,855,0.0,vision.view_0.block_02.norm_2.mean,PASS_EXACT,261
0,exhaustive,939,exhaustive,1.0000000000000002,0.0,0.0,0,0.0,1.0000000000000002,856,0.0,vision.view_0.block_02.norm_2.variance,PASS_EXACT,261
0,exhaustive,940,exhaustive,1.0000000000000002,0.0,0.0,0,0.0,1.0,857,0.0,vision.view_0.block_02.norm_2.inv_std,PASS_EXACT,261
0,exhaustive,941,exhaustive,1.0,0.0,0.0,0,0.0,1.0,858,0.0,vision.view_0.block_02.norm_2.normalized,PASS_EXACT,200448
0,exhaustive,140,exhaustive,1.0,0.0,0.0,0,0.0,1.0000000000000002,859,0.0,vision.view_0.block_02.norm_2.output,PASS_EXACT,200448
0,exhaustive,141,exhaustive,0.9999983353675415,3.990966796875,0.0010583154307521859,0,0.0,0.9999983353468122,860,0.010686718369672924,vision.view_0.block_02.mlp.linear_1.matmul,PASS_TOLERANCE,801792
0,exhaustive,142,exhaustive,1.0000000000000002,0.0,0.0,0,0.0,0.9999999999999999,861,0.0,vision.view_0.block_02.mlp.linear_1.bias_add,PASS_EXACT,801792
0,exhaustive,143,exhaustive,1.0000000000000002,0.0,0.0,0,0.0,0.9999999999999999,862,0.0,vision.view_0.block_02.mlp.activation.input,PASS_EXACT,801792
0,op,144,op,1.0,0.0,0.0,0,0.0,0.9999999999999999,863,0.0,vision.view_0.block_02.mlp.activation.output,PASS_EXACT,801792
0,exhaustive,145,exhaustive,0.999998715837333,5.172119140625,0.002867929380469645,0,0.0,0.9999987158310274,864,0.03880911384083611,vision.view_0.block_02.mlp.linear_2.matmul,PASS_TOLERANCE,200448
0,exhaustive,146,exhaustive,1.0,0.0,0.0,0,0.0,1.0000000000000002,865,0.0,vision.view_0.block_02.mlp.linear_2.bias_add,PASS_EXACT,200448
0,exhaustive,147,exhaustive,1.0,0.0,0.0,0,0.0,1.0000000000000002,866,0.0,vision.view_0.block_02.layer_scale_2.input,PASS_EXACT,200448
0,op,148,op,1.0,0.0,0.0,0,0.0,1.0,867,0.0,vision.view_0.block_02.layer_scale_2.output,PASS_EXACT,200448
0,op,149,op,1.0,0.0,0.0,0,0.0,1.0,868,0.0,vision.view_0.block_02.residual_2.left,PASS_EXACT,200448
0,op,150,op,1.0,0.0,0.0,0,0.0,1.0,869,0.0,vision.view_0.block_02.residual_2.right,PASS_EXACT,200448
0,op,151,op,1.0000000000000002,0.0,0.0,0,0.0,0.9999999999999998,870,0.0,vision.view_0.block_02.residual_2.sum,PASS_EXACT,200448
0,layer,7,layer,1.0000000000000002,0.0,0.0,0,0.0,0.9999999999999998,871,0.0,vision.view_0.block_02.output,PASS_EXACT,200448
0,layer,152,layer,1.0000000000000002,0.0,0.0,0,0.0,0.9999999999999998,872,0.0,vision.view_0.block_03.input,PASS_EXACT,200448
0,exhaustive,153,exhaustive,1.0000000000000002,0.0,0.0,0,0.0,0.9999999999999998,873,0.0,vision.view_0.block_03.norm_1.input,PASS_EXACT,200448
0,exhaustive,942,exhaustive,1.0000000000000002,0.0,0.0,0,0.0,1.0000000000000002,874,0.0,vision.view_0.block_03.norm_1.mean,PASS_EXACT,261
0,exhaustive,943,exhaustive,1.0,0.0,0.0,0,0.0,1.0,875,0.0,vision.view_0.block_03.norm_1.variance,PASS_EXACT,261
0,exhaustive,944,exhaustive,1.0,0.0,0.0,0,0.0,1.0000000000000002,876,0.0,vision.view_0.block_03.norm_1.inv_std,PASS_EXACT,261
0,exhaustive,945,exhaustive,1.0000000000000002,0.0,0.0,0,0.0,1.0000000000000002,877,0.0,vision.view_0.block_03.norm_1.normalized,PASS_EXACT,200448
0,exhaustive,154,exhaustive,1.0,0.0,0.0,0,0.0,1.0000000000000002,878,0.0,vision.view_0.block_03.norm_1.output,PASS_EXACT,200448
0,exhaustive,155,exhaustive,0.9999973097615299,0.1126708984375,0.0021456594615019715,0,0.0,0.9999973096334933,879,0.003809047521729499,vision.view_0.block_03.attn.qkv_linear.matmul,PASS_TOLERANCE,601344
0,exhaustive,156,exhaustive,0.999995608205972,0.125,0.0018778214276827343,0,0.0,0.9999956081515462,880,0.004871372365824689,vision.view_0.block_03.attn.qkv_linear.bias_add,PASS_TOLERANCE,601344
0,op,157,op,1.0,0.0,0.0,0,0.0,1.0000000000000002,881,0.0,vision.view_0.block_03.attn.q,PASS_EXACT,200448
0,op,158,op,0.9999999999999999,0.0,0.0,0,0.0,0.9999999999999999,882,0.0,vision.view_0.block_03.attn.k,PASS_EXACT,200448
0,op,159,op,1.0,0.0,0.0,0,0.0,0.9999999999999999,883,0.0,vision.view_0.block_03.attn.v,PASS_EXACT,200448
0,op,160,op,1.0,0.0,0.0,0,0.0,1.0,884,0.0,vision.view_0.block_03.attn.q_heads,PASS_EXACT,200448
0,op,161,op,1.0,0.0,0.0,0,0.0,1.0,885,0.0,vision.view_0.block_03.attn.k_heads,PASS_EXACT,200448
0,op,162,op,1.0,0.0,0.0,0,0.0,0.9999999999999999,886,0.0,vision.view_0.block_03.attn.v_heads,PASS_EXACT,200448
0,op,163,op,0.9999999999999999,0.0,0.0,0,0.0,1.0,887,0.0,vision.view_0.block_03.attn.logits,PASS_EXACT,817452
0,exhaustive,1217,exhaustive,1.0,0.0,0.0,0,0.0,1.0,888,0.0,vision.view_0.block_03.attn.scale,PASS_EXACT,1
0,op,164,op,0.9999999999999999,0.0,0.0,0,0.0,1.0,889,0.0,vision.view_0.block_03.attn.scaled_logits,PASS_EXACT,817452
0,exhaustive,1130,exhaustive,1.0,0.0,0.0,0,0.0,1.0,890,0.0,vision.view_0.block_03.attn.softmax.max,PASS_EXACT,3132
0,exhaustive,1131,exhaustive,0.9999999999999998,0.0,0.0,0,0.0,0.9999999999999999,891,0.0,vision.view_0.block_03.attn.softmax.shifted,PASS_EXACT,817452
0,exhaustive,1132,exhaustive,0.9999999999998985,5.960464477539063e-08,8.14546175243e-10,0,0.0,1.0000000000000138,892,4.363232390895258e-09,vision.view_0.block_03.attn.softmax.exp,PASS_TOLERANCE,817452
0,exhaustive,1133,exhaustive,0.9999999999999604,4.57763671875e-05,2.209330274988713e-06,0,0.0,0.999999999999935,893,4.2102094185973564e-06,vision.view_0.block_03.attn.softmax.sum,PASS_TOLERANCE,3132
0,op,165,op,1.0,0.0,0.0,0,0.0,0.9999999999999999,894,0.0,vision.view_0.block_03.attn.softmax.probs,PASS_EXACT,817452
0,op,166,op,1.0,0.0,0.0,0,0.0,1.0,895,0.0,vision.view_0.block_03.attn.context_heads,PASS_EXACT,200448
0,op,167,op,1.0,0.0,0.0,0,0.0,0.9999999999999998,896,0.0,vision.view_0.block_03.attn.context_merged,PASS_EXACT,200448
0,op,168,op,1.0,0.0,0.0,0,0.0,1.0,897,0.0,vision.view_0.block_03.attn.output_projection,PASS_EXACT,200448
0,exhaustive,169,exhaustive,1.0,0.0,0.0,0,0.0,1.0,898,0.0,vision.view_0.block_03.layer_scale_1.input,PASS_EXACT,200448
0,op,170,op,0.9999999999999999,0.0,0.0,0,0.0,1.0000000000000002,899,0.0,vision.view_0.block_03.layer_scale_1.output,PASS_EXACT,200448
0,op,171,op,1.0000000000000002,0.0,0.0,0,0.0,0.9999999999999998,900,0.0,vision.view_0.block_03.residual_1.left,PASS_EXACT,200448
0,op,172,op,0.9999999999999999,0.0,0.0,0,0.0,1.0000000000000002,901,0.0,vision.view_0.block_03.residual_1.right,PASS_EXACT,200448
0,op,173,op,0.9999999999999998,0.0,0.0,0,0.0,1.0,902,0.0,vision.view_0.block_03.residual_1.sum,PASS_EXACT,200448
0,exhaustive,174,exhaustive,0.9999999999999998,0.0,0.0,0,0.0,1.0,903,0.0,vision.view_0.block_03.norm_2.input,PASS_EXACT,200448
0,exhaustive,946,exhaustive,1.0000000000000002,0.0,0.0,0,0.0,1.0,904,0.0,vision.view_0.block_03.norm_2.mean,PASS_EXACT,261
0,exhaustive,947,exhaustive,0.9999999999999998,0.0,0.0,0,0.0,1.0000000000000002,905,0.0,vision.view_0.block_03.norm_2.variance,PASS_EXACT,261
0,exhaustive,948,exhaustive,0.9999999999999999,0.0,0.0,0,0.0,1.0,906,0.0,vision.view_0.block_03.norm_2.inv_std,PASS_EXACT,261
0,exhaustive,949,exhaustive,0.9999999999999999,0.0,0.0,0,0.0,1.0,907,0.0,vision.view_0.block_03.norm_2.normalized,PASS_EXACT,200448
0,exhaustive,175,exhaustive,1.0,0.0,0.0,0,0.0,1.0,908,0.0,vision.view_0.block_03.norm_2.output,PASS_EXACT,200448
0,exhaustive,176,exhaustive,0.9999986246421256,0.05875968933105469,0.0009590713692402854,0,0.0,0.9999986155914742,909,0.001482296982166575,vision.view_0.block_03.mlp.linear_1.matmul,PASS_TOLERANCE,801792
0,exhaustive,177,exhaustive,1.0000000000000002,0.0,0.0,0,0.0,1.0,910,0.0,vision.view_0.block_03.mlp.linear_1.bias_add,PASS_EXACT,801792
0,exhaustive,178,exhaustive,1.0000000000000002,0.0,0.0,0,0.0,1.0,911,0.0,vision.view_0.block_03.mlp.activation.input,PASS_EXACT,801792
0,op,179,op,0.9999999999999999,0.0,0.0,0,0.0,0.9999999999999999,912,0.0,vision.view_0.block_03.mlp.activation.output,PASS_EXACT,801792
0,exhaustive,180,exhaustive,0.9999985919207137,0.11849594116210938,0.001102412915029912,0,0.0,0.9999985917143264,913,0.0017247139730357118,vision.view_0.block_03.mlp.linear_2.matmul,PASS_TOLERANCE,200448
0,exhaustive,181,exhaustive,1.0,0.0,0.0,0,0.0,1.0,914,0.0,vision.view_0.block_03.mlp.linear_2.bias_add,PASS_EXACT,200448
0,exhaustive,182,exhaustive,1.0,0.0,0.0,0,0.0,1.0,915,0.0,vision.view_0.block_03.layer_scale_2.input,PASS_EXACT,200448
0,op,183,op,0.9999999999999999,0.0,0.0,0,0.0,0.9999999999999999,916,0.0,vision.view_0.block_03.layer_scale_2.output,PASS_EXACT,200448
0,op,184,op,0.9999999999999998,0.0,0.0,0,0.0,1.0,917,0.0,vision.view_0.block_03.residual_2.left,PASS_EXACT,200448
0,op,185,op,0.9999999999999999,0.0,0.0,0,0.0,0.9999999999999999,918,0.0,vision.view_0.block_03.residual_2.right,PASS_EXACT,200448
0,op,186,op,1.0,0.0,0.0,0,0.0,1.0,919,0.0,vision.view_0.block_03.residual_2.sum,PASS_EXACT,200448
0,layer,8,layer,1.0,0.0,0.0,0,0.0,1.0,920,0.0,vision.view_0.block_03.output,PASS_EXACT,200448
0,layer,187,layer,1.0,0.0,0.0,0,0.0,1.0,921,0.0,vision.view_0.block_04.input,PASS_EXACT,200448
0,exhaustive,188,exhaustive,1.0,0.0,0.0,0,0.0,1.0,922,0.0,vision.view_0.block_04.norm_1.input,PASS_EXACT,200448
0,exhaustive,950,exhaustive,1.0000000000000002,0.0,0.0,0,0.0,1.0000000000000002,923,0.0,vision.view_0.block_04.norm_1.mean,PASS_EXACT,261
0,exhaustive,951,exhaustive,1.0,0.0,0.0,0,0.0,0.9999999999999998,924,0.0,vision.view_0.block_04.norm_1.variance,PASS_EXACT,261
0,exhaustive,952,exhaustive,1.0,0.0,0.0,0,0.0,1.0000000000000002,925,0.0,vision.view_0.block_04.norm_1.inv_std,PASS_EXACT,261
0,exhaustive,953,exhaustive,0.9999999999999999,0.0,0.0,0,0.0,0.9999999999999999,926,0.0,vision.view_0.block_04.norm_1.normalized,PASS_EXACT,200448
0,exhaustive,189,exhaustive,1.0,0.0,0.0,0,0.0,0.9999999999999999,927,0.0,vision.view_0.block_04.norm_1.output,PASS_EXACT,200448
0,exhaustive,190,exhaustive,0.9999973287308981,0.08559513092041016,0.001984191429297869,0,0.0,0.9999973283765933,928,0.0032397282888247227,vision.view_0.block_04.attn.qkv_linear.matmul,PASS_TOLERANCE,601344
0,exhaustive,191,exhaustive,0.99999561112045,0.0625,0.0017385535499100046,0,0.0,0.9999956105667923,929,0.004156232547709893,vision.view_0.block_04.attn.qkv_linear.bias_add,PASS_TOLERANCE,601344
0,op,192,op,1.0000000000000002,0.0,0.0,0,0.0,1.0,930,0.0,vision.view_0.block_04.attn.q,PASS_EXACT,200448
0,op,193,op,1.0,0.0,0.0,0,0.0,1.0000000000000002,931,0.0,vision.view_0.block_04.attn.k,PASS_EXACT,200448
0,op,194,op,0.9999999999999999,0.0,0.0,0,0.0,1.0000000000000002,932,0.0,vision.view_0.block_04.attn.v,PASS_EXACT,200448
0,op,195,op,1.0000000000000002,0.0,0.0,0,0.0,0.9999999999999999,933,0.0,vision.view_0.block_04.attn.q_heads,PASS_EXACT,200448
0,op,196,op,1.0000000000000002,0.0,0.0,0,0.0,1.0000000000000002,934,0.0,vision.view_0.block_04.attn.k_heads,PASS_EXACT,200448
0,op,197,op,0.9999999999999999,0.0,0.0,0,0.0,0.9999999999999999,935,0.0,vision.view_0.block_04.attn.v_heads,PASS_EXACT,200448
0,op,198,op,0.9999999999999999,0.0,0.0,0,0.0,1.0,936,0.0,vision.view_0.block_04.attn.logits,PASS_EXACT,817452
0,exhaustive,1218,exhaustive,1.0,0.0,0.0,0,0.0,1.0,937,0.0,vision.view_0.block_04.attn.scale,PASS_EXACT,1
0,op,199,op,0.9999999999999999,0.0,0.0,0,0.0,1.0,938,0.0,vision.view_0.block_04.attn.scaled_logits,PASS_EXACT,817452
0,exhaustive,1134,exhaustive,1.0,0.0,0.0,0,0.0,1.0000000000000002,939,0.0,vision.view_0.block_04.attn.softmax.max,PASS_EXACT,3132
0,exhaustive,1135,exhaustive,1.0000000000000002,0.0,0.0,0,0.0,0.9999999999999998,940,0.0,vision.view_0.block_04.attn.softmax.shifted,PASS_EXACT,817452
0,exhaustive,1136,exhaustive,0.9999999999999573,5.960464477539063e-08,6.985908170490259e-10,0,0.0,0.999999999999994,941,3.963138796471198e-09,vision.view_0.block_04.attn.softmax.exp,PASS_TOLERANCE,817452
0,exhaustive,1137,exhaustive,0.9999999999999608,3.814697265625e-05,2.0263676137912015e-06,0,0.0,0.9999999999999258,942,3.4306686003220238e-06,vision.view_0.block_04.attn.softmax.sum,PASS_TOLERANCE,3132
0,op,200,op,1.0000000000000002,0.0,0.0,0,0.0,1.0,943,0.0,vision.view_0.block_04.attn.softmax.probs,PASS_EXACT,817452
0,op,201,op,1.0,0.0,0.0,0,0.0,1.0,944,0.0,vision.view_0.block_04.attn.context_heads,PASS_EXACT,200448
0,op,202,op,1.0,0.0,0.0,0,0.0,0.9999999999999999,945,0.0,vision.view_0.block_04.attn.context_merged,PASS_EXACT,200448
0,op,203,op,1.0000000000000002,0.0,0.0,0,0.0,1.0000000000000002,946,0.0,vision.view_0.block_04.attn.output_projection,PASS_EXACT,200448
0,exhaustive,204,exhaustive,1.0000000000000002,0.0,0.0,0,0.0,1.0000000000000002,947,0.0,vision.view_0.block_04.layer_scale_1.input,PASS_EXACT,200448
0,op,205,op,1.0000000000000002,0.0,0.0,0,0.0,0.9999999999999998,948,0.0,vision.view_0.block_04.layer_scale_1.output,PASS_EXACT,200448
0,op,206,op,1.0,0.0,0.0,0,0.0,1.0,949,0.0,vision.view_0.block_04.residual_1.left,PASS_EXACT,200448
0,op,207,op,1.0000000000000002,0.0,0.0,0,0.0,0.9999999999999998,950,0.0,vision.view_0.block_04.residual_1.right,PASS_EXACT,200448
0,op,208,op,1.0,0.0,0.0,0,0.0,1.0000000000000002,951,0.0,vision.view_0.block_04.residual_1.sum,PASS_EXACT,200448
0,exhaustive,209,exhaustive,1.0,0.0,0.0,0,0.0,1.0000000000000002,952,0.0,vision.view_0.block_04.norm_2.input,PASS_EXACT,200448
0,exhaustive,954,exhaustive,1.0,0.0,0.0,0,0.0,0.9999999999999998,953,0.0,vision.view_0.block_04.norm_2.mean,PASS_EXACT,261
0,exhaustive,955,exhaustive,0.9999999999999998,0.0,0.0,0,0.0,1.0,954,0.0,vision.view_0.block_04.norm_2.variance,PASS_EXACT,261
0,exhaustive,956,exhaustive,0.9999999999999999,0.0,0.0,0,0.0,0.9999999999999998,955,0.0,vision.view_0.block_04.norm_2.inv_std,PASS_EXACT,261
0,exhaustive,957,exhaustive,0.9999999999999999,0.0,0.0,0,0.0,1.0,956,0.0,vision.view_0.block_04.norm_2.normalized,PASS_EXACT,200448
0,exhaustive,210,exhaustive,1.0000000000000002,0.0,0.0,0,0.0,1.0,957,0.0,vision.view_0.block_04.norm_2.output,PASS_EXACT,200448
0,exhaustive,211,exhaustive,0.9999986288068715,0.1187286376953125,0.0010455387382436532,0,0.0,0.9999986189283497,958,0.0016046192195337565,vision.view_0.block_04.mlp.linear_1.matmul,PASS_TOLERANCE,801792
0,exhaustive,212,exhaustive,1.0,0.0,0.0,0,0.0,1.0,959,0.0,vision.view_0.block_04.mlp.linear_1.bias_add,PASS_EXACT,801792
0,exhaustive,213,exhaustive,1.0,0.0,0.0,0,0.0,1.0,960,0.0,vision.view_0.block_04.mlp.activation.input,PASS_EXACT,801792
0,op,214,op,1.0,0.0,0.0,0,0.0,1.0,961,0.0,vision.view_0.block_04.mlp.activation.output,PASS_EXACT,801792
0,exhaustive,215,exhaustive,0.9999986495862173,0.2002716064453125,0.0010670821480363063,0,0.0,0.9999986495293345,962,0.0017401703827969448,vision.view_0.block_04.mlp.linear_2.matmul,PASS_TOLERANCE,200448
0,exhaustive,216,exhaustive,1.0,0.0,0.0,0,0.0,1.0000000000000002,963,0.0,vision.view_0.block_04.mlp.linear_2.bias_add,PASS_EXACT,200448
0,exhaustive,217,exhaustive,1.0,0.0,0.0,0,0.0,1.0000000000000002,964,0.0,vision.view_0.block_04.layer_scale_2.input,PASS_EXACT,200448
0,op,218,op,1.0000000000000002,0.0,0.0,0,0.0,1.0,965,0.0,vision.view_0.block_04.layer_scale_2.output,PASS_EXACT,200448
0,op,219,op,1.0,0.0,0.0,0,0.0,1.0000000000000002,966,0.0,vision.view_0.block_04.residual_2.left,PASS_EXACT,200448
0,op,220,op,1.0000000000000002,0.0,0.0,0,0.0,1.0,967,0.0,vision.view_0.block_04.residual_2.right,PASS_EXACT,200448
0,op,221,op,1.0,0.0,0.0,0,0.0,1.0,968,0.0,vision.view_0.block_04.residual_2.sum,PASS_EXACT,200448
0,layer,9,layer,1.0,0.0,0.0,0,0.0,1.0,969,0.0,vision.view_0.block_04.output,PASS_EXACT,200448
0,layer,222,layer,1.0,0.0,0.0,0,0.0,1.0,970,0.0,vision.view_0.block_05.input,PASS_EXACT,200448
0,exhaustive,223,exhaustive,1.0,0.0,0.0,0,0.0,1.0,971,0.0,vision.view_0.block_05.norm_1.input,PASS_EXACT,200448
0,exhaustive,958,exhaustive,0.9999999999999998,0.0,0.0,0,0.0,1.0,972,0.0,vision.view_0.block_05.norm_1.mean,PASS_EXACT,261
0,exhaustive,959,exhaustive,1.0,0.0,0.0,0,0.0,1.0,973,0.0,vision.view_0.block_05.norm_1.variance,PASS_EXACT,261
0,exhaustive,960,exhaustive,1.0000000000000002,0.0,0.0,0,0.0,1.0,974,0.0,vision.view_0.block_05.norm_1.inv_std,PASS_EXACT,261
0,exhaustive,961,exhaustive,1.0,0.0,0.0,0,0.0,1.0,975,0.0,vision.view_0.block_05.norm_1.normalized,PASS_EXACT,200448
0,exhaustive,224,exhaustive,1.0,0.0,0.0,0,0.0,1.0,976,0.0,vision.view_0.block_05.norm_1.output,PASS_EXACT,200448
0,exhaustive,225,exhaustive,0.9999970906590344,0.08118915557861328,0.0019971491577158505,0,0.0,0.9999970905578449,977,0.0031977183104356663,vision.view_0.block_05.attn.qkv_linear.matmul,PASS_TOLERANCE,601344
0,exhaustive,226,exhaustive,0.9999952611039797,0.0625,0.0017798491738274338,0,0.0,0.9999952609392823,978,0.0040826232271691555,vision.view_0.block_05.attn.qkv_linear.bias_add,PASS_TOLERANCE,601344
0,op,227,op,1.0,0.0,0.0,0,0.0,1.0,979,0.0,vision.view_0.block_05.attn.q,PASS_EXACT,200448
0,op,228,op,1.0,0.0,0.0,0,0.0,1.0,980,0.0,vision.view_0.block_05.attn.k,PASS_EXACT,200448
0,op,229,op,1.0000000000000002,0.0,0.0,0,0.0,1.0000000000000002,981,0.0,vision.view_0.block_05.attn.v,PASS_EXACT,200448
0,op,230,op,0.9999999999999999,0.0,0.0,0,0.0,0.9999999999999999,982,0.0,vision.view_0.block_05.attn.q_heads,PASS_EXACT,200448
0,op,231,op,1.0,0.0,0.0,0,0.0,1.0,983,0.0,vision.view_0.block_05.attn.k_heads,PASS_EXACT,200448
0,op,232,op,1.0000000000000002,0.0,0.0,0,0.0,1.0,984,0.0,vision.view_0.block_05.attn.v_heads,PASS_EXACT,200448
0,op,233,op,1.0,0.0,0.0,0,0.0,1.0,985,0.0,vision.view_0.block_05.attn.logits,PASS_EXACT,817452
0,exhaustive,1219,exhaustive,1.0,0.0,0.0,0,0.0,1.0,986,0.0,vision.view_0.block_05.attn.scale,PASS_EXACT,1
0,op,234,op,1.0,0.0,0.0,0,0.0,1.0,987,0.0,vision.view_0.block_05.attn.scaled_logits,PASS_EXACT,817452
0,exhaustive,1138,exhaustive,0.9999999999999998,0.0,0.0,0,0.0,1.0,988,0.0,vision.view_0.block_05.attn.softmax.max,PASS_EXACT,3132
0,exhaustive,1139,exhaustive,1.0,0.0,0.0,0,0.0,1.0000000000000002,989,0.0,vision.view_0.block_05.attn.softmax.shifted,PASS_EXACT,817452
0,exhaustive,1140,exhaustive,1.0000000000000062,5.960464477539063e-08,6.642194025258611e-10,0,0.0,0.9999999999998299,990,3.875148212072996e-09,vision.view_0.block_05.attn.softmax.exp,PASS_TOLERANCE,817452
0,exhaustive,1141,exhaustive,0.9999999999999504,3.0517578125e-05,2.072422288234511e-06,0,0.0,0.9999999999998923,991,3.427397640326952e-06,vision.view_0.block_05.attn.softmax.sum,PASS_TOLERANCE,3132
0,op,235,op,0.9999999999999999,0.0,0.0,0,0.0,0.9999999999999999,992,0.0,vision.view_0.block_05.attn.softmax.probs,PASS_EXACT,817452
0,op,236,op,1.0,0.0,0.0,0,0.0,1.0,993,0.0,vision.view_0.block_05.attn.context_heads,PASS_EXACT,200448
0,op,237,op,1.0,0.0,0.0,0,0.0,1.0,994,0.0,vision.view_0.block_05.attn.context_merged,PASS_EXACT,200448
0,op,238,op,1.0,0.0,0.0,0,0.0,1.0,995,0.0,vision.view_0.block_05.attn.output_projection,PASS_EXACT,200448
0,exhaustive,239,exhaustive,1.0,0.0,0.0,0,0.0,1.0,996,0.0,vision.view_0.block_05.layer_scale_1.input,PASS_EXACT,200448
0,op,240,op,1.0,0.0,0.0,0,0.0,0.9999999999999998,997,0.0,vision.view_0.block_05.layer_scale_1.output,PASS_EXACT,200448
0,op,241,op,1.0,0.0,0.0,0,0.0,1.0,998,0.0,vision.view_0.block_05.residual_1.left,PASS_EXACT,200448
0,op,242,op,1.0,0.0,0.0,0,0.0,0.9999999999999998,999,0.0,vision.view_0.block_05.residual_1.right,PASS_EXACT,200448
0,op,243,op,1.0,0.0,0.0,0,0.0,1.0,1000,0.0,vision.view_0.block_05.residual_1.sum,PASS_EXACT,200448
0,exhaustive,244,exhaustive,1.0,0.0,0.0,0,0.0,1.0,1001,0.0,vision.view_0.block_05.norm_2.input,PASS_EXACT,200448
0,exhaustive,962,exhaustive,0.9999999999999998,0.0,0.0,0,0.0,1.0,1002,0.0,vision.view_0.block_05.norm_2.mean,PASS_EXACT,261
0,exhaustive,963,exhaustive,1.0,0.0,0.0,0,0.0,1.0,1003,0.0,vision.view_0.block_05.norm_2.variance,PASS_EXACT,261
0,exhaustive,964,exhaustive,1.0,0.0,0.0,0,0.0,1.0,1004,0.0,vision.view_0.block_05.norm_2.inv_std,PASS_EXACT,261
0,exhaustive,965,exhaustive,1.0000000000000002,0.0,0.0,0,0.0,1.0,1005,0.0,vision.view_0.block_05.norm_2.normalized,PASS_EXACT,200448
0,exhaustive,245,exhaustive,0.9999999999999998,0.0,0.0,0,0.0,1.0,1006,0.0,vision.view_0.block_05.norm_2.output,PASS_EXACT,200448
0,exhaustive,246,exhaustive,0.9999986069938336,0.03202629089355469,0.0011529365999100765,0,0.0,0.9999985931304601,1007,0.0019162242338902516,vision.view_0.block_05.mlp.linear_1.matmul,PASS_TOLERANCE,801792
0,exhaustive,247,exhaustive,1.0000000000000002,0.0,0.0,0,0.0,0.9999999999999998,1008,0.0,vision.view_0.block_05.mlp.linear_1.bias_add,PASS_EXACT,801792
0,exhaustive,248,exhaustive,1.0000000000000002,0.0,0.0,0,0.0,0.9999999999999998,1009,0.0,vision.view_0.block_05.mlp.activation.input,PASS_EXACT,801792
0,op,249,op,0.9999999999999999,0.0,0.0,0,0.0,0.9999999999999999,1010,0.0,vision.view_0.block_05.mlp.activation.output,PASS_EXACT,801792
0,exhaustive,250,exhaustive,0.9999985206232315,0.83111572265625,0.0010415229136582242,0,0.0,0.999998520593528,1011,0.0036636827126659325,vision.view_0.block_05.mlp.linear_2.matmul,PASS_TOLERANCE,200448
0,exhaustive,251,exhaustive,1.0,0.0,0.0,0,0.0,1.0000000000000002,1012,0.0,vision.view_0.block_05.mlp.linear_2.bias_add,PASS_EXACT,200448
0,exhaustive,252,exhaustive,1.0,0.0,0.0,0,0.0,1.0000000000000002,1013,0.0,vision.view_0.block_05.layer_scale_2.input,PASS_EXACT,200448
0,op,253,op,1.0000000000000002,0.0,0.0,0,0.0,1.0,1014,0.0,vision.view_0.block_05.layer_scale_2.output,PASS_EXACT,200448
0,op,254,op,1.0,0.0,0.0,0,0.0,1.0,1015,0.0,vision.view_0.block_05.residual_2.left,PASS_EXACT,200448
0,op,255,op,1.0000000000000002,0.0,0.0,0,0.0,1.0,1016,0.0,vision.view_0.block_05.residual_2.right,PASS_EXACT,200448
0,op,256,op,1.0,0.0,0.0,0,0.0,1.0000000000000002,1017,0.0,vision.view_0.block_05.residual_2.sum,PASS_EXACT,200448
0,layer,10,layer,1.0,0.0,0.0,0,0.0,1.0000000000000002,1018,0.0,vision.view_0.block_05.output,PASS_EXACT,200448
0,layer,257,layer,1.0,0.0,0.0,0,0.0,1.0000000000000002,1019,0.0,vision.view_0.block_06.input,PASS_EXACT,200448
0,exhaustive,258,exhaustive,1.0,0.0,0.0,0,0.0,1.0000000000000002,1020,0.0,vision.view_0.block_06.norm_1.input,PASS_EXACT,200448
0,exhaustive,966,exhaustive,1.0,0.0,0.0,0,0.0,1.0,1021,0.0,vision.view_0.block_06.norm_1.mean,PASS_EXACT,261
0,exhaustive,967,exhaustive,1.0,0.0,0.0,0,0.0,1.0,1022,0.0,vision.view_0.block_06.norm_1.variance,PASS_EXACT,261
0,exhaustive,968,exhaustive,1.0,0.0,0.0,0,0.0,1.0000000000000002,1023,0.0,vision.view_0.block_06.norm_1.inv_std,PASS_EXACT,261
0,exhaustive,969,exhaustive,1.0000000000000002,0.0,0.0,0,0.0,0.9999999999999999,1024,0.0,vision.view_0.block_06.norm_1.normalized,PASS_EXACT,200448
0,exhaustive,259,exhaustive,0.9999999999999999,0.0,0.0,0,0.0,1.0,1025,0.0,vision.view_0.block_06.norm_1.output,PASS_EXACT,200448
0,exhaustive,260,exhaustive,0.9999970051134708,0.06568241119384766,0.001896630361516176,0,0.0,0.999997005036876,1026,0.0030851198297212152,vision.view_0.block_06.attn.qkv_linear.matmul,PASS_TOLERANCE,601344
0,exhaustive,261,exhaustive,0.9999951700872511,0.0625,0.0016921747328125561,0,0.0,0.9999951699667715,1027,0.003919528900157734,vision.view_0.block_06.attn.qkv_linear.bias_add,PASS_TOLERANCE,601344
0,op,262,op,1.0,0.0,0.0,0,0.0,0.9999999999999998,1028,0.0,vision.view_0.block_06.attn.q,PASS_EXACT,200448
0,op,263,op,1.0,0.0,0.0,0,0.0,0.9999999999999999,1029,0.0,vision.view_0.block_06.attn.k,PASS_EXACT,200448
0,op,264,op,1.0,0.0,0.0,0,0.0,1.0,1030,0.0,vision.view_0.block_06.attn.v,PASS_EXACT,200448
0,op,265,op,1.0,0.0,0.0,0,0.0,1.0,1031,0.0,vision.view_0.block_06.attn.q_heads,PASS_EXACT,200448
0,op,266,op,1.0,0.0,0.0,0,0.0,1.0,1032,0.0,vision.view_0.block_06.attn.k_heads,PASS_EXACT,200448
0,op,267,op,1.0000000000000002,0.0,0.0,0,0.0,1.0,1033,0.0,vision.view_0.block_06.attn.v_heads,PASS_EXACT,200448
0,op,268,op,1.0,0.0,0.0,0,0.0,1.0,1034,0.0,vision.view_0.block_06.attn.logits,PASS_EXACT,817452
0,exhaustive,1220,exhaustive,1.0,0.0,0.0,0,0.0,1.0,1035,0.0,vision.view_0.block_06.attn.scale,PASS_EXACT,1
0,op,269,op,1.0,0.0,0.0,0,0.0,1.0,1036,0.0,vision.view_0.block_06.attn.scaled_logits,PASS_EXACT,817452
0,exhaustive,1142,exhaustive,1.0,0.0,0.0,0,0.0,1.0000000000000002,1037,0.0,vision.view_0.block_06.attn.softmax.max,PASS_EXACT,3132
0,exhaustive,1143,exhaustive,1.0,0.0,0.0,0,0.0,1.0,1038,0.0,vision.view_0.block_06.attn.softmax.shifted,PASS_EXACT,817452
0,exhaustive,1144,exhaustive,0.9999999999999337,5.960464477539063e-08,6.994049992886526e-10,0,0.0,1.00000000000003,1039,4.170109044571199e-09,vision.view_0.block_06.attn.softmax.exp,PASS_TOLERANCE,817452
0,exhaustive,1145,exhaustive,0.9999999999999554,4.57763671875e-05,2.0933942928777038e-06,0,0.0,0.9999999999999011,1040,3.396745509987943e-06,vision.view_0.block_06.attn.softmax.sum,PASS_TOLERANCE,3132
0,op,270,op,1.0000000000000002,0.0,0.0,0,0.0,0.9999999999999998,1041,0.0,vision.view_0.block_06.attn.softmax.probs,PASS_EXACT,817452
0,op,271,op,1.0,0.0,0.0,0,0.0,1.0000000000000002,1042,0.0,vision.view_0.block_06.attn.context_heads,PASS_EXACT,200448
0,op,272,op,1.0,0.0,0.0,0,0.0,0.9999999999999999,1043,0.0,vision.view_0.block_06.attn.context_merged,PASS_EXACT,200448
0,op,273,op,1.0000000000000002,0.0,0.0,0,0.0,1.0,1044,0.0,vision.view_0.block_06.attn.output_projection,PASS_EXACT,200448
0,exhaustive,274,exhaustive,1.0000000000000002,0.0,0.0,0,0.0,1.0,1045,0.0,vision.view_0.block_06.layer_scale_1.input,PASS_EXACT,200448
0,op,275,op,1.0,0.0,0.0,0,0.0,1.0000000000000002,1046,0.0,vision.view_0.block_06.layer_scale_1.output,PASS_EXACT,200448
0,op,276,op,1.0,0.0,0.0,0,0.0,1.0000000000000002,1047,0.0,vision.view_0.block_06.residual_1.left,PASS_EXACT,200448
0,op,277,op,1.0,0.0,0.0,0,0.0,1.0000000000000002,1048,0.0,vision.view_0.block_06.residual_1.right,PASS_EXACT,200448
0,op,278,op,1.0,0.0,0.0,0,0.0,1.0,1049,0.0,vision.view_0.block_06.residual_1.sum,PASS_EXACT,200448
0,exhaustive,279,exhaustive,1.0,0.0,0.0,0,0.0,1.0,1050,0.0,vision.view_0.block_06.norm_2.input,PASS_EXACT,200448
0,exhaustive,970,exhaustive,0.9999999999999999,0.0,0.0,0,0.0,0.9999999999999999,1051,0.0,vision.view_0.block_06.norm_2.mean,PASS_EXACT,261
0,exhaustive,971,exhaustive,1.0,0.0,0.0,0,0.0,1.0000000000000002,1052,0.0,vision.view_0.block_06.norm_2.variance,PASS_EXACT,261
0,exhaustive,972,exhaustive,1.0000000000000002,0.0,0.0,0,0.0,1.0000000000000002,1053,0.0,vision.view_0.block_06.norm_2.inv_std,PASS_EXACT,261
0,exhaustive,973,exhaustive,1.0,0.0,0.0,0,0.0,1.0,1054,0.0,vision.view_0.block_06.norm_2.normalized,PASS_EXACT,200448
0,exhaustive,280,exhaustive,1.0,0.0,0.0,0,0.0,1.0,1055,0.0,vision.view_0.block_06.norm_2.output,PASS_EXACT,200448
0,exhaustive,281,exhaustive,0.9999986299219469,0.031183242797851562,0.0011630093648502787,0,0.0,0.999998603757429,1056,0.0018848850912252602,vision.view_0.block_06.mlp.linear_1.matmul,PASS_TOLERANCE,801792
0,exhaustive,282,exhaustive,1.0,0.0,0.0,0,0.0,1.0,1057,0.0,vision.view_0.block_06.mlp.linear_1.bias_add,PASS_EXACT,801792
0,exhaustive,283,exhaustive,1.0,0.0,0.0,0,0.0,1.0,1058,0.0,vision.view_0.block_06.mlp.activation.input,PASS_EXACT,801792
0,op,284,op,0.9999999999999999,0.0,0.0,0,0.0,1.0000000000000002,1059,0.0,vision.view_0.block_06.mlp.activation.output,PASS_EXACT,801792
0,exhaustive,285,exhaustive,0.9999989339774042,0.2494964599609375,0.0008831270311856806,0,0.0,0.9999989339848938,1060,0.0027558499493581154,vision.view_0.block_06.mlp.linear_2.matmul,PASS_TOLERANCE,200448
0,exhaustive,286,exhaustive,1.0,0.0,0.0,0,0.0,1.0000000000000002,1061,0.0,vision.view_0.block_06.mlp.linear_2.bias_add,PASS_EXACT,200448
0,exhaustive,287,exhaustive,1.0,0.0,0.0,0,0.0,1.0000000000000002,1062,0.0,vision.view_0.block_06.layer_scale_2.input,PASS_EXACT,200448
0,op,288,op,1.0,0.0,0.0,0,0.0,1.0000000000000002,1063,0.0,vision.view_0.block_06.layer_scale_2.output,PASS_EXACT,200448
0,op,289,op,1.0,0.0,0.0,0,0.0,1.0,1064,0.0,vision.view_0.block_06.residual_2.left,PASS_EXACT,200448
0,op,290,op,1.0,0.0,0.0,0,0.0,1.0000000000000002,1065,0.0,vision.view_0.block_06.residual_2.right,PASS_EXACT,200448
0,op,291,op,0.9999999999999999,0.0,0.0,0,0.0,1.0,1066,0.0,vision.view_0.block_06.residual_2.sum,PASS_EXACT,200448
0,layer,11,layer,0.9999999999999999,0.0,0.0,0,0.0,1.0,1067,0.0,vision.view_0.block_06.output,PASS_EXACT,200448
0,layer,292,layer,0.9999999999999999,0.0,0.0,0,0.0,1.0,1068,0.0,vision.view_0.block_07.input,PASS_EXACT,200448
0,exhaustive,293,exhaustive,0.9999999999999999,0.0,0.0,0,0.0,1.0,1069,0.0,vision.view_0.block_07.norm_1.input,PASS_EXACT,200448
0,exhaustive,974,exhaustive,0.9999999999999998,0.0,0.0,0,0.0,1.0,1070,0.0,vision.view_0.block_07.norm_1.mean,PASS_EXACT,261
0,exhaustive,975,exhaustive,1.0000000000000002,0.0,0.0,0,0.0,1.0,1071,0.0,vision.view_0.block_07.norm_1.variance,PASS_EXACT,261
0,exhaustive,976,exhaustive,1.0,0.0,0.0,0,0.0,1.0,1072,0.0,vision.view_0.block_07.norm_1.inv_std,PASS_EXACT,261
0,exhaustive,977,exhaustive,1.0000000000000002,0.0,0.0,0,0.0,0.9999999999999999,1073,0.0,vision.view_0.block_07.norm_1.normalized,PASS_EXACT,200448
0,exhaustive,294,exhaustive,1.0000000000000002,0.0,0.0,0,0.0,1.0,1074,0.0,vision.view_0.block_07.norm_1.output,PASS_EXACT,200448
0,exhaustive,295,exhaustive,0.9999970128094873,0.07045555114746094,0.0018272699581384233,0,0.0,0.9999970106453049,1075,0.002965063373443241,vision.view_0.block_07.attn.qkv_linear.matmul,PASS_TOLERANCE,601344
0,exhaustive,296,exhaustive,0.9999951066320667,0.0625,0.001643994132071155,0,0.0,0.9999951030468052,1076,0.003797409147980884,vision.view_0.block_07.attn.qkv_linear.bias_add,PASS_TOLERANCE,601344
0,op,297,op,1.0,0.0,0.0,0,0.0,1.0000000000000002,1077,0.0,vision.view_0.block_07.attn.q,PASS_EXACT,200448
0,op,298,op,1.0,0.0,0.0,0,0.0,1.0,1078,0.0,vision.view_0.block_07.attn.k,PASS_EXACT,200448
0,op,299,op,1.0,0.0,0.0,0,0.0,0.9999999999999999,1079,0.0,vision.view_0.block_07.attn.v,PASS_EXACT,200448
0,op,300,op,1.0000000000000002,0.0,0.0,0,0.0,0.9999999999999998,1080,0.0,vision.view_0.block_07.attn.q_heads,PASS_EXACT,200448
0,op,301,op,1.0000000000000002,0.0,0.0,0,0.0,1.0000000000000002,1081,0.0,vision.view_0.block_07.attn.k_heads,PASS_EXACT,200448
0,op,302,op,1.0,0.0,0.0,0,0.0,1.0,1082,0.0,vision.view_0.block_07.attn.v_heads,PASS_EXACT,200448
0,op,303,op,0.9999999999999999,0.0,0.0,0,0.0,1.0000000000000002,1083,0.0,vision.view_0.block_07.attn.logits,PASS_EXACT,817452
0,exhaustive,1221,exhaustive,1.0,0.0,0.0,0,0.0,1.0,1084,0.0,vision.view_0.block_07.attn.scale,PASS_EXACT,1
0,op,304,op,0.9999999999999999,0.0,0.0,0,0.0,1.0000000000000002,1085,0.0,vision.view_0.block_07.attn.scaled_logits,PASS_EXACT,817452
0,exhaustive,1146,exhaustive,1.0000000000000002,0.0,0.0,0,0.0,1.0,1086,0.0,vision.view_0.block_07.attn.softmax.max,PASS_EXACT,3132
0,exhaustive,1147,exhaustive,1.0,0.0,0.0,0,0.0,1.0000000000000002,1087,0.0,vision.view_0.block_07.attn.softmax.shifted,PASS_EXACT,817452
0,exhaustive,1148,exhaustive,0.9999999999999996,5.960464477539063e-08,6.581497730766861e-10,0,0.0,0.9999999999998752,1088,3.926990958370008e-09,vision.view_0.block_07.attn.softmax.exp,PASS_TOLERANCE,817452
0,exhaustive,1149,exhaustive,0.9999999999999383,4.57763671875e-05,2.3836909887282176e-06,0,0.0,0.9999999999998705,1089,3.7789858197014907e-06,vision.view_0.block_07.attn.softmax.sum,PASS_TOLERANCE,3132
0,op,305,op,1.0,0.0,0.0,0,0.0,1.0,1090,0.0,vision.view_0.block_07.attn.softmax.probs,PASS_EXACT,817452
0,op,306,op,0.9999999999999999,0.0,0.0,0,0.0,0.9999999999999999,1091,0.0,vision.view_0.block_07.attn.context_heads,PASS_EXACT,200448
0,op,307,op,0.9999999999999999,0.0,0.0,0,0.0,0.9999999999999999,1092,0.0,vision.view_0.block_07.attn.context_merged,PASS_EXACT,200448
0,op,308,op,1.0,0.0,0.0,0,0.0,1.0,1093,0.0,vision.view_0.block_07.attn.output_projection,PASS_EXACT,200448
0,exhaustive,309,exhaustive,1.0,0.0,0.0,0,0.0,1.0,1094,0.0,vision.view_0.block_07.layer_scale_1.input,PASS_EXACT,200448
0,op,310,op,1.0,0.0,0.0,0,0.0,1.0,1095,0.0,vision.view_0.block_07.layer_scale_1.output,PASS_EXACT,200448
0,op,311,op,0.9999999999999999,0.0,0.0,0,0.0,1.0,1096,0.0,vision.view_0.block_07.residual_1.left,PASS_EXACT,200448
0,op,312,op,1.0,0.0,0.0,0,0.0,1.0,1097,0.0,vision.view_0.block_07.residual_1.right,PASS_EXACT,200448
0,op,313,op,1.0,0.0,0.0,0,0.0,1.0000000000000002,1098,0.0,vision.view_0.block_07.residual_1.sum,PASS_EXACT,200448
0,exhaustive,314,exhaustive,1.0,0.0,0.0,0,0.0,1.0000000000000002,1099,0.0,vision.view_0.block_07.norm_2.input,PASS_EXACT,200448
0,exhaustive,978,exhaustive,1.0000000000000002,0.0,0.0,0,0.0,0.9999999999999998,1100,0.0,vision.view_0.block_07.norm_2.mean,PASS_EXACT,261
0,exhaustive,979,exhaustive,1.0,0.0,0.0,0,0.0,0.9999999999999998,1101,0.0,vision.view_0.block_07.norm_2.variance,PASS_EXACT,261
0,exhaustive,980,exhaustive,0.9999999999999999,0.0,0.0,0,0.0,0.9999999999999999,1102,0.0,vision.view_0.block_07.norm_2.inv_std,PASS_EXACT,261
0,exhaustive,981,exhaustive,1.0,0.0,0.0,0,0.0,1.0000000000000002,1103,0.0,vision.view_0.block_07.norm_2.normalized,PASS_EXACT,200448
0,exhaustive,315,exhaustive,1.0,0.0,0.0,0,0.0,1.0000000000000002,1104,0.0,vision.view_0.block_07.norm_2.output,PASS_EXACT,200448
0,exhaustive,316,exhaustive,0.9999986361685391,0.045833587646484375,0.001215389774622064,0,0.0,0.9999985989827429,1105,0.0019182771190029897,vision.view_0.block_07.mlp.linear_1.matmul,PASS_TOLERANCE,801792
0,exhaustive,317,exhaustive,1.0,0.0,0.0,0,0.0,0.9999999999999998,1106,0.0,vision.view_0.block_07.mlp.linear_1.bias_add,PASS_EXACT,801792
0,exhaustive,318,exhaustive,1.0,0.0,0.0,0,0.0,0.9999999999999998,1107,0.0,vision.view_0.block_07.mlp.activation.input,PASS_EXACT,801792
0,op,319,op,0.9999999999999998,0.0,0.0,0,0.0,1.0,1108,0.0,vision.view_0.block_07.mlp.activation.output,PASS_EXACT,801792
0,exhaustive,320,exhaustive,0.9999988299409264,0.2918243408203125,0.0008223212970400219,0,0.0,0.9999988297723718,1109,0.0022793542633119343,vision.view_0.block_07.mlp.linear_2.matmul,PASS_TOLERANCE,200448
0,exhaustive,321,exhaustive,1.0000000000000002,0.0,0.0,0,0.0,0.9999999999999999,1110,0.0,vision.view_0.block_07.mlp.linear_2.bias_add,PASS_EXACT,200448
0,exhaustive,322,exhaustive,1.0000000000000002,0.0,0.0,0,0.0,0.9999999999999999,1111,0.0,vision.view_0.block_07.layer_scale_2.input,PASS_EXACT,200448
0,op,323,op,1.0,0.0,0.0,0,0.0,0.9999999999999999,1112,0.0,vision.view_0.block_07.layer_scale_2.output,PASS_EXACT,200448
0,op,324,op,1.0,0.0,0.0,0,0.0,1.0000000000000002,1113,0.0,vision.view_0.block_07.residual_2.left,PASS_EXACT,200448
0,op,325,op,1.0,0.0,0.0,0,0.0,0.9999999999999999,1114,0.0,vision.view_0.block_07.residual_2.right,PASS_EXACT,200448
0,op,326,op,1.0,0.0,0.0,0,0.0,1.0000000000000002,1115,0.0,vision.view_0.block_07.residual_2.sum,PASS_EXACT,200448
0,layer,12,layer,1.0,0.0,0.0,0,0.0,1.0000000000000002,1116,0.0,vision.view_0.block_07.output,PASS_EXACT,200448
0,layer,327,layer,1.0,0.0,0.0,0,0.0,1.0000000000000002,1117,0.0,vision.view_0.block_08.input,PASS_EXACT,200448
0,exhaustive,328,exhaustive,1.0,0.0,0.0,0,0.0,1.0000000000000002,1118,0.0,vision.view_0.block_08.norm_1.input,PASS_EXACT,200448
0,exhaustive,982,exhaustive,0.9999999999999998,0.0,0.0,0,0.0,1.0,1119,0.0,vision.view_0.block_08.norm_1.mean,PASS_EXACT,261
0,exhaustive,983,exhaustive,1.0000000000000002,0.0,0.0,0,0.0,0.9999999999999998,1120,0.0,vision.view_0.block_08.norm_1.variance,PASS_EXACT,261
0,exhaustive,984,exhaustive,1.0000000000000002,0.0,0.0,0,0.0,1.0,1121,0.0,vision.view_0.block_08.norm_1.inv_std,PASS_EXACT,261
0,exhaustive,985,exhaustive,0.9999999999999999,0.0,0.0,0,0.0,1.0,1122,0.0,vision.view_0.block_08.norm_1.normalized,PASS_EXACT,200448
0,exhaustive,329,exhaustive,0.9999999999999999,0.0,0.0,0,0.0,1.0000000000000002,1123,0.0,vision.view_0.block_08.norm_1.output,PASS_EXACT,200448
0,exhaustive,330,exhaustive,0.9999970051050209,0.06576156616210938,0.001937486407313217,0,0.0,0.9999970043300109,1124,0.003115983074654578,vision.view_0.block_08.attn.qkv_linear.matmul,PASS_TOLERANCE,601344
0,exhaustive,331,exhaustive,0.9999951812229266,0.0625,0.0017330535640821126,0,0.0,0.9999951799743868,1125,0.003954363315428728,vision.view_0.block_08.attn.qkv_linear.bias_add,PASS_TOLERANCE,601344
0,op,332,op,1.0000000000000002,0.0,0.0,0,0.0,1.0,1126,0.0,vision.view_0.block_08.attn.q,PASS_EXACT,200448
0,op,333,op,1.0000000000000002,0.0,0.0,0,0.0,0.9999999999999999,1127,0.0,vision.view_0.block_08.attn.k,PASS_EXACT,200448
0,op,334,op,1.0,0.0,0.0,0,0.0,1.0000000000000002,1128,0.0,vision.view_0.block_08.attn.v,PASS_EXACT,200448
0,op,335,op,1.0,0.0,0.0,0,0.0,1.0000000000000002,1129,0.0,vision.view_0.block_08.attn.q_heads,PASS_EXACT,200448
0,op,336,op,0.9999999999999999,0.0,0.0,0,0.0,1.0,1130,0.0,vision.view_0.block_08.attn.k_heads,PASS_EXACT,200448
0,op,337,op,1.0,0.0,0.0,0,0.0,1.0,1131,0.0,vision.view_0.block_08.attn.v_heads,PASS_EXACT,200448
0,op,338,op,1.0,0.0,0.0,0,0.0,1.0,1132,0.0,vision.view_0.block_08.attn.logits,PASS_EXACT,817452
0,exhaustive,1222,exhaustive,1.0,0.0,0.0,0,0.0,1.0,1133,0.0,vision.view_0.block_08.attn.scale,PASS_EXACT,1
0,op,339,op,1.0,0.0,0.0,0,0.0,1.0,1134,0.0,vision.view_0.block_08.attn.scaled_logits,PASS_EXACT,817452
0,exhaustive,1150,exhaustive,1.0,0.0,0.0,0,0.0,1.0000000000000002,1135,0.0,vision.view_0.block_08.attn.softmax.max,PASS_EXACT,3132
0,exhaustive,1151,exhaustive,1.0,0.0,0.0,0,0.0,1.0,1136,0.0,vision.view_0.block_08.attn.softmax.shifted,PASS_EXACT,817452
0,exhaustive,1152,exhaustive,1.0000000000000222,5.960464477539063e-08,3.8711197904236354e-10,0,0.0,0.999999999999823,1137,2.988215867115182e-09,vision.view_0.block_08.attn.softmax.exp,PASS_TOLERANCE,817452
0,exhaustive,1153,exhaustive,0.9999999999999157,6.103515625e-05,1.6763901497364654e-06,0,0.0,0.9999999999998396,1138,2.924222601839194e-06,vision.view_0.block_08.attn.softmax.sum,PASS_TOLERANCE,3132
0,op,340,op,1.0,0.0,0.0,0,0.0,1.0,1139,0.0,vision.view_0.block_08.attn.softmax.probs,PASS_EXACT,817452
0,op,341,op,0.9999999999999999,0.0,0.0,0,0.0,1.0,1140,0.0,vision.view_0.block_08.attn.context_heads,PASS_EXACT,200448
0,op,342,op,0.9999999999999999,0.0,0.0,0,0.0,1.0,1141,0.0,vision.view_0.block_08.attn.context_merged,PASS_EXACT,200448
0,op,343,op,0.9999999999999998,0.0,0.0,0,0.0,0.9999999999999998,1142,0.0,vision.view_0.block_08.attn.output_projection,PASS_EXACT,200448
0,exhaustive,344,exhaustive,0.9999999999999998,0.0,0.0,0,0.0,0.9999999999999998,1143,0.0,vision.view_0.block_08.layer_scale_1.input,PASS_EXACT,200448
0,op,345,op,1.0,0.0,0.0,0,0.0,1.0000000000000002,1144,0.0,vision.view_0.block_08.layer_scale_1.output,PASS_EXACT,200448
0,op,346,op,1.0,0.0,0.0,0,0.0,1.0000000000000002,1145,0.0,vision.view_0.block_08.residual_1.left,PASS_EXACT,200448
0,op,347,op,1.0,0.0,0.0,0,0.0,1.0000000000000002,1146,0.0,vision.view_0.block_08.residual_1.right,PASS_EXACT,200448
0,op,348,op,1.0,0.0,0.0,0,0.0,1.0,1147,0.0,vision.view_0.block_08.residual_1.sum,PASS_EXACT,200448
0,exhaustive,349,exhaustive,1.0,0.0,0.0,0,0.0,1.0,1148,0.0,vision.view_0.block_08.norm_2.input,PASS_EXACT,200448
0,exhaustive,986,exhaustive,1.0,0.0,0.0,0,0.0,1.0000000000000002,1149,0.0,vision.view_0.block_08.norm_2.mean,PASS_EXACT,261
0,exhaustive,987,exhaustive,0.9999999999999998,0.0,0.0,0,0.0,1.0,1150,0.0,vision.view_0.block_08.norm_2.variance,PASS_EXACT,261
0,exhaustive,988,exhaustive,0.9999999999999999,0.0,0.0,0,0.0,0.9999999999999999,1151,0.0,vision.view_0.block_08.norm_2.inv_std,PASS_EXACT,261
0,exhaustive,989,exhaustive,1.0000000000000002,0.0,0.0,0,0.0,1.0,1152,0.0,vision.view_0.block_08.norm_2.normalized,PASS_EXACT,200448
0,exhaustive,350,exhaustive,1.0,0.0,0.0,0,0.0,1.0,1153,0.0,vision.view_0.block_08.norm_2.output,PASS_EXACT,200448
0,exhaustive,351,exhaustive,0.9999986163179649,0.031208038330078125,0.0012643531492014487,0,0.0,0.9999985468309588,1154,0.002030902063228675,vision.view_0.block_08.mlp.linear_1.matmul,PASS_TOLERANCE,801792
0,exhaustive,352,exhaustive,1.0,0.0,0.0,0,0.0,1.0,1155,0.0,vision.view_0.block_08.mlp.linear_1.bias_add,PASS_EXACT,801792
0,exhaustive,353,exhaustive,1.0,0.0,0.0,0,0.0,1.0,1156,0.0,vision.view_0.block_08.mlp.activation.input,PASS_EXACT,801792
0,op,354,op,0.9999999999999999,0.0,0.0,0,0.0,1.0,1157,0.0,vision.view_0.block_08.mlp.activation.output,PASS_EXACT,801792
0,exhaustive,355,exhaustive,0.9999985290041112,0.475830078125,0.0006092143676776357,0,0.0,0.9999985290029089,1158,0.002547204324979822,vision.view_0.block_08.mlp.linear_2.matmul,PASS_TOLERANCE,200448
0,exhaustive,356,exhaustive,1.0,0.0,0.0,0,0.0,1.0,1159,0.0,vision.view_0.block_08.mlp.linear_2.bias_add,PASS_EXACT,200448
0,exhaustive,357,exhaustive,1.0,0.0,0.0,0,0.0,1.0,1160,0.0,vision.view_0.block_08.layer_scale_2.input,PASS_EXACT,200448
0,op,358,op,0.9999999999999999,0.0,0.0,0,0.0,1.0,1161,0.0,vision.view_0.block_08.layer_scale_2.output,PASS_EXACT,200448
0,op,359,op,1.0,0.0,0.0,0,0.0,1.0,1162,0.0,vision.view_0.block_08.residual_2.left,PASS_EXACT,200448
0,op,360,op,0.9999999999999999,0.0,0.0,0,0.0,1.0,1163,0.0,vision.view_0.block_08.residual_2.right,PASS_EXACT,200448
0,op,361,op,0.9999999999999999,0.0,0.0,0,0.0,1.0000000000000002,1164,0.0,vision.view_0.block_08.residual_2.sum,PASS_EXACT,200448
0,layer,13,layer,0.9999999999999999,0.0,0.0,0,0.0,1.0000000000000002,1165,0.0,vision.view_0.block_08.output,PASS_EXACT,200448
0,layer,362,layer,0.9999999999999999,0.0,0.0,0,0.0,1.0000000000000002,1166,0.0,vision.view_0.block_09.input,PASS_EXACT,200448
0,exhaustive,363,exhaustive,0.9999999999999999,0.0,0.0,0,0.0,1.0000000000000002,1167,0.0,vision.view_0.block_09.norm_1.input,PASS_EXACT,200448
0,exhaustive,990,exhaustive,1.0,0.0,0.0,0,0.0,1.0000000000000002,1168,0.0,vision.view_0.block_09.norm_1.mean,PASS_EXACT,261
0,exhaustive,991,exhaustive,1.0,0.0,0.0,0,0.0,1.0,1169,0.0,vision.view_0.block_09.norm_1.variance,PASS_EXACT,261
0,exhaustive,992,exhaustive,0.9999999999999999,0.0,0.0,0,0.0,0.9999999999999998,1170,0.0,vision.view_0.block_09.norm_1.inv_std,PASS_EXACT,261
0,exhaustive,993,exhaustive,1.0,0.0,0.0,0,0.0,0.9999999999999999,1171,0.0,vision.view_0.block_09.norm_1.normalized,PASS_EXACT,200448
0,exhaustive,364,exhaustive,1.0,0.0,0.0,0,0.0,0.9999999999999998,1172,0.0,vision.view_0.block_09.norm_1.output,PASS_EXACT,200448
0,exhaustive,365,exhaustive,0.9999968762159609,0.0791473388671875,0.0020026588751949352,0,0.0,0.9999968753779797,1173,0.0032866726238900065,vision.view_0.block_09.attn.qkv_linear.matmul,PASS_TOLERANCE,601344
0,exhaustive,366,exhaustive,0.9999950506987172,0.0625,0.001797438435746724,0,0.0,0.999995049450979,1174,0.004139082241341338,vision.view_0.block_09.attn.qkv_linear.bias_add,PASS_TOLERANCE,601344
0,op,367,op,0.9999999999999998,0.0,0.0,0,0.0,1.0,1175,0.0,vision.view_0.block_09.attn.q,PASS_EXACT,200448
0,op,368,op,1.0,0.0,0.0,0,0.0,0.9999999999999999,1176,0.0,vision.view_0.block_09.attn.k,PASS_EXACT,200448
0,op,369,op,1.0,0.0,0.0,0,0.0,1.0,1177,0.0,vision.view_0.block_09.attn.v,PASS_EXACT,200448
0,op,370,op,1.0,0.0,0.0,0,0.0,1.0000000000000002,1178,0.0,vision.view_0.block_09.attn.q_heads,PASS_EXACT,200448
0,op,371,op,0.9999999999999999,0.0,0.0,0,0.0,1.0000000000000002,1179,0.0,vision.view_0.block_09.attn.k_heads,PASS_EXACT,200448
0,op,372,op,1.0,0.0,0.0,0,0.0,1.0000000000000002,1180,0.0,vision.view_0.block_09.attn.v_heads,PASS_EXACT,200448
0,op,373,op,1.0000000000000002,0.0,0.0,0,0.0,1.0,1181,0.0,vision.view_0.block_09.attn.logits,PASS_EXACT,817452
0,exhaustive,1223,exhaustive,1.0,0.0,0.0,0,0.0,1.0,1182,0.0,vision.view_0.block_09.attn.scale,PASS_EXACT,1
0,op,374,op,1.0000000000000002,0.0,0.0,0,0.0,1.0,1183,0.0,vision.view_0.block_09.attn.scaled_logits,PASS_EXACT,817452
0,exhaustive,1154,exhaustive,0.9999999999999999,0.0,0.0,0,0.0,1.0,1184,0.0,vision.view_0.block_09.attn.softmax.max,PASS_EXACT,3132
0,exhaustive,1155,exhaustive,0.9999999999999999,0.0,0.0,0,0.0,1.0,1185,0.0,vision.view_0.block_09.attn.softmax.shifted,PASS_EXACT,817452
0,exhaustive,1156,exhaustive,1.000000000000014,5.960464477539063e-08,3.6723947918599656e-10,0,0.0,0.9999999999998604,1186,3.033345057115472e-09,vision.view_0.block_09.attn.softmax.exp,PASS_TOLERANCE,817452
0,exhaustive,1157,exhaustive,0.999999999999939,2.6702880859375e-05,1.560834784769616e-06,0,0.0,0.9999999999998673,1187,2.3323007121868925e-06,vision.view_0.block_09.attn.softmax.sum,PASS_TOLERANCE,3132
0,op,375,op,1.0,0.0,0.0,0,0.0,1.0,1188,0.0,vision.view_0.block_09.attn.softmax.probs,PASS_EXACT,817452
0,op,376,op,1.0000000000000002,0.0,0.0,0,0.0,1.0000000000000002,1189,0.0,vision.view_0.block_09.attn.context_heads,PASS_EXACT,200448
0,op,377,op,1.0000000000000002,0.0,0.0,0,0.0,0.9999999999999999,1190,0.0,vision.view_0.block_09.attn.context_merged,PASS_EXACT,200448
0,op,378,op,0.9999999999999998,0.0,0.0,0,0.0,1.0,1191,0.0,vision.view_0.block_09.attn.output_projection,PASS_EXACT,200448
0,exhaustive,379,exhaustive,0.9999999999999998,0.0,0.0,0,0.0,1.0,1192,0.0,vision.view_0.block_09.layer_scale_1.input,PASS_EXACT,200448
0,op,380,op,1.0,0.0,0.0,0,0.0,1.0,1193,0.0,vision.view_0.block_09.layer_scale_1.output,PASS_EXACT,200448
0,op,381,op,0.9999999999999999,0.0,0.0,0,0.0,1.0000000000000002,1194,0.0,vision.view_0.block_09.residual_1.left,PASS_EXACT,200448
0,op,382,op,1.0,0.0,0.0,0,0.0,1.0,1195,0.0,vision.view_0.block_09.residual_1.right,PASS_EXACT,200448
0,op,383,op,0.9999999999999999,0.0,0.0,0,0.0,1.0000000000000002,1196,0.0,vision.view_0.block_09.residual_1.sum,PASS_EXACT,200448
0,exhaustive,384,exhaustive,0.9999999999999999,0.0,0.0,0,0.0,1.0000000000000002,1197,0.0,vision.view_0.block_09.norm_2.input,PASS_EXACT,200448
0,exhaustive,994,exhaustive,0.9999999999999999,0.0,0.0,0,0.0,1.0,1198,0.0,vision.view_0.block_09.norm_2.mean,PASS_EXACT,261
0,exhaustive,995,exhaustive,1.0,0.0,0.0,0,0.0,1.0000000000000002,1199,0.0,vision.view_0.block_09.norm_2.variance,PASS_EXACT,261
0,exhaustive,996,exhaustive,0.9999999999999999,0.0,0.0,0,0.0,1.0,1200,0.0,vision.view_0.block_09.norm_2.inv_std,PASS_EXACT,261
0,exhaustive,997,exhaustive,1.0,0.0,0.0,0,0.0,1.0000000000000002,1201,0.0,vision.view_0.block_09.norm_2.normalized,PASS_EXACT,200448
0,exhaustive,385,exhaustive,1.0000000000000002,0.0,0.0,0,0.0,1.0,1202,0.0,vision.view_0.block_09.norm_2.output,PASS_EXACT,200448
0,exhaustive,386,exhaustive,0.999998635175264,0.05664253234863281,0.001360281842604462,0,0.0,0.9999986032944408,1203,0.002166222194868457,vision.view_0.block_09.mlp.linear_1.matmul,PASS_TOLERANCE,801792
0,exhaustive,387,exhaustive,0.9999999999999999,0.0,0.0,0,0.0,0.9999999999999999,1204,0.0,vision.view_0.block_09.mlp.linear_1.bias_add,PASS_EXACT,801792
0,exhaustive,388,exhaustive,0.9999999999999999,0.0,0.0,0,0.0,0.9999999999999999,1205,0.0,vision.view_0.block_09.mlp.activation.input,PASS_EXACT,801792
0,op,389,op,0.9999999999999998,0.0,0.0,0,0.0,1.0,1206,0.0,vision.view_0.block_09.mlp.activation.output,PASS_EXACT,801792
0,exhaustive,390,exhaustive,0.9999985123289437,0.402008056640625,0.0005825649121947217,0,0.0,0.9999985122232764,1207,0.0023666762621476207,vision.view_0.block_09.mlp.linear_2.matmul,PASS_TOLERANCE,200448
0,exhaustive,391,exhaustive,1.0000000000000002,0.0,0.0,0,0.0,0.9999999999999999,1208,0.0,vision.view_0.block_09.mlp.linear_2.bias_add,PASS_EXACT,200448
0,exhaustive,392,exhaustive,1.0000000000000002,0.0,0.0,0,0.0,0.9999999999999999,1209,0.0,vision.view_0.block_09.layer_scale_2.input,PASS_EXACT,200448
0,op,393,op,1.0,0.0,0.0,0,0.0,1.0000000000000002,1210,0.0,vision.view_0.block_09.layer_scale_2.output,PASS_EXACT,200448
0,op,394,op,0.9999999999999999,0.0,0.0,0,0.0,1.0000000000000002,1211,0.0,vision.view_0.block_09.residual_2.left,PASS_EXACT,200448
0,op,395,op,1.0,0.0,0.0,0,0.0,1.0000000000000002,1212,0.0,vision.view_0.block_09.residual_2.right,PASS_EXACT,200448
0,op,396,op,1.0,0.0,0.0,0,0.0,0.9999999999999999,1213,0.0,vision.view_0.block_09.residual_2.sum,PASS_EXACT,200448
0,layer,14,layer,1.0,0.0,0.0,0,0.0,0.9999999999999999,1214,0.0,vision.view_0.block_09.output,PASS_EXACT,200448
0,layer,397,layer,1.0,0.0,0.0,0,0.0,0.9999999999999999,1215,0.0,vision.view_0.block_10.input,PASS_EXACT,200448
0,exhaustive,398,exhaustive,1.0,0.0,0.0,0,0.0,0.9999999999999999,1216,0.0,vision.view_0.block_10.norm_1.input,PASS_EXACT,200448
0,exhaustive,998,exhaustive,1.0000000000000002,0.0,0.0,0,0.0,1.0000000000000002,1217,0.0,vision.view_0.block_10.norm_1.mean,PASS_EXACT,261
0,exhaustive,999,exhaustive,1.0,0.0,0.0,0,0.0,1.0000000000000002,1218,0.0,vision.view_0.block_10.norm_1.variance,PASS_EXACT,261
0,exhaustive,1000,exhaustive,1.0,0.0,0.0,0,0.0,1.0,1219,0.0,vision.view_0.block_10.norm_1.inv_std,PASS_EXACT,261
0,exhaustive,1001,exhaustive,0.9999999999999999,0.0,0.0,0,0.0,1.0000000000000002,1220,0.0,vision.view_0.block_10.norm_1.normalized,PASS_EXACT,200448
0,exhaustive,399,exhaustive,1.0,0.0,0.0,0,0.0,1.0,1221,0.0,vision.view_0.block_10.norm_1.output,PASS_EXACT,200448
0,exhaustive,400,exhaustive,0.9999968197287069,0.0682077407836914,0.002085502532161653,0,0.0,0.9999968194938963,1222,0.0033807740770923026,vision.view_0.block_10.attn.qkv_linear.matmul,PASS_TOLERANCE,601344
0,exhaustive,401,exhaustive,0.9999949912942222,0.0625,0.0018736907058360158,0,0.0,0.9999949913469474,1223,0.004245997123562808,vision.view_0.block_10.attn.qkv_linear.bias_add,PASS_TOLERANCE,601344
0,op,402,op,1.0000000000000002,0.0,0.0,0,0.0,1.0000000000000002,1224,0.0,vision.view_0.block_10.attn.q,PASS_EXACT,200448
0,op,403,op,1.0,0.0,0.0,0,0.0,1.0,1225,0.0,vision.view_0.block_10.attn.k,PASS_EXACT,200448
0,op,404,op,0.9999999999999999,0.0,0.0,0,0.0,1.0,1226,0.0,vision.view_0.block_10.attn.v,PASS_EXACT,200448
0,op,405,op,1.0,0.0,0.0,0,0.0,1.0,1227,0.0,vision.view_0.block_10.attn.q_heads,PASS_EXACT,200448
0,op,406,op,1.0,0.0,0.0,0,0.0,0.9999999999999999,1228,0.0,vision.view_0.block_10.attn.k_heads,PASS_EXACT,200448
0,op,407,op,0.9999999999999999,0.0,0.0,0,0.0,1.0000000000000002,1229,0.0,vision.view_0.block_10.attn.v_heads,PASS_EXACT,200448
0,op,408,op,1.0,0.0,0.0,0,0.0,1.0,1230,0.0,vision.view_0.block_10.attn.logits,PASS_EXACT,817452
0,exhaustive,1224,exhaustive,1.0,0.0,0.0,0,0.0,1.0,1231,0.0,vision.view_0.block_10.attn.scale,PASS_EXACT,1
0,op,409,op,1.0,0.0,0.0,0,0.0,1.0,1232,0.0,vision.view_0.block_10.attn.scaled_logits,PASS_EXACT,817452
0,exhaustive,1158,exhaustive,1.0000000000000002,0.0,0.0,0,0.0,0.9999999999999998,1233,0.0,vision.view_0.block_10.attn.softmax.max,PASS_EXACT,3132
0,exhaustive,1159,exhaustive,1.0,0.0,0.0,0,0.0,0.9999999999999999,1234,0.0,vision.view_0.block_10.attn.softmax.shifted,PASS_EXACT,817452
0,exhaustive,1160,exhaustive,1.0000000000000027,5.960464477539063e-08,4.3630893634213774e-10,0,0.0,1.000000000000218,1235,3.4125997223274277e-09,vision.view_0.block_10.attn.softmax.exp,PASS_TOLERANCE,817452
0,exhaustive,1161,exhaustive,0.9999999999999389,2.288818359375e-05,1.850903110333634e-06,0,0.0,0.9999999999998582,1236,2.5982625287293904e-06,vision.view_0.block_10.attn.softmax.sum,PASS_TOLERANCE,3132
0,op,410,op,1.0,0.0,0.0,0,0.0,0.9999999999999999,1237,0.0,vision.view_0.block_10.attn.softmax.probs,PASS_EXACT,817452
0,op,411,op,0.9999999999999998,0.0,0.0,0,0.0,1.0,1238,0.0,vision.view_0.block_10.attn.context_heads,PASS_EXACT,200448
0,op,412,op,1.0,0.0,0.0,0,0.0,1.0000000000000002,1239,0.0,vision.view_0.block_10.attn.context_merged,PASS_EXACT,200448
0,op,413,op,1.0000000000000002,0.0,0.0,0,0.0,1.0000000000000002,1240,0.0,vision.view_0.block_10.attn.output_projection,PASS_EXACT,200448
0,exhaustive,414,exhaustive,1.0000000000000002,0.0,0.0,0,0.0,1.0000000000000002,1241,0.0,vision.view_0.block_10.layer_scale_1.input,PASS_EXACT,200448
0,op,415,op,1.0,0.0,0.0,0,0.0,0.9999999999999999,1242,0.0,vision.view_0.block_10.layer_scale_1.output,PASS_EXACT,200448
0,op,416,op,1.0,0.0,0.0,0,0.0,0.9999999999999999,1243,0.0,vision.view_0.block_10.residual_1.left,PASS_EXACT,200448
0,op,417,op,1.0,0.0,0.0,0,0.0,0.9999999999999999,1244,0.0,vision.view_0.block_10.residual_1.right,PASS_EXACT,200448
0,op,418,op,1.0000000000000002,0.0,0.0,0,0.0,1.0,1245,0.0,vision.view_0.block_10.residual_1.sum,PASS_EXACT,200448
0,exhaustive,419,exhaustive,1.0000000000000002,0.0,0.0,0,0.0,1.0,1246,0.0,vision.view_0.block_10.norm_2.input,PASS_EXACT,200448
0,exhaustive,1002,exhaustive,1.0,0.0,0.0,0,0.0,1.0,1247,0.0,vision.view_0.block_10.norm_2.mean,PASS_EXACT,261
0,exhaustive,1003,exhaustive,1.0,0.0,0.0,0,0.0,1.0,1248,0.0,vision.view_0.block_10.norm_2.variance,PASS_EXACT,261
0,exhaustive,1004,exhaustive,0.9999999999999998,0.0,0.0,0,0.0,1.0,1249,0.0,vision.view_0.block_10.norm_2.inv_std,PASS_EXACT,261
0,exhaustive,1005,exhaustive,1.0,0.0,0.0,0,0.0,1.0,1250,0.0,vision.view_0.block_10.norm_2.normalized,PASS_EXACT,200448
0,exhaustive,420,exhaustive,1.0,0.0,0.0,0,0.0,1.0,1251,0.0,vision.view_0.block_10.norm_2.output,PASS_EXACT,200448
0,exhaustive,421,exhaustive,0.9999986209945396,0.0867767333984375,0.001597867771527642,0,0.0,0.9999986036669265,1252,0.0027176064206084283,vision.view_0.block_10.mlp.linear_1.matmul,PASS_TOLERANCE,801792
0,exhaustive,422,exhaustive,1.0,0.0,0.0,0,0.0,1.0,1253,0.0,vision.view_0.block_10.mlp.linear_1.bias_add,PASS_EXACT,801792
0,exhaustive,423,exhaustive,1.0,0.0,0.0,0,0.0,1.0,1254,0.0,vision.view_0.block_10.mlp.activation.input,PASS_EXACT,801792
0,op,424,op,1.0,0.0,0.0,0,0.0,1.0,1255,0.0,vision.view_0.block_10.mlp.activation.output,PASS_EXACT,801792
0,exhaustive,425,exhaustive,0.9999985421308457,0.372039794921875,0.0008856558341100226,0,0.0,0.9999985421054317,1256,0.0029218892110127663,vision.view_0.block_10.mlp.linear_2.matmul,PASS_TOLERANCE,200448
0,exhaustive,426,exhaustive,1.0,0.0,0.0,0,0.0,1.0000000000000002,1257,0.0,vision.view_0.block_10.mlp.linear_2.bias_add,PASS_EXACT,200448
0,exhaustive,427,exhaustive,1.0,0.0,0.0,0,0.0,1.0000000000000002,1258,0.0,vision.view_0.block_10.layer_scale_2.input,PASS_EXACT,200448
0,op,428,op,1.0,0.0,0.0,0,0.0,0.9999999999999999,1259,0.0,vision.view_0.block_10.layer_scale_2.output,PASS_EXACT,200448
0,op,429,op,1.0000000000000002,0.0,0.0,0,0.0,1.0,1260,0.0,vision.view_0.block_10.residual_2.left,PASS_EXACT,200448
0,op,430,op,1.0,0.0,0.0,0,0.0,0.9999999999999999,1261,0.0,vision.view_0.block_10.residual_2.right,PASS_EXACT,200448
0,op,431,op,1.0,0.0,0.0,0,0.0,0.9999999999999999,1262,0.0,vision.view_0.block_10.residual_2.sum,PASS_EXACT,200448
0,layer,15,layer,1.0,0.0,0.0,0,0.0,0.9999999999999999,1263,0.0,vision.view_0.block_10.output,PASS_EXACT,200448
0,layer,432,layer,1.0,0.0,0.0,0,0.0,0.9999999999999999,1264,0.0,vision.view_0.block_11.input,PASS_EXACT,200448
0,exhaustive,433,exhaustive,1.0,0.0,0.0,0,0.0,0.9999999999999999,1265,0.0,vision.view_0.block_11.norm_1.input,PASS_EXACT,200448
0,exhaustive,1006,exhaustive,1.0000000000000002,0.0,0.0,0,0.0,1.0000000000000002,1266,0.0,vision.view_0.block_11.norm_1.mean,PASS_EXACT,261
0,exhaustive,1007,exhaustive,1.0000000000000002,0.0,0.0,0,0.0,0.9999999999999998,1267,0.0,vision.view_0.block_11.norm_1.variance,PASS_EXACT,261
0,exhaustive,1008,exhaustive,0.9999999999999998,0.0,0.0,0,0.0,0.9999999999999998,1268,0.0,vision.view_0.block_11.norm_1.inv_std,PASS_EXACT,261
0,exhaustive,1009,exhaustive,1.0000000000000002,0.0,0.0,0,0.0,1.0000000000000002,1269,0.0,vision.view_0.block_11.norm_1.normalized,PASS_EXACT,200448
0,exhaustive,434,exhaustive,0.9999999999999999,0.0,0.0,0,0.0,1.0000000000000002,1270,0.0,vision.view_0.block_11.norm_1.output,PASS_EXACT,200448
0,exhaustive,435,exhaustive,0.9999969242716097,0.06748485565185547,0.0020619157707673225,0,0.0,0.9999969239326102,1271,0.003298209772157547,vision.view_0.block_11.attn.qkv_linear.matmul,PASS_TOLERANCE,601344
0,exhaustive,436,exhaustive,0.9999952307887358,0.0625,0.0018226182597331313,0,0.0,0.9999952302582599,1272,0.004110006020004276,vision.view_0.block_11.attn.qkv_linear.bias_add,PASS_TOLERANCE,601344
0,op,437,op,1.0,0.0,0.0,0,0.0,1.0,1273,0.0,vision.view_0.block_11.attn.q,PASS_EXACT,200448
0,op,438,op,0.9999999999999999,0.0,0.0,0,0.0,1.0,1274,0.0,vision.view_0.block_11.attn.k,PASS_EXACT,200448
0,op,439,op,0.9999999999999998,0.0,0.0,0,0.0,0.9999999999999998,1275,0.0,vision.view_0.block_11.attn.v,PASS_EXACT,200448
0,op,440,op,1.0,0.0,0.0,0,0.0,1.0000000000000002,1276,0.0,vision.view_0.block_11.attn.q_heads,PASS_EXACT,200448
0,op,441,op,1.0,0.0,0.0,0,0.0,1.0,1277,0.0,vision.view_0.block_11.attn.k_heads,PASS_EXACT,200448
0,op,442,op,0.9999999999999998,0.0,0.0,0,0.0,1.0,1278,0.0,vision.view_0.block_11.attn.v_heads,PASS_EXACT,200448
0,op,443,op,1.0,0.0,0.0,0,0.0,0.9999999999999998,1279,0.0,vision.view_0.block_11.attn.logits,PASS_EXACT,817452
0,exhaustive,1225,exhaustive,1.0,0.0,0.0,0,0.0,1.0,1280,0.0,vision.view_0.block_11.attn.scale,PASS_EXACT,1
0,op,444,op,1.0,0.0,0.0,0,0.0,0.9999999999999998,1281,0.0,vision.view_0.block_11.attn.scaled_logits,PASS_EXACT,817452
0,exhaustive,1162,exhaustive,1.0,0.0,0.0,0,0.0,0.9999999999999998,1282,0.0,vision.view_0.block_11.attn.softmax.max,PASS_EXACT,3132
0,exhaustive,1163,exhaustive,1.0,0.0,0.0,0,0.0,1.0000000000000002,1283,0.0,vision.view_0.block_11.attn.softmax.shifted,PASS_EXACT,817452
0,exhaustive,1164,exhaustive,1.0000000000000029,5.960464477539063e-08,5.051116301849493e-10,0,0.0,1.0000000000001403,1284,3.6024931800738947e-09,vision.view_0.block_11.attn.softmax.exp,PASS_TOLERANCE,817452
0,exhaustive,1165,exhaustive,0.999999999999944,6.103515625e-05,2.1258228735601004e-06,0,0.0,0.9999999999999134,1285,3.6601871821494594e-06,vision.view_0.block_11.attn.softmax.sum,PASS_TOLERANCE,3132
0,op,445,op,0.9999999999999999,0.0,0.0,0,0.0,1.0000000000000002,1286,0.0,vision.view_0.block_11.attn.softmax.probs,PASS_EXACT,817452
0,op,446,op,0.9999999999999999,0.0,0.0,0,0.0,1.0000000000000002,1287,0.0,vision.view_0.block_11.attn.context_heads,PASS_EXACT,200448
0,op,447,op,1.0,0.0,0.0,0,0.0,0.9999999999999999,1288,0.0,vision.view_0.block_11.attn.context_merged,PASS_EXACT,200448
0,op,448,op,0.9999999999999999,0.0,0.0,0,0.0,0.9999999999999999,1289,0.0,vision.view_0.block_11.attn.output_projection,PASS_EXACT,200448
0,exhaustive,449,exhaustive,0.9999999999999999,0.0,0.0,0,0.0,0.9999999999999999,1290,0.0,vision.view_0.block_11.layer_scale_1.input,PASS_EXACT,200448
0,op,450,op,1.0,0.0,0.0,0,0.0,0.9999999999999998,1291,0.0,vision.view_0.block_11.layer_scale_1.output,PASS_EXACT,200448
0,op,451,op,1.0,0.0,0.0,0,0.0,0.9999999999999999,1292,0.0,vision.view_0.block_11.residual_1.left,PASS_EXACT,200448
0,op,452,op,1.0,0.0,0.0,0,0.0,0.9999999999999998,1293,0.0,vision.view_0.block_11.residual_1.right,PASS_EXACT,200448
0,op,453,op,0.9999999999999999,0.0,0.0,0,0.0,1.0,1294,0.0,vision.view_0.block_11.residual_1.sum,PASS_EXACT,200448
0,exhaustive,454,exhaustive,0.9999999999999999,0.0,0.0,0,0.0,1.0,1295,0.0,vision.view_0.block_11.norm_2.input,PASS_EXACT,200448
0,exhaustive,1010,exhaustive,1.0,0.0,0.0,0,0.0,1.0,1296,0.0,vision.view_0.block_11.norm_2.mean,PASS_EXACT,261
0,exhaustive,1011,exhaustive,1.0,0.0,0.0,0,0.0,1.0,1297,0.0,vision.view_0.block_11.norm_2.variance,PASS_EXACT,261
0,exhaustive,1012,exhaustive,1.0,0.0,0.0,0,0.0,1.0,1298,0.0,vision.view_0.block_11.norm_2.inv_std,PASS_EXACT,261
0,exhaustive,1013,exhaustive,1.0,0.0,0.0,0,0.0,1.0000000000000002,1299,0.0,vision.view_0.block_11.norm_2.normalized,PASS_EXACT,200448
0,exhaustive,455,exhaustive,1.0000000000000002,0.0,0.0,0,0.0,1.0000000000000002,1300,0.0,vision.view_0.block_11.norm_2.output,PASS_EXACT,200448
0,exhaustive,456,exhaustive,0.9999986248345561,0.03120708465576172,0.0018134313589539947,0,0.0,0.999998624838582,1301,0.0027367694951564766,vision.view_0.block_11.mlp.linear_1.matmul,PASS_TOLERANCE,801792
0,exhaustive,457,exhaustive,1.0,0.0,0.0,0,0.0,0.9999999999999998,1302,0.0,vision.view_0.block_11.mlp.linear_1.bias_add,PASS_EXACT,801792
0,exhaustive,458,exhaustive,1.0,0.0,0.0,0,0.0,0.9999999999999998,1303,0.0,vision.view_0.block_11.mlp.activation.input,PASS_EXACT,801792
0,op,459,op,1.0000000000000002,0.0,0.0,0,0.0,0.9999999999999999,1304,0.0,vision.view_0.block_11.mlp.activation.output,PASS_EXACT,801792
0,exhaustive,460,exhaustive,0.9999985599088022,0.12158203125,0.0024925619719788662,0,0.0,0.9999985581472914,1305,0.004340205395042008,vision.view_0.block_11.mlp.linear_2.matmul,PASS_TOLERANCE,200448
0,exhaustive,461,exhaustive,1.0,0.0,0.0,0,0.0,1.0000000000000002,1306,0.0,vision.view_0.block_11.mlp.linear_2.bias_add,PASS_EXACT,200448
0,exhaustive,462,exhaustive,1.0,0.0,0.0,0,0.0,1.0000000000000002,1307,0.0,vision.view_0.block_11.layer_scale_2.input,PASS_EXACT,200448
0,op,463,op,0.9999999999999998,0.0,0.0,0,0.0,0.9999999999999998,1308,0.0,vision.view_0.block_11.layer_scale_2.output,PASS_EXACT,200448
0,op,464,op,0.9999999999999999,0.0,0.0,0,0.0,1.0,1309,0.0,vision.view_0.block_11.residual_2.left,PASS_EXACT,200448
0,op,465,op,0.9999999999999998,0.0,0.0,0,0.0,0.9999999999999998,1310,0.0,vision.view_0.block_11.residual_2.right,PASS_EXACT,200448
0,op,466,op,1.0,0.0,0.0,0,0.0,0.9999999999999998,1311,0.0,vision.view_0.block_11.residual_2.sum,PASS_EXACT,200448
0,layer,16,layer,1.0,0.0,0.0,0,0.0,0.9999999999999998,1312,0.0,vision.view_0.block_11.output,PASS_EXACT,200448
0,boundary,17,boundary,1.0,0.0,0.0,0,0.0,0.9999999999999998,1313,0.0,vision.view_0.tokens_with_prefix_final,PASS_EXACT,200448
0,op,467,op,1.0,0.0,0.0,0,0.0,1.0,1314,0.0,vision.view_0.prefix_tokens,PASS_EXACT,3840
0,boundary,18,boundary,1.0000000000000002,0.0,0.0,0,0.0,1.0000000000000002,1315,0.0,vision.view_0.patch_tokens,PASS_EXACT,196608
0,boundary,19,boundary,1.0,0.0,0.0,0,0.0,1.0,1316,0.0,vision.view_1.input,PASS_EXACT,196608
0,op,468,op,1.0,0.0,0.0,0,0.0,1.0,1317,0.0,vision.view_1.patch_embed.input,PASS_EXACT,196608
0,exhaustive,1240,exhaustive,1.0,0.0,0.0,0,0.0,0.9999999999999999,1318,0.0,vision.view_1.patch_embed.conv.weight,PASS_EXACT,589824
0,exhaustive,1241,exhaustive,1.0000000000000002,0.0,0.0,0,0.0,1.0000000000000002,1319,0.0,vision.view_1.patch_embed.conv.bias,PASS_EXACT,768
0,op,469,op,1.0000000000000002,0.0,0.0,0,0.0,0.9999999999999998,1320,0.0,vision.view_1.patch_embed.conv.output,PASS_EXACT,196608
0,exhaustive,470,exhaustive,1.0000000000000002,0.0,0.0,0,0.0,0.9999999999999998,1321,0.0,vision.view_1.patch_embed.flatten,PASS_EXACT,196608
0,op,471,op,1.0,0.0,0.0,0,0.0,1.0,1322,0.0,vision.view_1.patch_embed.transpose,PASS_EXACT,196608
0,op,472,op,1.0,0.0,0.0,0,0.0,1.0,1323,0.0,vision.view_1.cls_token,PASS_EXACT,768
0,op,473,op,1.0,0.0,0.0,0,0.0,1.0,1324,0.0,vision.view_1.register_tokens,PASS_EXACT,3072
0,op,474,op,1.0,0.0,0.0,0,0.0,1.0,1325,0.0,vision.view_1.position_embedding,PASS_EXACT,32768
0,exhaustive,475,exhaustive,1.0000000000000002,0.0,0.0,0,0.0,1.0000000000000002,1326,0.0,vision.view_1.tokens_before_position,PASS_EXACT,200448
0,exhaustive,476,exhaustive,1.0000000000000002,0.0,0.0,0,0.0,1.0000000000000002,1327,0.0,vision.view_1.tokens_after_position,PASS_EXACT,200448
0,layer,477,layer,1.0000000000000002,0.0,0.0,0,0.0,1.0000000000000002,1328,0.0,vision.view_1.tokens_with_prefix,PASS_EXACT,200448
0,layer,478,layer,1.0000000000000002,0.0,0.0,0,0.0,1.0000000000000002,1329,0.0,vision.view_1.block_00.input,PASS_EXACT,200448
0,exhaustive,479,exhaustive,1.0000000000000002,0.0,0.0,0,0.0,1.0000000000000002,1330,0.0,vision.view_1.block_00.norm_1.input,PASS_EXACT,200448
0,exhaustive,1014,exhaustive,1.0,0.0,0.0,0,0.0,0.9999999999999999,1331,0.0,vision.view_1.block_00.norm_1.mean,PASS_EXACT,261
0,exhaustive,1015,exhaustive,1.0,0.0,0.0,0,0.0,1.0000000000000002,1332,0.0,vision.view_1.block_00.norm_1.variance,PASS_EXACT,261
0,exhaustive,1016,exhaustive,0.9999999999999999,0.0,0.0,0,0.0,1.0,1333,0.0,vision.view_1.block_00.norm_1.inv_std,PASS_EXACT,261
0,exhaustive,1017,exhaustive,1.0000000000000002,0.0,0.0,0,0.0,1.0,1334,0.0,vision.view_1.block_00.norm_1.normalized,PASS_EXACT,200448
0,exhaustive,480,exhaustive,1.0,0.0,0.0,0,0.0,1.0000000000000002,1335,0.0,vision.view_1.block_00.norm_1.output,PASS_EXACT,200448
0,exhaustive,481,exhaustive,0.9999976176606871,1.847625732421875,0.03738722267078891,0,0.0,0.9999976163469338,1336,0.10586684355277709,vision.view_1.block_00.attn.qkv_linear.matmul,PASS_TOLERANCE,601344
0,exhaustive,482,exhaustive,0.9999967319326709,2.0,0.02552554204509814,0,0.0,0.99999673013474,1337,0.12399558343564106,vision.view_1.block_00.attn.qkv_linear.bias_add,PASS_TOLERANCE,601344
0,op,483,op,1.0000000000000002,0.0,0.0,0,0.0,0.9999999999999999,1338,0.0,vision.view_1.block_00.attn.q,PASS_EXACT,200448
0,op,484,op,1.0,0.0,0.0,0,0.0,1.0,1339,0.0,vision.view_1.block_00.attn.k,PASS_EXACT,200448
0,op,485,op,0.9999999999999998,0.0,0.0,0,0.0,1.0,1340,0.0,vision.view_1.block_00.attn.v,PASS_EXACT,200448
0,op,486,op,1.0,0.0,0.0,0,0.0,1.0,1341,0.0,vision.view_1.block_00.attn.q_heads,PASS_EXACT,200448
0,op,487,op,1.0,0.0,0.0,0,0.0,0.9999999999999998,1342,0.0,vision.view_1.block_00.attn.k_heads,PASS_EXACT,200448
0,op,488,op,1.0000000000000002,0.0,0.0,0,0.0,1.0,1343,0.0,vision.view_1.block_00.attn.v_heads,PASS_EXACT,200448
0,op,489,op,0.9999999999999998,0.0,0.0,0,0.0,1.0,1344,0.0,vision.view_1.block_00.attn.logits,PASS_EXACT,817452
0,exhaustive,1226,exhaustive,1.0,0.0,0.0,0,0.0,1.0,1345,0.0,vision.view_1.block_00.attn.scale,PASS_EXACT,1
0,op,490,op,0.9999999999999998,0.0,0.0,0,0.0,1.0,1346,0.0,vision.view_1.block_00.attn.scaled_logits,PASS_EXACT,817452
0,exhaustive,1166,exhaustive,1.0000000000000002,0.0,0.0,0,0.0,1.0000000000000002,1347,0.0,vision.view_1.block_00.attn.softmax.max,PASS_EXACT,3132
0,exhaustive,1167,exhaustive,1.0,0.0,0.0,0,0.0,1.0000000000000002,1348,0.0,vision.view_1.block_00.attn.softmax.shifted,PASS_EXACT,817452
0,exhaustive,1168,exhaustive,0.9999999999999956,5.960464477539063e-08,1.0433501874227123e-10,0,0.0,0.9999999999994247,1349,1.4838745023102004e-09,vision.view_1.block_00.attn.softmax.exp,PASS_TOLERANCE,817452
0,exhaustive,1169,exhaustive,0.9999999999998239,6.866455078125e-05,7.751648757954058e-07,0,0.0,0.9999999999997892,1350,4.679753056248754e-06,vision.view_1.block_00.attn.softmax.sum,PASS_TOLERANCE,3132
0,op,491,op,1.0,0.0,0.0,0,0.0,0.9999999999999998,1351,0.0,vision.view_1.block_00.attn.softmax.probs,PASS_EXACT,817452
0,op,492,op,1.0,0.0,0.0,0,0.0,1.0000000000000002,1352,0.0,vision.view_1.block_00.attn.context_heads,PASS_EXACT,200448
0,op,493,op,1.0,0.0,0.0,0,0.0,1.0,1353,0.0,vision.view_1.block_00.attn.context_merged,PASS_EXACT,200448
0,op,494,op,1.0000000000000002,0.0,0.0,0,0.0,1.0000000000000002,1354,0.0,vision.view_1.block_00.attn.output_projection,PASS_EXACT,200448
0,exhaustive,495,exhaustive,1.0000000000000002,0.0,0.0,0,0.0,1.0000000000000002,1355,0.0,vision.view_1.block_00.layer_scale_1.input,PASS_EXACT,200448
0,op,496,op,0.9999999999999999,0.0,0.0,0,0.0,1.0000000000000002,1356,0.0,vision.view_1.block_00.layer_scale_1.output,PASS_EXACT,200448
0,op,497,op,1.0000000000000002,0.0,0.0,0,0.0,1.0000000000000002,1357,0.0,vision.view_1.block_00.residual_1.left,PASS_EXACT,200448
0,op,498,op,0.9999999999999999,0.0,0.0,0,0.0,1.0000000000000002,1358,0.0,vision.view_1.block_00.residual_1.right,PASS_EXACT,200448
0,op,499,op,0.9999999999999998,0.0,0.0,0,0.0,1.0000000000000002,1359,0.0,vision.view_1.block_00.residual_1.sum,PASS_EXACT,200448
0,exhaustive,500,exhaustive,0.9999999999999998,0.0,0.0,0,0.0,1.0000000000000002,1360,0.0,vision.view_1.block_00.norm_2.input,PASS_EXACT,200448
0,exhaustive,1018,exhaustive,1.0,0.0,0.0,0,0.0,1.0,1361,0.0,vision.view_1.block_00.norm_2.mean,PASS_EXACT,261
0,exhaustive,1019,exhaustive,1.0,0.0,0.0,0,0.0,1.0,1362,0.0,vision.view_1.block_00.norm_2.variance,PASS_EXACT,261
0,exhaustive,1020,exhaustive,1.0,0.0,0.0,0,0.0,1.0000000000000002,1363,0.0,vision.view_1.block_00.norm_2.inv_std,PASS_EXACT,261
0,exhaustive,1021,exhaustive,1.0,0.0,0.0,0,0.0,1.0,1364,0.0,vision.view_1.block_00.norm_2.normalized,PASS_EXACT,200448
0,exhaustive,501,exhaustive,0.9999999999999999,0.0,0.0,0,0.0,0.9999999999999999,1365,0.0,vision.view_1.block_00.norm_2.output,PASS_EXACT,200448
0,exhaustive,502,exhaustive,0.9999986248622678,0.05999946594238281,0.0014453528944898806,0,0.0,0.9999984888509807,1366,0.002603860568111369,vision.view_1.block_00.mlp.linear_1.matmul,PASS_TOLERANCE,801792
0,exhaustive,503,exhaustive,1.0,0.0,0.0,0,0.0,0.9999999999999999,1367,0.0,vision.view_1.block_00.mlp.linear_1.bias_add,PASS_EXACT,801792
0,exhaustive,504,exhaustive,1.0,0.0,0.0,0,0.0,0.9999999999999999,1368,0.0,vision.view_1.block_00.mlp.activation.input,PASS_EXACT,801792
0,op,505,op,1.0,0.0,0.0,0,0.0,0.9999999999999999,1369,0.0,vision.view_1.block_00.mlp.activation.output,PASS_EXACT,801792
0,exhaustive,506,exhaustive,0.9999986576493006,0.06244659423828125,0.003209327254814547,0,0.0,0.9999986567160879,1370,0.005405650958578378,vision.view_1.block_00.mlp.linear_2.matmul,PASS_TOLERANCE,200448
0,exhaustive,507,exhaustive,1.0,0.0,0.0,0,0.0,1.0,1371,0.0,vision.view_1.block_00.mlp.linear_2.bias_add,PASS_EXACT,200448
0,exhaustive,508,exhaustive,1.0,0.0,0.0,0,0.0,1.0,1372,0.0,vision.view_1.block_00.layer_scale_2.input,PASS_EXACT,200448
0,op,509,op,1.0,0.0,0.0,0,0.0,1.0,1373,0.0,vision.view_1.block_00.layer_scale_2.output,PASS_EXACT,200448
0,op,510,op,0.9999999999999998,0.0,0.0,0,0.0,1.0000000000000002,1374,0.0,vision.view_1.block_00.residual_2.left,PASS_EXACT,200448
0,op,511,op,1.0,0.0,0.0,0,0.0,1.0,1375,0.0,vision.view_1.block_00.residual_2.right,PASS_EXACT,200448
0,op,512,op,1.0000000000000002,0.0,0.0,0,0.0,0.9999999999999999,1376,0.0,vision.view_1.block_00.residual_2.sum,PASS_EXACT,200448
0,layer,20,layer,1.0000000000000002,0.0,0.0,0,0.0,0.9999999999999999,1377,0.0,vision.view_1.block_00.output,PASS_EXACT,200448
0,layer,513,layer,1.0000000000000002,0.0,0.0,0,0.0,0.9999999999999999,1378,0.0,vision.view_1.block_01.input,PASS_EXACT,200448
0,exhaustive,514,exhaustive,1.0000000000000002,0.0,0.0,0,0.0,0.9999999999999999,1379,0.0,vision.view_1.block_01.norm_1.input,PASS_EXACT,200448
0,exhaustive,1022,exhaustive,1.0,0.0,0.0,0,0.0,1.0,1380,0.0,vision.view_1.block_01.norm_1.mean,PASS_EXACT,261
0,exhaustive,1023,exhaustive,0.9999999999999999,0.0,0.0,0,0.0,0.9999999999999998,1381,0.0,vision.view_1.block_01.norm_1.variance,PASS_EXACT,261
0,exhaustive,1024,exhaustive,1.0000000000000002,0.0,0.0,0,0.0,1.0000000000000002,1382,0.0,vision.view_1.block_01.norm_1.inv_std,PASS_EXACT,261
0,exhaustive,1025,exhaustive,1.0,0.0,0.0,0,0.0,1.0000000000000002,1383,0.0,vision.view_1.block_01.norm_1.normalized,PASS_EXACT,200448
0,exhaustive,515,exhaustive,1.0000000000000002,0.0,0.0,0,0.0,1.0,1384,0.0,vision.view_1.block_01.norm_1.output,PASS_EXACT,200448
0,exhaustive,516,exhaustive,0.9999971452922186,0.056140899658203125,0.001537223243766911,0,0.0,0.9999971451044343,1385,0.002702191488318476,vision.view_1.block_01.attn.qkv_linear.matmul,PASS_TOLERANCE,601344
0,exhaustive,517,exhaustive,0.9999953087103934,0.0625,0.001364396634399422,0,0.0,0.9999953084453845,1386,0.0034651728906075468,vision.view_1.block_01.attn.qkv_linear.bias_add,PASS_TOLERANCE,601344
0,op,518,op,1.0,0.0,0.0,0,0.0,1.0,1387,0.0,vision.view_1.block_01.attn.q,PASS_EXACT,200448
0,op,519,op,1.0,0.0,0.0,0,0.0,1.0000000000000002,1388,0.0,vision.view_1.block_01.attn.k,PASS_EXACT,200448
0,op,520,op,1.0,0.0,0.0,0,0.0,1.0,1389,0.0,vision.view_1.block_01.attn.v,PASS_EXACT,200448
0,op,521,op,1.0,0.0,0.0,0,0.0,1.0,1390,0.0,vision.view_1.block_01.attn.q_heads,PASS_EXACT,200448
0,op,522,op,0.9999999999999998,0.0,0.0,0,0.0,1.0,1391,0.0,vision.view_1.block_01.attn.k_heads,PASS_EXACT,200448
0,op,523,op,1.0,0.0,0.0,0,0.0,1.0,1392,0.0,vision.view_1.block_01.attn.v_heads,PASS_EXACT,200448
0,op,524,op,1.0000000000000002,0.0,0.0,0,0.0,1.0,1393,0.0,vision.view_1.block_01.attn.logits,PASS_EXACT,817452
0,exhaustive,1227,exhaustive,1.0,0.0,0.0,0,0.0,1.0,1394,0.0,vision.view_1.block_01.attn.scale,PASS_EXACT,1
0,op,525,op,1.0000000000000002,0.0,0.0,0,0.0,1.0,1395,0.0,vision.view_1.block_01.attn.scaled_logits,PASS_EXACT,817452
0,exhaustive,1170,exhaustive,1.0,0.0,0.0,0,0.0,0.9999999999999999,1396,0.0,vision.view_1.block_01.attn.softmax.max,PASS_EXACT,3132
0,exhaustive,1171,exhaustive,0.9999999999999999,0.0,0.0,0,0.0,0.9999999999999999,1397,0.0,vision.view_1.block_01.attn.softmax.shifted,PASS_EXACT,817452
0,exhaustive,1172,exhaustive,1.000000000000064,5.960464477539063e-08,1.899606305598431e-09,0,0.0,0.9999999999998083,1398,7.83852251259502e-09,vision.view_1.block_01.attn.softmax.exp,PASS_TOLERANCE,817452
0,exhaustive,1173,exhaustive,0.9999999999998838,0.0001068115234375,7.3098664387280304e-06,0,0.0,0.9999999999997475,1399,1.4019799018451193e-05,vision.view_1.block_01.attn.softmax.sum,PASS_TOLERANCE,3132
0,op,526,op,1.0,0.0,0.0,0,0.0,0.9999999999999998,1400,0.0,vision.view_1.block_01.attn.softmax.probs,PASS_EXACT,817452
0,op,527,op,0.9999999999999998,0.0,0.0,0,0.0,0.9999999999999998,1401,0.0,vision.view_1.block_01.attn.context_heads,PASS_EXACT,200448
0,op,528,op,0.9999999999999998,0.0,0.0,0,0.0,1.0,1402,0.0,vision.view_1.block_01.attn.context_merged,PASS_EXACT,200448
0,op,529,op,0.9999999999999999,0.0,0.0,0,0.0,1.0,1403,0.0,vision.view_1.block_01.attn.output_projection,PASS_EXACT,200448
0,exhaustive,530,exhaustive,0.9999999999999999,0.0,0.0,0,0.0,1.0,1404,0.0,vision.view_1.block_01.layer_scale_1.input,PASS_EXACT,200448
0,op,531,op,1.0,0.0,0.0,0,0.0,1.0,1405,0.0,vision.view_1.block_01.layer_scale_1.output,PASS_EXACT,200448
0,op,532,op,1.0000000000000002,0.0,0.0,0,0.0,0.9999999999999999,1406,0.0,vision.view_1.block_01.residual_1.left,PASS_EXACT,200448
0,op,533,op,1.0,0.0,0.0,0,0.0,1.0,1407,0.0,vision.view_1.block_01.residual_1.right,PASS_EXACT,200448
0,op,534,op,1.0,0.0,0.0,0,0.0,1.0,1408,0.0,vision.view_1.block_01.residual_1.sum,PASS_EXACT,200448
0,exhaustive,535,exhaustive,1.0,0.0,0.0,0,0.0,1.0,1409,0.0,vision.view_1.block_01.norm_2.input,PASS_EXACT,200448
0,exhaustive,1026,exhaustive,1.0,0.0,0.0,0,0.0,1.0,1410,0.0,vision.view_1.block_01.norm_2.mean,PASS_EXACT,261
0,exhaustive,1027,exhaustive,1.0000000000000002,0.0,0.0,0,0.0,1.0000000000000002,1411,0.0,vision.view_1.block_01.norm_2.variance,PASS_EXACT,261
0,exhaustive,1028,exhaustive,1.0,0.0,0.0,0,0.0,1.0,1412,0.0,vision.view_1.block_01.norm_2.inv_std,PASS_EXACT,261
0,exhaustive,1029,exhaustive,1.0,0.0,0.0,0,0.0,1.0,1413,0.0,vision.view_1.block_01.norm_2.normalized,PASS_EXACT,200448
0,exhaustive,536,exhaustive,1.0,0.0,0.0,0,0.0,1.0000000000000002,1414,0.0,vision.view_1.block_01.norm_2.output,PASS_EXACT,200448
0,exhaustive,537,exhaustive,0.999998627337037,0.033527374267578125,0.0009754629951789245,0,0.0,0.9999986148309545,1415,0.0015902855293990186,vision.view_1.block_01.mlp.linear_1.matmul,PASS_TOLERANCE,801792
0,exhaustive,538,exhaustive,1.0,0.0,0.0,0,0.0,1.0000000000000002,1416,0.0,vision.view_1.block_01.mlp.linear_1.bias_add,PASS_EXACT,801792
0,exhaustive,539,exhaustive,1.0,0.0,0.0,0,0.0,1.0000000000000002,1417,0.0,vision.view_1.block_01.mlp.activation.input,PASS_EXACT,801792
0,op,540,op,1.0000000000000002,0.0,0.0,0,0.0,1.0000000000000002,1418,0.0,vision.view_1.block_01.mlp.activation.output,PASS_EXACT,801792
0,exhaustive,541,exhaustive,0.9999986112948781,0.03818511962890625,0.001297468007399113,0,0.0,0.9999986112864373,1419,0.002344054087446664,vision.view_1.block_01.mlp.linear_2.matmul,PASS_TOLERANCE,200448
0,exhaustive,542,exhaustive,1.0,0.0,0.0,0,0.0,1.0,1420,0.0,vision.view_1.block_01.mlp.linear_2.bias_add,PASS_EXACT,200448
0,exhaustive,543,exhaustive,1.0,0.0,0.0,0,0.0,1.0,1421,0.0,vision.view_1.block_01.layer_scale_2.input,PASS_EXACT,200448
0,op,544,op,0.9999999999999998,0.0,0.0,0,0.0,1.0000000000000002,1422,0.0,vision.view_1.block_01.layer_scale_2.output,PASS_EXACT,200448
0,op,545,op,1.0,0.0,0.0,0,0.0,1.0,1423,0.0,vision.view_1.block_01.residual_2.left,PASS_EXACT,200448
0,op,546,op,0.9999999999999998,0.0,0.0,0,0.0,1.0000000000000002,1424,0.0,vision.view_1.block_01.residual_2.right,PASS_EXACT,200448
0,op,547,op,1.0,0.0,0.0,0,0.0,1.0,1425,0.0,vision.view_1.block_01.residual_2.sum,PASS_EXACT,200448
0,layer,21,layer,1.0,0.0,0.0,0,0.0,1.0,1426,0.0,vision.view_1.block_01.output,PASS_EXACT,200448
0,layer,548,layer,1.0,0.0,0.0,0,0.0,1.0,1427,0.0,vision.view_1.block_02.input,PASS_EXACT,200448
0,exhaustive,549,exhaustive,1.0,0.0,0.0,0,0.0,1.0,1428,0.0,vision.view_1.block_02.norm_1.input,PASS_EXACT,200448
0,exhaustive,1030,exhaustive,1.0000000000000002,0.0,0.0,0,0.0,1.0000000000000002,1429,0.0,vision.view_1.block_02.norm_1.mean,PASS_EXACT,261
0,exhaustive,1031,exhaustive,1.0,0.0,0.0,0,0.0,1.0,1430,0.0,vision.view_1.block_02.norm_1.variance,PASS_EXACT,261
0,exhaustive,1032,exhaustive,0.9999999999999998,0.0,0.0,0,0.0,0.9999999999999999,1431,0.0,vision.view_1.block_02.norm_1.inv_std,PASS_EXACT,261
0,exhaustive,1033,exhaustive,0.9999999999999999,0.0,0.0,0,0.0,1.0,1432,0.0,vision.view_1.block_02.norm_1.normalized,PASS_EXACT,200448
0,exhaustive,550,exhaustive,1.0,0.0,0.0,0,0.0,0.9999999999999998,1433,0.0,vision.view_1.block_02.norm_1.output,PASS_EXACT,200448
0,exhaustive,551,exhaustive,0.9999973254470542,0.21651458740234375,0.0020980815873981235,0,0.0,0.9999973249415319,1434,0.0038991294724143905,vision.view_1.block_02.attn.qkv_linear.matmul,PASS_TOLERANCE,601344
0,exhaustive,552,exhaustive,0.9999954617417164,0.25,0.001861931824592894,0,0.0,0.999995460896721,1435,0.0050813793829432175,vision.view_1.block_02.attn.qkv_linear.bias_add,PASS_TOLERANCE,601344
0,op,553,op,1.0000000000000002,0.0,0.0,0,0.0,1.0,1436,0.0,vision.view_1.block_02.attn.q,PASS_EXACT,200448
0,op,554,op,0.9999999999999999,0.0,0.0,0,0.0,1.0,1437,0.0,vision.view_1.block_02.attn.k,PASS_EXACT,200448
0,op,555,op,1.0,0.0,0.0,0,0.0,0.9999999999999998,1438,0.0,vision.view_1.block_02.attn.v,PASS_EXACT,200448
0,op,556,op,0.9999999999999998,0.0,0.0,0,0.0,1.0,1439,0.0,vision.view_1.block_02.attn.q_heads,PASS_EXACT,200448
0,op,557,op,1.0,0.0,0.0,0,0.0,1.0,1440,0.0,vision.view_1.block_02.attn.k_heads,PASS_EXACT,200448
0,op,558,op,1.0,0.0,0.0,0,0.0,1.0,1441,0.0,vision.view_1.block_02.attn.v_heads,PASS_EXACT,200448
0,op,559,op,1.0,0.0,0.0,0,0.0,0.9999999999999999,1442,0.0,vision.view_1.block_02.attn.logits,PASS_EXACT,817452
0,exhaustive,1228,exhaustive,1.0,0.0,0.0,0,0.0,1.0,1443,0.0,vision.view_1.block_02.attn.scale,PASS_EXACT,1
0,op,560,op,1.0,0.0,0.0,0,0.0,0.9999999999999999,1444,0.0,vision.view_1.block_02.attn.scaled_logits,PASS_EXACT,817452
0,exhaustive,1174,exhaustive,1.0000000000000002,0.0,0.0,0,0.0,1.0,1445,0.0,vision.view_1.block_02.attn.softmax.max,PASS_EXACT,3132
0,exhaustive,1175,exhaustive,1.0,0.0,0.0,0,0.0,0.9999999999999999,1446,0.0,vision.view_1.block_02.attn.softmax.shifted,PASS_EXACT,817452
0,exhaustive,1176,exhaustive,0.999999999999993,5.960464477539063e-08,1.430549595183367e-09,0,0.0,1.0000000000000047,1447,6.450052389785716e-09,vision.view_1.block_02.attn.softmax.exp,PASS_TOLERANCE,817452
0,exhaustive,1177,exhaustive,0.9999999999999304,9.1552734375e-05,4.406252431077823e-06,0,0.0,0.9999999999998518,1448,8.742488941554479e-06,vision.view_1.block_02.attn.softmax.sum,PASS_TOLERANCE,3132
0,op,561,op,1.0000000000000002,0.0,0.0,0,0.0,0.9999999999999999,1449,0.0,vision.view_1.block_02.attn.softmax.probs,PASS_EXACT,817452
0,op,562,op,0.9999999999999998,0.0,0.0,0,0.0,1.0,1450,0.0,vision.view_1.block_02.attn.context_heads,PASS_EXACT,200448
0,op,563,op,0.9999999999999998,0.0,0.0,0,0.0,1.0000000000000002,1451,0.0,vision.view_1.block_02.attn.context_merged,PASS_EXACT,200448
0,op,564,op,1.0000000000000002,0.0,0.0,0,0.0,1.0,1452,0.0,vision.view_1.block_02.attn.output_projection,PASS_EXACT,200448
0,exhaustive,565,exhaustive,1.0000000000000002,0.0,0.0,0,0.0,1.0,1453,0.0,vision.view_1.block_02.layer_scale_1.input,PASS_EXACT,200448
0,op,566,op,0.9999999999999999,0.0,0.0,0,0.0,1.0,1454,0.0,vision.view_1.block_02.layer_scale_1.output,PASS_EXACT,200448
0,op,567,op,1.0,0.0,0.0,0,0.0,1.0,1455,0.0,vision.view_1.block_02.residual_1.left,PASS_EXACT,200448
0,op,568,op,0.9999999999999999,0.0,0.0,0,0.0,1.0,1456,0.0,vision.view_1.block_02.residual_1.right,PASS_EXACT,200448
0,op,569,op,1.0,0.0,0.0,0,0.0,1.0,1457,0.0,vision.view_1.block_02.residual_1.sum,PASS_EXACT,200448
0,exhaustive,570,exhaustive,1.0,0.0,0.0,0,0.0,1.0,1458,0.0,vision.view_1.block_02.norm_2.input,PASS_EXACT,200448
0,exhaustive,1034,exhaustive,0.9999999999999998,0.0,0.0,0,0.0,1.0,1459,0.0,vision.view_1.block_02.norm_2.mean,PASS_EXACT,261
0,exhaustive,1035,exhaustive,1.0,0.0,0.0,0,0.0,1.0000000000000002,1460,0.0,vision.view_1.block_02.norm_2.variance,PASS_EXACT,261
0,exhaustive,1036,exhaustive,0.9999999999999998,0.0,0.0,0,0.0,0.9999999999999999,1461,0.0,vision.view_1.block_02.norm_2.inv_std,PASS_EXACT,261
0,exhaustive,1037,exhaustive,1.0,0.0,0.0,0,0.0,1.0,1462,0.0,vision.view_1.block_02.norm_2.normalized,PASS_EXACT,200448
0,exhaustive,571,exhaustive,1.0,0.0,0.0,0,0.0,1.0000000000000002,1463,0.0,vision.view_1.block_02.norm_2.output,PASS_EXACT,200448
0,exhaustive,572,exhaustive,0.9999986883129995,3.205810546875,0.0010453214483807656,0,0.0,0.999998688321871,1464,0.009479874353783904,vision.view_1.block_02.mlp.linear_1.matmul,PASS_TOLERANCE,801792
0,exhaustive,573,exhaustive,0.9999999999999999,0.0,0.0,0,0.0,1.0000000000000002,1465,0.0,vision.view_1.block_02.mlp.linear_1.bias_add,PASS_EXACT,801792
0,exhaustive,574,exhaustive,0.9999999999999999,0.0,0.0,0,0.0,1.0000000000000002,1466,0.0,vision.view_1.block_02.mlp.activation.input,PASS_EXACT,801792
0,op,575,op,0.9999999999999999,0.0,0.0,0,0.0,1.0,1467,0.0,vision.view_1.block_02.mlp.activation.output,PASS_EXACT,801792
0,exhaustive,576,exhaustive,0.999998571035485,7.7841796875,0.0029529626954166465,0,0.0,0.9999985710260673,1468,0.039487622965229244,vision.view_1.block_02.mlp.linear_2.matmul,PASS_TOLERANCE,200448
0,exhaustive,577,exhaustive,1.0,0.0,0.0,0,0.0,1.0000000000000002,1469,0.0,vision.view_1.block_02.mlp.linear_2.bias_add,PASS_EXACT,200448
0,exhaustive,578,exhaustive,1.0,0.0,0.0,0,0.0,1.0000000000000002,1470,0.0,vision.view_1.block_02.layer_scale_2.input,PASS_EXACT,200448
0,op,579,op,1.0,0.0,0.0,0,0.0,0.9999999999999998,1471,0.0,vision.view_1.block_02.layer_scale_2.output,PASS_EXACT,200448
0,op,580,op,1.0,0.0,0.0,0,0.0,1.0,1472,0.0,vision.view_1.block_02.residual_2.left,PASS_EXACT,200448
0,op,581,op,1.0,0.0,0.0,0,0.0,0.9999999999999998,1473,0.0,vision.view_1.block_02.residual_2.right,PASS_EXACT,200448
0,op,582,op,1.0000000000000002,0.0,0.0,0,0.0,1.0,1474,0.0,vision.view_1.block_02.residual_2.sum,PASS_EXACT,200448
0,layer,22,layer,1.0000000000000002,0.0,0.0,0,0.0,1.0,1475,0.0,vision.view_1.block_02.output,PASS_EXACT,200448
0,layer,583,layer,1.0000000000000002,0.0,0.0,0,0.0,1.0,1476,0.0,vision.view_1.block_03.input,PASS_EXACT,200448
0,exhaustive,584,exhaustive,1.0000000000000002,0.0,0.0,0,0.0,1.0,1477,0.0,vision.view_1.block_03.norm_1.input,PASS_EXACT,200448
0,exhaustive,1038,exhaustive,0.9999999999999998,0.0,0.0,0,0.0,1.0000000000000002,1478,0.0,vision.view_1.block_03.norm_1.mean,PASS_EXACT,261
0,exhaustive,1039,exhaustive,0.9999999999999999,0.0,0.0,0,0.0,1.0,1479,0.0,vision.view_1.block_03.norm_1.variance,PASS_EXACT,261
0,exhaustive,1040,exhaustive,1.0000000000000002,0.0,0.0,0,0.0,1.0000000000000002,1480,0.0,vision.view_1.block_03.norm_1.inv_std,PASS_EXACT,261
0,exhaustive,1041,exhaustive,1.0,0.0,0.0,0,0.0,1.0,1481,0.0,vision.view_1.block_03.norm_1.normalized,PASS_EXACT,200448
0,exhaustive,585,exhaustive,1.0,0.0,0.0,0,0.0,1.0,1482,0.0,vision.view_1.block_03.norm_1.output,PASS_EXACT,200448
0,exhaustive,586,exhaustive,0.999997353651544,0.1041860580444336,0.0021692532648187436,0,0.0,0.9999973536539701,1483,0.0038557171125963973,vision.view_1.block_03.attn.qkv_linear.matmul,PASS_TOLERANCE,601344
0,exhaustive,587,exhaustive,0.9999956287783442,0.125,0.001897828780649299,0,0.0,0.9999956288732267,1484,0.004958926231337298,vision.view_1.block_03.attn.qkv_linear.bias_add,PASS_TOLERANCE,601344
0,op,588,op,0.9999999999999998,0.0,0.0,0,0.0,1.0,1485,0.0,vision.view_1.block_03.attn.q,PASS_EXACT,200448
0,op,589,op,1.0,0.0,0.0,0,0.0,1.0,1486,0.0,vision.view_1.block_03.attn.k,PASS_EXACT,200448
0,op,590,op,0.9999999999999999,0.0,0.0,0,0.0,1.0000000000000002,1487,0.0,vision.view_1.block_03.attn.v,PASS_EXACT,200448
0,op,591,op,1.0,0.0,0.0,0,0.0,1.0,1488,0.0,vision.view_1.block_03.attn.q_heads,PASS_EXACT,200448
0,op,592,op,1.0,0.0,0.0,0,0.0,0.9999999999999999,1489,0.0,vision.view_1.block_03.attn.k_heads,PASS_EXACT,200448
0,op,593,op,0.9999999999999999,0.0,0.0,0,0.0,1.0,1490,0.0,vision.view_1.block_03.attn.v_heads,PASS_EXACT,200448
0,op,594,op,1.0,0.0,0.0,0,0.0,0.9999999999999999,1491,0.0,vision.view_1.block_03.attn.logits,PASS_EXACT,817452
0,exhaustive,1229,exhaustive,1.0,0.0,0.0,0,0.0,1.0,1492,0.0,vision.view_1.block_03.attn.scale,PASS_EXACT,1
0,op,595,op,1.0,0.0,0.0,0,0.0,0.9999999999999999,1493,0.0,vision.view_1.block_03.attn.scaled_logits,PASS_EXACT,817452
0,exhaustive,1178,exhaustive,0.9999999999999999,0.0,0.0,0,0.0,1.0,1494,0.0,vision.view_1.block_03.attn.softmax.max,PASS_EXACT,3132
0,exhaustive,1179,exhaustive,1.0,0.0,0.0,0,0.0,1.0,1495,0.0,vision.view_1.block_03.attn.softmax.shifted,PASS_EXACT,817452
0,exhaustive,1180,exhaustive,0.999999999999863,5.960464477539063e-08,8.18595900473218e-10,0,0.0,1.0000000000000069,1496,4.644209677503605e-09,vision.view_1.block_03.attn.softmax.exp,PASS_TOLERANCE,817452
0,exhaustive,1181,exhaustive,0.9999999999999388,6.103515625e-05,2.6252306284118884e-06,0,0.0,0.999999999999901,1497,5.402734935077645e-06,vision.view_1.block_03.attn.softmax.sum,PASS_TOLERANCE,3132
0,op,596,op,1.0,0.0,0.0,0,0.0,1.0,1498,0.0,vision.view_1.block_03.attn.softmax.probs,PASS_EXACT,817452
0,op,597,op,1.0,0.0,0.0,0,0.0,1.0,1499,0.0,vision.view_1.block_03.attn.context_heads,PASS_EXACT,200448
0,op,598,op,1.0,0.0,0.0,0,0.0,1.0000000000000002,1500,0.0,vision.view_1.block_03.attn.context_merged,PASS_EXACT,200448
0,op,599,op,1.0000000000000002,0.0,0.0,0,0.0,1.0000000000000002,1501,0.0,vision.view_1.block_03.attn.output_projection,PASS_EXACT,200448
0,exhaustive,600,exhaustive,1.0000000000000002,0.0,0.0,0,0.0,1.0000000000000002,1502,0.0,vision.view_1.block_03.layer_scale_1.input,PASS_EXACT,200448
0,op,601,op,1.0,0.0,0.0,0,0.0,1.0,1503,0.0,vision.view_1.block_03.layer_scale_1.output,PASS_EXACT,200448
0,op,602,op,1.0000000000000002,0.0,0.0,0,0.0,1.0,1504,0.0,vision.view_1.block_03.residual_1.left,PASS_EXACT,200448
0,op,603,op,1.0,0.0,0.0,0,0.0,1.0,1505,0.0,vision.view_1.block_03.residual_1.right,PASS_EXACT,200448
0,op,604,op,0.9999999999999998,0.0,0.0,0,0.0,0.9999999999999998,1506,0.0,vision.view_1.block_03.residual_1.sum,PASS_EXACT,200448
0,exhaustive,605,exhaustive,0.9999999999999998,0.0,0.0,0,0.0,0.9999999999999998,1507,0.0,vision.view_1.block_03.norm_2.input,PASS_EXACT,200448
0,exhaustive,1042,exhaustive,1.0,0.0,0.0,0,0.0,1.0,1508,0.0,vision.view_1.block_03.norm_2.mean,PASS_EXACT,261
0,exhaustive,1043,exhaustive,0.9999999999999999,0.0,0.0,0,0.0,1.0000000000000002,1509,0.0,vision.view_1.block_03.norm_2.variance,PASS_EXACT,261
0,exhaustive,1044,exhaustive,0.9999999999999999,0.0,0.0,0,0.0,1.0,1510,0.0,vision.view_1.block_03.norm_2.inv_std,PASS_EXACT,261
0,exhaustive,1045,exhaustive,1.0,0.0,0.0,0,0.0,0.9999999999999999,1511,0.0,vision.view_1.block_03.norm_2.normalized,PASS_EXACT,200448
0,exhaustive,606,exhaustive,1.0,0.0,0.0,0,0.0,1.0000000000000002,1512,0.0,vision.view_1.block_03.norm_2.output,PASS_EXACT,200448
0,exhaustive,607,exhaustive,0.9999986209546068,0.05839729309082031,0.0009771577095500112,0,0.0,0.9999986072854531,1513,0.0015204147526214908,vision.view_1.block_03.mlp.linear_1.matmul,PASS_TOLERANCE,801792
0,exhaustive,608,exhaustive,1.0,0.0,0.0,0,0.0,1.0000000000000002,1514,0.0,vision.view_1.block_03.mlp.linear_1.bias_add,PASS_EXACT,801792
0,exhaustive,609,exhaustive,1.0,0.0,0.0,0,0.0,1.0000000000000002,1515,0.0,vision.view_1.block_03.mlp.activation.input,PASS_EXACT,801792
0,op,610,op,1.0,0.0,0.0,0,0.0,1.0,1516,0.0,vision.view_1.block_03.mlp.activation.output,PASS_EXACT,801792
0,exhaustive,611,exhaustive,0.9999985974160259,0.119049072265625,0.0011498501788565854,0,0.0,0.999998596736782,1517,0.0018027529640023215,vision.view_1.block_03.mlp.linear_2.matmul,PASS_TOLERANCE,200448
0,exhaustive,612,exhaustive,0.9999999999999999,0.0,0.0,0,0.0,1.0,1518,0.0,vision.view_1.block_03.mlp.linear_2.bias_add,PASS_EXACT,200448
0,exhaustive,613,exhaustive,0.9999999999999999,0.0,0.0,0,0.0,1.0,1519,0.0,vision.view_1.block_03.layer_scale_2.input,PASS_EXACT,200448
0,op,614,op,1.0,0.0,0.0,0,0.0,0.9999999999999999,1520,0.0,vision.view_1.block_03.layer_scale_2.output,PASS_EXACT,200448
0,op,615,op,0.9999999999999998,0.0,0.0,0,0.0,0.9999999999999998,1521,0.0,vision.view_1.block_03.residual_2.left,PASS_EXACT,200448
0,op,616,op,1.0,0.0,0.0,0,0.0,0.9999999999999999,1522,0.0,vision.view_1.block_03.residual_2.right,PASS_EXACT,200448
0,op,617,op,1.0,0.0,0.0,0,0.0,0.9999999999999998,1523,0.0,vision.view_1.block_03.residual_2.sum,PASS_EXACT,200448
0,layer,23,layer,1.0,0.0,0.0,0,0.0,0.9999999999999998,1524,0.0,vision.view_1.block_03.output,PASS_EXACT,200448
0,layer,618,layer,1.0,0.0,0.0,0,0.0,0.9999999999999998,1525,0.0,vision.view_1.block_04.input,PASS_EXACT,200448
0,exhaustive,619,exhaustive,1.0,0.0,0.0,0,0.0,0.9999999999999998,1526,0.0,vision.view_1.block_04.norm_1.input,PASS_EXACT,200448
0,exhaustive,1046,exhaustive,1.0,0.0,0.0,0,0.0,1.0,1527,0.0,vision.view_1.block_04.norm_1.mean,PASS_EXACT,261
0,exhaustive,1047,exhaustive,1.0000000000000002,0.0,0.0,0,0.0,1.0,1528,0.0,vision.view_1.block_04.norm_1.variance,PASS_EXACT,261
0,exhaustive,1048,exhaustive,1.0,0.0,0.0,0,0.0,1.0,1529,0.0,vision.view_1.block_04.norm_1.inv_std,PASS_EXACT,261
0,exhaustive,1049,exhaustive,1.0,0.0,0.0,0,0.0,0.9999999999999999,1530,0.0,vision.view_1.block_04.norm_1.normalized,PASS_EXACT,200448
0,exhaustive,620,exhaustive,1.0,0.0,0.0,0,0.0,1.0,1531,0.0,vision.view_1.block_04.norm_1.output,PASS_EXACT,200448
0,exhaustive,621,exhaustive,0.999997356264799,0.06058216094970703,0.0019895835322644865,0,0.0,0.9999973557924603,1532,0.003260684105050571,vision.view_1.block_04.attn.qkv_linear.matmul,PASS_TOLERANCE,601344
0,exhaustive,622,exhaustive,0.9999956368027172,0.0625,0.00173612765465015,0,0.0,0.9999956360030663,1533,0.004192042814622038,vision.view_1.block_04.attn.qkv_linear.bias_add,PASS_TOLERANCE,601344
0,op,623,op,0.9999999999999999,0.0,0.0,0,0.0,1.0000000000000002,1534,0.0,vision.view_1.block_04.attn.q,PASS_EXACT,200448
0,op,624,op,1.0,0.0,0.0,0,0.0,1.0000000000000002,1535,0.0,vision.view_1.block_04.attn.k,PASS_EXACT,200448
0,op,625,op,1.0000000000000002,0.0,0.0,0,0.0,1.0000000000000002,1536,0.0,vision.view_1.block_04.attn.v,PASS_EXACT,200448
0,op,626,op,1.0,0.0,0.0,0,0.0,1.0,1537,0.0,vision.view_1.block_04.attn.q_heads,PASS_EXACT,200448
0,op,627,op,1.0,0.0,0.0,0,0.0,0.9999999999999999,1538,0.0,vision.view_1.block_04.attn.k_heads,PASS_EXACT,200448
0,op,628,op,1.0000000000000002,0.0,0.0,0,0.0,1.0,1539,0.0,vision.view_1.block_04.attn.v_heads,PASS_EXACT,200448
0,op,629,op,1.0000000000000002,0.0,0.0,0,0.0,0.9999999999999998,1540,0.0,vision.view_1.block_04.attn.logits,PASS_EXACT,817452
0,exhaustive,1230,exhaustive,1.0,0.0,0.0,0,0.0,1.0,1541,0.0,vision.view_1.block_04.attn.scale,PASS_EXACT,1
0,op,630,op,1.0000000000000002,0.0,0.0,0,0.0,0.9999999999999998,1542,0.0,vision.view_1.block_04.attn.scaled_logits,PASS_EXACT,817452
0,exhaustive,1182,exhaustive,1.0,0.0,0.0,0,0.0,1.0,1543,0.0,vision.view_1.block_04.attn.softmax.max,PASS_EXACT,3132
0,exhaustive,1183,exhaustive,1.0000000000000002,0.0,0.0,0,0.0,1.0,1544,0.0,vision.view_1.block_04.attn.softmax.shifted,PASS_EXACT,817452
0,exhaustive,1184,exhaustive,0.999999999999993,5.960464477539063e-08,6.377110921310727e-10,0,0.0,1.0000000000001665,1545,3.822650771525983e-09,vision.view_1.block_04.attn.softmax.exp,PASS_TOLERANCE,817452
0,exhaustive,1185,exhaustive,0.9999999999999479,9.1552734375e-05,1.8929232430488518e-06,0,0.0,0.999999999999896,1546,3.5380808554593745e-06,vision.view_1.block_04.attn.softmax.sum,PASS_TOLERANCE,3132
0,op,631,op,1.0,0.0,0.0,0,0.0,1.0000000000000002,1547,0.0,vision.view_1.block_04.attn.softmax.probs,PASS_EXACT,817452
0,op,632,op,0.9999999999999999,0.0,0.0,0,0.0,1.0,1548,0.0,vision.view_1.block_04.attn.context_heads,PASS_EXACT,200448
0,op,633,op,0.9999999999999999,0.0,0.0,0,0.0,1.0000000000000002,1549,0.0,vision.view_1.block_04.attn.context_merged,PASS_EXACT,200448
0,op,634,op,1.0,0.0,0.0,0,0.0,1.0,1550,0.0,vision.view_1.block_04.attn.output_projection,PASS_EXACT,200448
0,exhaustive,635,exhaustive,1.0,0.0,0.0,0,0.0,1.0,1551,0.0,vision.view_1.block_04.layer_scale_1.input,PASS_EXACT,200448
0,op,636,op,1.0000000000000002,0.0,0.0,0,0.0,0.9999999999999999,1552,0.0,vision.view_1.block_04.layer_scale_1.output,PASS_EXACT,200448
0,op,637,op,1.0,0.0,0.0,0,0.0,0.9999999999999998,1553,0.0,vision.view_1.block_04.residual_1.left,PASS_EXACT,200448
0,op,638,op,1.0000000000000002,0.0,0.0,0,0.0,0.9999999999999999,1554,0.0,vision.view_1.block_04.residual_1.right,PASS_EXACT,200448
0,op,639,op,1.0,0.0,0.0,0,0.0,1.0,1555,0.0,vision.view_1.block_04.residual_1.sum,PASS_EXACT,200448
0,exhaustive,640,exhaustive,1.0,0.0,0.0,0,0.0,1.0,1556,0.0,vision.view_1.block_04.norm_2.input,PASS_EXACT,200448
0,exhaustive,1050,exhaustive,1.0000000000000002,0.0,0.0,0,0.0,0.9999999999999998,1557,0.0,vision.view_1.block_04.norm_2.mean,PASS_EXACT,261
0,exhaustive,1051,exhaustive,1.0,0.0,0.0,0,0.0,1.0000000000000002,1558,0.0,vision.view_1.block_04.norm_2.variance,PASS_EXACT,261
0,exhaustive,1052,exhaustive,1.0,0.0,0.0,0,0.0,1.0,1559,0.0,vision.view_1.block_04.norm_2.inv_std,PASS_EXACT,261
0,exhaustive,1053,exhaustive,1.0,0.0,0.0,0,0.0,0.9999999999999999,1560,0.0,vision.view_1.block_04.norm_2.normalized,PASS_EXACT,200448
0,exhaustive,641,exhaustive,1.0000000000000002,0.0,0.0,0,0.0,1.0,1561,0.0,vision.view_1.block_04.norm_2.output,PASS_EXACT,200448
0,exhaustive,642,exhaustive,0.9999986128382234,0.18193817138671875,0.0010831263188268924,0,0.0,0.9999985889486105,1562,0.001665373993105838,vision.view_1.block_04.mlp.linear_1.matmul,PASS_TOLERANCE,801792
0,exhaustive,643,exhaustive,1.0,0.0,0.0,0,0.0,1.0,1563,0.0,vision.view_1.block_04.mlp.linear_1.bias_add,PASS_EXACT,801792
0,exhaustive,644,exhaustive,1.0,0.0,0.0,0,0.0,1.0,1564,0.0,vision.view_1.block_04.mlp.activation.input,PASS_EXACT,801792
0,op,645,op,1.0,0.0,0.0,0,0.0,1.0000000000000002,1565,0.0,vision.view_1.block_04.mlp.activation.output,PASS_EXACT,801792
0,exhaustive,646,exhaustive,0.9999985279723759,0.318939208984375,0.0010985943470477604,0,0.0,0.9999985279769449,1566,0.0018629021136673978,vision.view_1.block_04.mlp.linear_2.matmul,PASS_TOLERANCE,200448
0,exhaustive,647,exhaustive,1.0,0.0,0.0,0,0.0,1.0,1567,0.0,vision.view_1.block_04.mlp.linear_2.bias_add,PASS_EXACT,200448
0,exhaustive,648,exhaustive,1.0,0.0,0.0,0,0.0,1.0,1568,0.0,vision.view_1.block_04.layer_scale_2.input,PASS_EXACT,200448
0,op,649,op,1.0000000000000002,0.0,0.0,0,0.0,1.0,1569,0.0,vision.view_1.block_04.layer_scale_2.output,PASS_EXACT,200448
0,op,650,op,1.0,0.0,0.0,0,0.0,1.0,1570,0.0,vision.view_1.block_04.residual_2.left,PASS_EXACT,200448
0,op,651,op,1.0000000000000002,0.0,0.0,0,0.0,1.0,1571,0.0,vision.view_1.block_04.residual_2.right,PASS_EXACT,200448
0,op,652,op,1.0,0.0,0.0,0,0.0,1.0,1572,0.0,vision.view_1.block_04.residual_2.sum,PASS_EXACT,200448
0,layer,24,layer,1.0,0.0,0.0,0,0.0,1.0,1573,0.0,vision.view_1.block_04.output,PASS_EXACT,200448
0,layer,653,layer,1.0,0.0,0.0,0,0.0,1.0,1574,0.0,vision.view_1.block_05.input,PASS_EXACT,200448
0,exhaustive,654,exhaustive,1.0,0.0,0.0,0,0.0,1.0,1575,0.0,vision.view_1.block_05.norm_1.input,PASS_EXACT,200448
0,exhaustive,1054,exhaustive,0.9999999999999998,0.0,0.0,0,0.0,0.9999999999999998,1576,0.0,vision.view_1.block_05.norm_1.mean,PASS_EXACT,261
0,exhaustive,1055,exhaustive,1.0000000000000002,0.0,0.0,0,0.0,0.9999999999999999,1577,0.0,vision.view_1.block_05.norm_1.variance,PASS_EXACT,261
0,exhaustive,1056,exhaustive,0.9999999999999999,0.0,0.0,0,0.0,1.0000000000000002,1578,0.0,vision.view_1.block_05.norm_1.inv_std,PASS_EXACT,261
0,exhaustive,1057,exhaustive,1.0,0.0,0.0,0,0.0,1.0000000000000002,1579,0.0,vision.view_1.block_05.norm_1.normalized,PASS_EXACT,200448
0,exhaustive,655,exhaustive,1.0,0.0,0.0,0,0.0,1.0,1580,0.0,vision.view_1.block_05.norm_1.output,PASS_EXACT,200448
0,exhaustive,656,exhaustive,0.999997057767374,0.06765174865722656,0.0019633835697899595,0,0.0,0.9999970574856932,1581,0.0031557994934986212,vision.view_1.block_05.attn.qkv_linear.matmul,PASS_TOLERANCE,601344
0,exhaustive,657,exhaustive,0.9999951667938449,0.0625,0.0017564762083616499,0,0.0,0.9999951663429856,1582,0.004046195379675106,vision.view_1.block_05.attn.qkv_linear.bias_add,PASS_TOLERANCE,601344
0,op,658,op,0.9999999999999999,0.0,0.0,0,0.0,1.0000000000000002,1583,0.0,vision.view_1.block_05.attn.q,PASS_EXACT,200448
0,op,659,op,0.9999999999999999,0.0,0.0,0,0.0,0.9999999999999999,1584,0.0,vision.view_1.block_05.attn.k,PASS_EXACT,200448
0,op,660,op,0.9999999999999999,0.0,0.0,0,0.0,1.0,1585,0.0,vision.view_1.block_05.attn.v,PASS_EXACT,200448
0,op,661,op,1.0,0.0,0.0,0,0.0,0.9999999999999999,1586,0.0,vision.view_1.block_05.attn.q_heads,PASS_EXACT,200448
0,op,662,op,1.0,0.0,0.0,0,0.0,0.9999999999999999,1587,0.0,vision.view_1.block_05.attn.k_heads,PASS_EXACT,200448
0,op,663,op,0.9999999999999999,0.0,0.0,0,0.0,1.0,1588,0.0,vision.view_1.block_05.attn.v_heads,PASS_EXACT,200448
0,op,664,op,1.0000000000000002,0.0,0.0,0,0.0,1.0,1589,0.0,vision.view_1.block_05.attn.logits,PASS_EXACT,817452
0,exhaustive,1231,exhaustive,1.0,0.0,0.0,0,0.0,1.0,1590,0.0,vision.view_1.block_05.attn.scale,PASS_EXACT,1
0,op,665,op,1.0000000000000002,0.0,0.0,0,0.0,1.0,1591,0.0,vision.view_1.block_05.attn.scaled_logits,PASS_EXACT,817452
0,exhaustive,1186,exhaustive,1.0,0.0,0.0,0,0.0,0.9999999999999998,1592,0.0,vision.view_1.block_05.attn.softmax.max,PASS_EXACT,3132
0,exhaustive,1187,exhaustive,1.0,0.0,0.0,0,0.0,1.0,1593,0.0,vision.view_1.block_05.attn.softmax.shifted,PASS_EXACT,817452
0,exhaustive,1188,exhaustive,1.0000000000000142,5.960464477539063e-08,5.883657661897716e-10,0,0.0,0.9999999999998986,1594,3.6702832462529145e-09,vision.view_1.block_05.attn.softmax.exp,PASS_TOLERANCE,817452
0,exhaustive,1189,exhaustive,0.9999999999999454,3.4332275390625e-05,1.8897641207523272e-06,0,0.0,0.9999999999998858,1595,3.2344878197868424e-06,vision.view_1.block_05.attn.softmax.sum,PASS_TOLERANCE,3132
0,op,666,op,1.0,0.0,0.0,0,0.0,1.0,1596,0.0,vision.view_1.block_05.attn.softmax.probs,PASS_EXACT,817452
0,op,667,op,1.0000000000000002,0.0,0.0,0,0.0,1.0,1597,0.0,vision.view_1.block_05.attn.context_heads,PASS_EXACT,200448
0,op,668,op,1.0000000000000002,0.0,0.0,0,0.0,1.0,1598,0.0,vision.view_1.block_05.attn.context_merged,PASS_EXACT,200448
0,op,669,op,1.0,0.0,0.0,0,0.0,1.0000000000000002,1599,0.0,vision.view_1.block_05.attn.output_projection,PASS_EXACT,200448
0,exhaustive,670,exhaustive,1.0,0.0,0.0,0,0.0,1.0000000000000002,1600,0.0,vision.view_1.block_05.layer_scale_1.input,PASS_EXACT,200448
0,op,671,op,0.9999999999999998,0.0,0.0,0,0.0,0.9999999999999998,1601,0.0,vision.view_1.block_05.layer_scale_1.output,PASS_EXACT,200448
0,op,672,op,1.0,0.0,0.0,0,0.0,1.0,1602,0.0,vision.view_1.block_05.residual_1.left,PASS_EXACT,200448
0,op,673,op,0.9999999999999998,0.0,0.0,0,0.0,0.9999999999999998,1603,0.0,vision.view_1.block_05.residual_1.right,PASS_EXACT,200448
0,op,674,op,1.0000000000000002,0.0,0.0,0,0.0,1.0000000000000002,1604,0.0,vision.view_1.block_05.residual_1.sum,PASS_EXACT,200448
0,exhaustive,675,exhaustive,1.0000000000000002,0.0,0.0,0,0.0,1.0000000000000002,1605,0.0,vision.view_1.block_05.norm_2.input,PASS_EXACT,200448
0,exhaustive,1058,exhaustive,1.0,0.0,0.0,0,0.0,1.0000000000000002,1606,0.0,vision.view_1.block_05.norm_2.mean,PASS_EXACT,261
0,exhaustive,1059,exhaustive,1.0000000000000002,0.0,0.0,0,0.0,0.9999999999999999,1607,0.0,vision.view_1.block_05.norm_2.variance,PASS_EXACT,261
0,exhaustive,1060,exhaustive,1.0,0.0,0.0,0,0.0,1.0,1608,0.0,vision.view_1.block_05.norm_2.inv_std,PASS_EXACT,261
0,exhaustive,1061,exhaustive,1.0,0.0,0.0,0,0.0,0.9999999999999999,1609,0.0,vision.view_1.block_05.norm_2.normalized,PASS_EXACT,200448
0,exhaustive,676,exhaustive,1.0,0.0,0.0,0,0.0,1.0,1610,0.0,vision.view_1.block_05.norm_2.output,PASS_EXACT,200448
0,exhaustive,677,exhaustive,0.9999986220738091,0.041599273681640625,0.0011869406191400576,0,0.0,0.9999985981925631,1611,0.0019467179070816422,vision.view_1.block_05.mlp.linear_1.matmul,PASS_TOLERANCE,801792
0,exhaustive,678,exhaustive,1.0,0.0,0.0,0,0.0,1.0,1612,0.0,vision.view_1.block_05.mlp.linear_1.bias_add,PASS_EXACT,801792
0,exhaustive,679,exhaustive,1.0,0.0,0.0,0,0.0,1.0,1613,0.0,vision.view_1.block_05.mlp.activation.input,PASS_EXACT,801792
0,op,680,op,1.0,0.0,0.0,0,0.0,1.0000000000000002,1614,0.0,vision.view_1.block_05.mlp.activation.output,PASS_EXACT,801792
0,exhaustive,681,exhaustive,0.9999987455452648,0.709808349609375,0.0010562421082886662,0,0.0,0.9999987455462781,1615,0.003374111195982163,vision.view_1.block_05.mlp.linear_2.matmul,PASS_TOLERANCE,200448
0,exhaustive,682,exhaustive,1.0,0.0,0.0,0,0.0,1.0,1616,0.0,vision.view_1.block_05.mlp.linear_2.bias_add,PASS_EXACT,200448
0,exhaustive,683,exhaustive,1.0,0.0,0.0,0,0.0,1.0,1617,0.0,vision.view_1.block_05.layer_scale_2.input,PASS_EXACT,200448
0,op,684,op,0.9999999999999999,0.0,0.0,0,0.0,1.0000000000000002,1618,0.0,vision.view_1.block_05.layer_scale_2.output,PASS_EXACT,200448
0,op,685,op,1.0000000000000002,0.0,0.0,0,0.0,1.0000000000000002,1619,0.0,vision.view_1.block_05.residual_2.left,PASS_EXACT,200448
0,op,686,op,0.9999999999999999,0.0,0.0,0,0.0,1.0000000000000002,1620,0.0,vision.view_1.block_05.residual_2.right,PASS_EXACT,200448
0,op,687,op,1.0,0.0,0.0,0,0.0,1.0,1621,0.0,vision.view_1.block_05.residual_2.sum,PASS_EXACT,200448
0,layer,25,layer,1.0,0.0,0.0,0,0.0,1.0,1622,0.0,vision.view_1.block_05.output,PASS_EXACT,200448
0,layer,688,layer,1.0,0.0,0.0,0,0.0,1.0,1623,0.0,vision.view_1.block_06.input,PASS_EXACT,200448
0,exhaustive,689,exhaustive,1.0,0.0,0.0,0,0.0,1.0,1624,0.0,vision.view_1.block_06.norm_1.input,PASS_EXACT,200448
0,exhaustive,1062,exhaustive,1.0000000000000002,0.0,0.0,0,0.0,1.0,1625,0.0,vision.view_1.block_06.norm_1.mean,PASS_EXACT,261
0,exhaustive,1063,exhaustive,1.0000000000000002,0.0,0.0,0,0.0,1.0,1626,0.0,vision.view_1.block_06.norm_1.variance,PASS_EXACT,261
0,exhaustive,1064,exhaustive,1.0000000000000002,0.0,0.0,0,0.0,1.0000000000000002,1627,0.0,vision.view_1.block_06.norm_1.inv_std,PASS_EXACT,261
0,exhaustive,1065,exhaustive,0.9999999999999999,0.0,0.0,0,0.0,1.0000000000000002,1628,0.0,vision.view_1.block_06.norm_1.normalized,PASS_EXACT,200448
0,exhaustive,690,exhaustive,0.9999999999999999,0.0,0.0,0,0.0,1.0000000000000002,1629,0.0,vision.view_1.block_06.norm_1.output,PASS_EXACT,200448
0,exhaustive,691,exhaustive,0.9999970664702473,0.06566238403320312,0.0018678526116384859,0,0.0,0.9999970664177205,1630,0.0030167748025648334,vision.view_1.block_06.attn.qkv_linear.matmul,PASS_TOLERANCE,601344
0,exhaustive,692,exhaustive,0.9999951984457067,0.0625,0.0016632976239208542,0,0.0,0.9999951983590653,1631,0.003861509461176436,vision.view_1.block_06.attn.qkv_linear.bias_add,PASS_TOLERANCE,601344
0,op,693,op,1.0,0.0,0.0,0,0.0,0.9999999999999999,1632,0.0,vision.view_1.block_06.attn.q,PASS_EXACT,200448
0,op,694,op,1.0,0.0,0.0,0,0.0,0.9999999999999999,1633,0.0,vision.view_1.block_06.attn.k,PASS_EXACT,200448
0,op,695,op,1.0,0.0,0.0,0,0.0,1.0,1634,0.0,vision.view_1.block_06.attn.v,PASS_EXACT,200448
0,op,696,op,0.9999999999999999,0.0,0.0,0,0.0,1.0,1635,0.0,vision.view_1.block_06.attn.q_heads,PASS_EXACT,200448
0,op,697,op,0.9999999999999999,0.0,0.0,0,0.0,0.9999999999999999,1636,0.0,vision.view_1.block_06.attn.k_heads,PASS_EXACT,200448
0,op,698,op,1.0,0.0,0.0,0,0.0,0.9999999999999998,1637,0.0,vision.view_1.block_06.attn.v_heads,PASS_EXACT,200448
0,op,699,op,1.0,0.0,0.0,0,0.0,1.0000000000000002,1638,0.0,vision.view_1.block_06.attn.logits,PASS_EXACT,817452
0,exhaustive,1232,exhaustive,1.0,0.0,0.0,0,0.0,1.0,1639,0.0,vision.view_1.block_06.attn.scale,PASS_EXACT,1
0,op,700,op,1.0,0.0,0.0,0,0.0,1.0000000000000002,1640,0.0,vision.view_1.block_06.attn.scaled_logits,PASS_EXACT,817452
0,exhaustive,1190,exhaustive,1.0000000000000002,0.0,0.0,0,0.0,1.0,1641,0.0,vision.view_1.block_06.attn.softmax.max,PASS_EXACT,3132
0,exhaustive,1191,exhaustive,1.0,0.0,0.0,0,0.0,1.0000000000000002,1642,0.0,vision.view_1.block_06.attn.softmax.shifted,PASS_EXACT,817452
0,exhaustive,1192,exhaustive,0.9999999999999154,5.960464477539063e-08,7.079580161483129e-10,0,0.0,0.9999999999998728,1643,4.1275690696909325e-09,vision.view_1.block_06.attn.softmax.exp,PASS_TOLERANCE,817452
0,exhaustive,1193,exhaustive,0.9999999999999449,4.57763671875e-05,2.1612963913957733e-06,0,0.0,0.9999999999998728,1644,3.6796905218792764e-06,vision.view_1.block_06.attn.softmax.sum,PASS_TOLERANCE,3132
0,op,701,op,1.0000000000000002,0.0,0.0,0,0.0,1.0,1645,0.0,vision.view_1.block_06.attn.softmax.probs,PASS_EXACT,817452
0,op,702,op,1.0000000000000002,0.0,0.0,0,0.0,1.0,1646,0.0,vision.view_1.block_06.attn.context_heads,PASS_EXACT,200448
0,op,703,op,0.9999999999999999,0.0,0.0,0,0.0,0.9999999999999999,1647,0.0,vision.view_1.block_06.attn.context_merged,PASS_EXACT,200448
0,op,704,op,0.9999999999999998,0.0,0.0,0,0.0,1.0,1648,0.0,vision.view_1.block_06.attn.output_projection,PASS_EXACT,200448
0,exhaustive,705,exhaustive,0.9999999999999998,0.0,0.0,0,0.0,1.0,1649,0.0,vision.view_1.block_06.layer_scale_1.input,PASS_EXACT,200448
0,op,706,op,1.0,0.0,0.0,0,0.0,1.0,1650,0.0,vision.view_1.block_06.layer_scale_1.output,PASS_EXACT,200448
0,op,707,op,1.0,0.0,0.0,0,0.0,1.0,1651,0.0,vision.view_1.block_06.residual_1.left,PASS_EXACT,200448
0,op,708,op,1.0,0.0,0.0,0,0.0,1.0,1652,0.0,vision.view_1.block_06.residual_1.right,PASS_EXACT,200448
0,op,709,op,1.0,0.0,0.0,0,0.0,1.0,1653,0.0,vision.view_1.block_06.residual_1.sum,PASS_EXACT,200448
0,exhaustive,710,exhaustive,1.0,0.0,0.0,0,0.0,1.0,1654,0.0,vision.view_1.block_06.norm_2.input,PASS_EXACT,200448
0,exhaustive,1066,exhaustive,1.0,0.0,0.0,0,0.0,1.0000000000000002,1655,0.0,vision.view_1.block_06.norm_2.mean,PASS_EXACT,261
0,exhaustive,1067,exhaustive,1.0,0.0,0.0,0,0.0,1.0000000000000002,1656,0.0,vision.view_1.block_06.norm_2.variance,PASS_EXACT,261
0,exhaustive,1068,exhaustive,1.0,0.0,0.0,0,0.0,1.0,1657,0.0,vision.view_1.block_06.norm_2.inv_std,PASS_EXACT,261
0,exhaustive,1069,exhaustive,0.9999999999999999,0.0,0.0,0,0.0,0.9999999999999999,1658,0.0,vision.view_1.block_06.norm_2.normalized,PASS_EXACT,200448
0,exhaustive,711,exhaustive,1.0000000000000002,0.0,0.0,0,0.0,1.0,1659,0.0,vision.view_1.block_06.norm_2.output,PASS_EXACT,200448
0,exhaustive,712,exhaustive,0.9999986293798143,0.06188201904296875,0.0011955775148368283,0,0.0,0.9999986118601397,1660,0.0019244356839346042,vision.view_1.block_06.mlp.linear_1.matmul,PASS_TOLERANCE,801792
0,exhaustive,713,exhaustive,1.0,0.0,0.0,0,0.0,1.0,1661,0.0,vision.view_1.block_06.mlp.linear_1.bias_add,PASS_EXACT,801792
0,exhaustive,714,exhaustive,1.0,0.0,0.0,0,0.0,1.0,1662,0.0,vision.view_1.block_06.mlp.activation.input,PASS_EXACT,801792
0,op,715,op,0.9999999999999999,0.0,0.0,0,0.0,0.9999999999999999,1663,0.0,vision.view_1.block_06.mlp.activation.output,PASS_EXACT,801792
0,exhaustive,716,exhaustive,0.9999988695249268,0.3448486328125,0.0009393883890133219,0,0.0,0.999998869480478,1664,0.002875131979735409,vision.view_1.block_06.mlp.linear_2.matmul,PASS_TOLERANCE,200448
0,exhaustive,717,exhaustive,0.9999999999999999,0.0,0.0,0,0.0,0.9999999999999999,1665,0.0,vision.view_1.block_06.mlp.linear_2.bias_add,PASS_EXACT,200448
0,exhaustive,718,exhaustive,0.9999999999999999,0.0,0.0,0,0.0,0.9999999999999999,1666,0.0,vision.view_1.block_06.layer_scale_2.input,PASS_EXACT,200448
0,op,719,op,1.0,0.0,0.0,0,0.0,1.0,1667,0.0,vision.view_1.block_06.layer_scale_2.output,PASS_EXACT,200448
0,op,720,op,1.0,0.0,0.0,0,0.0,1.0,1668,0.0,vision.view_1.block_06.residual_2.left,PASS_EXACT,200448
0,op,721,op,1.0,0.0,0.0,0,0.0,1.0,1669,0.0,vision.view_1.block_06.residual_2.right,PASS_EXACT,200448
0,op,722,op,1.0,0.0,0.0,0,0.0,1.0,1670,0.0,vision.view_1.block_06.residual_2.sum,PASS_EXACT,200448
0,layer,26,layer,1.0,0.0,0.0,0,0.0,1.0,1671,0.0,vision.view_1.block_06.output,PASS_EXACT,200448
0,layer,723,layer,1.0,0.0,0.0,0,0.0,1.0,1672,0.0,vision.view_1.block_07.input,PASS_EXACT,200448
0,exhaustive,724,exhaustive,1.0,0.0,0.0,0,0.0,1.0,1673,0.0,vision.view_1.block_07.norm_1.input,PASS_EXACT,200448
0,exhaustive,1070,exhaustive,1.0,0.0,0.0,0,0.0,0.9999999999999998,1674,0.0,vision.view_1.block_07.norm_1.mean,PASS_EXACT,261
0,exhaustive,1071,exhaustive,1.0000000000000002,0.0,0.0,0,0.0,1.0,1675,0.0,vision.view_1.block_07.norm_1.variance,PASS_EXACT,261
0,exhaustive,1072,exhaustive,1.0,0.0,0.0,0,0.0,1.0000000000000002,1676,0.0,vision.view_1.block_07.norm_1.inv_std,PASS_EXACT,261
0,exhaustive,1073,exhaustive,0.9999999999999999,0.0,0.0,0,0.0,1.0,1677,0.0,vision.view_1.block_07.norm_1.normalized,PASS_EXACT,200448
0,exhaustive,725,exhaustive,1.0,0.0,0.0,0,0.0,1.0000000000000002,1678,0.0,vision.view_1.block_07.norm_1.output,PASS_EXACT,200448
0,exhaustive,726,exhaustive,0.9999969786333653,0.06885242462158203,0.0017901757718234111,0,0.0,0.9999969760948538,1679,0.00283525403614212,vision.view_1.block_07.attn.qkv_linear.matmul,PASS_TOLERANCE,601344
0,exhaustive,727,exhaustive,0.9999950466750289,0.0625,0.001614329766374521,0,0.0,0.9999950425263215,1680,0.0036326728934109416,vision.view_1.block_07.attn.qkv_linear.bias_add,PASS_TOLERANCE,601344
0,op,728,op,1.0,0.0,0.0,0,0.0,1.0,1681,0.0,vision.view_1.block_07.attn.q,PASS_EXACT,200448
0,op,729,op,0.9999999999999998,0.0,0.0,0,0.0,1.0000000000000002,1682,0.0,vision.view_1.block_07.attn.k,PASS_EXACT,200448
0,op,730,op,1.0,0.0,0.0,0,0.0,1.0,1683,0.0,vision.view_1.block_07.attn.v,PASS_EXACT,200448
0,op,731,op,0.9999999999999998,0.0,0.0,0,0.0,0.9999999999999998,1684,0.0,vision.view_1.block_07.attn.q_heads,PASS_EXACT,200448
0,op,732,op,1.0,0.0,0.0,0,0.0,0.9999999999999998,1685,0.0,vision.view_1.block_07.attn.k_heads,PASS_EXACT,200448
0,op,733,op,1.0000000000000002,0.0,0.0,0,0.0,0.9999999999999999,1686,0.0,vision.view_1.block_07.attn.v_heads,PASS_EXACT,200448
0,op,734,op,1.0,0.0,0.0,0,0.0,0.9999999999999998,1687,0.0,vision.view_1.block_07.attn.logits,PASS_EXACT,817452
0,exhaustive,1233,exhaustive,1.0,0.0,0.0,0,0.0,1.0,1688,0.0,vision.view_1.block_07.attn.scale,PASS_EXACT,1
0,op,735,op,1.0,0.0,0.0,0,0.0,0.9999999999999998,1689,0.0,vision.view_1.block_07.attn.scaled_logits,PASS_EXACT,817452
0,exhaustive,1194,exhaustive,1.0,0.0,0.0,0,0.0,1.0,1690,0.0,vision.view_1.block_07.attn.softmax.max,PASS_EXACT,3132
0,exhaustive,1195,exhaustive,1.0,0.0,0.0,0,0.0,1.0,1691,0.0,vision.view_1.block_07.attn.softmax.shifted,PASS_EXACT,817452
0,exhaustive,1196,exhaustive,0.9999999999999168,5.960464477539063e-08,8.6961830197167e-10,0,0.0,0.9999999999999697,1692,4.381573926499311e-09,vision.view_1.block_07.attn.softmax.exp,PASS_TOLERANCE,817452
0,exhaustive,1197,exhaustive,0.9999999999999503,3.814697265625e-05,2.6680119954154257e-06,0,0.0,0.9999999999998926,1693,4.326740362390512e-06,vision.view_1.block_07.attn.softmax.sum,PASS_TOLERANCE,3132
0,op,736,op,1.0,0.0,0.0,0,0.0,1.0,1694,0.0,vision.view_1.block_07.attn.softmax.probs,PASS_EXACT,817452
0,op,737,op,1.0,0.0,0.0,0,0.0,1.0000000000000002,1695,0.0,vision.view_1.block_07.attn.context_heads,PASS_EXACT,200448
0,op,738,op,1.0,0.0,0.0,0,0.0,1.0000000000000002,1696,0.0,vision.view_1.block_07.attn.context_merged,PASS_EXACT,200448
0,op,739,op,1.0,0.0,0.0,0,0.0,1.0,1697,0.0,vision.view_1.block_07.attn.output_projection,PASS_EXACT,200448
0,exhaustive,740,exhaustive,1.0,0.0,0.0,0,0.0,1.0,1698,0.0,vision.view_1.block_07.layer_scale_1.input,PASS_EXACT,200448
0,op,741,op,1.0,0.0,0.0,0,0.0,1.0000000000000002,1699,0.0,vision.view_1.block_07.layer_scale_1.output,PASS_EXACT,200448
0,op,742,op,1.0,0.0,0.0,0,0.0,1.0,1700,0.0,vision.view_1.block_07.residual_1.left,PASS_EXACT,200448
0,op,743,op,1.0,0.0,0.0,0,0.0,1.0000000000000002,1701,0.0,vision.view_1.block_07.residual_1.right,PASS_EXACT,200448
0,op,744,op,1.0,0.0,0.0,0,0.0,0.9999999999999998,1702,0.0,vision.view_1.block_07.residual_1.sum,PASS_EXACT,200448
0,exhaustive,745,exhaustive,1.0,0.0,0.0,0,0.0,0.9999999999999998,1703,0.0,vision.view_1.block_07.norm_2.input,PASS_EXACT,200448
0,exhaustive,1074,exhaustive,1.0,0.0,0.0,0,0.0,1.0,1704,0.0,vision.view_1.block_07.norm_2.mean,PASS_EXACT,261
0,exhaustive,1075,exhaustive,1.0,0.0,0.0,0,0.0,1.0000000000000002,1705,0.0,vision.view_1.block_07.norm_2.variance,PASS_EXACT,261
0,exhaustive,1076,exhaustive,0.9999999999999999,0.0,0.0,0,0.0,0.9999999999999999,1706,0.0,vision.view_1.block_07.norm_2.inv_std,PASS_EXACT,261
0,exhaustive,1077,exhaustive,1.0000000000000002,0.0,0.0,0,0.0,0.9999999999999999,1707,0.0,vision.view_1.block_07.norm_2.normalized,PASS_EXACT,200448
0,exhaustive,746,exhaustive,0.9999999999999998,0.0,0.0,0,0.0,0.9999999999999998,1708,0.0,vision.view_1.block_07.norm_2.output,PASS_EXACT,200448
0,exhaustive,747,exhaustive,0.999998634629751,0.03309059143066406,0.0012432315623591933,0,0.0,0.9999986214194407,1709,0.0019578231980344886,vision.view_1.block_07.mlp.linear_1.matmul,PASS_TOLERANCE,801792
0,exhaustive,748,exhaustive,1.0,0.0,0.0,0,0.0,1.0000000000000002,1710,0.0,vision.view_1.block_07.mlp.linear_1.bias_add,PASS_EXACT,801792
0,exhaustive,749,exhaustive,1.0,0.0,0.0,0,0.0,1.0000000000000002,1711,0.0,vision.view_1.block_07.mlp.activation.input,PASS_EXACT,801792
0,op,750,op,0.9999999999999998,0.0,0.0,0,0.0,1.0000000000000002,1712,0.0,vision.view_1.block_07.mlp.activation.output,PASS_EXACT,801792
0,exhaustive,751,exhaustive,0.999998844090253,0.2421112060546875,0.0009360472652795551,0,0.0,0.9999988440995848,1713,0.002324674343021927,vision.view_1.block_07.mlp.linear_2.matmul,PASS_TOLERANCE,200448
0,exhaustive,752,exhaustive,0.9999999999999999,0.0,0.0,0,0.0,0.9999999999999999,1714,0.0,vision.view_1.block_07.mlp.linear_2.bias_add,PASS_EXACT,200448
0,exhaustive,753,exhaustive,0.9999999999999999,0.0,0.0,0,0.0,0.9999999999999999,1715,0.0,vision.view_1.block_07.layer_scale_2.input,PASS_EXACT,200448
0,op,754,op,1.0,0.0,0.0,0,0.0,1.0,1716,0.0,vision.view_1.block_07.layer_scale_2.output,PASS_EXACT,200448
0,op,755,op,1.0,0.0,0.0,0,0.0,0.9999999999999998,1717,0.0,vision.view_1.block_07.residual_2.left,PASS_EXACT,200448
0,op,756,op,1.0,0.0,0.0,0,0.0,1.0,1718,0.0,vision.view_1.block_07.residual_2.right,PASS_EXACT,200448
0,op,757,op,1.0,0.0,0.0,0,0.0,1.0,1719,0.0,vision.view_1.block_07.residual_2.sum,PASS_EXACT,200448
0,layer,27,layer,1.0,0.0,0.0,0,0.0,1.0,1720,0.0,vision.view_1.block_07.output,PASS_EXACT,200448
0,layer,758,layer,1.0,0.0,0.0,0,0.0,1.0,1721,0.0,vision.view_1.block_08.input,PASS_EXACT,200448
0,exhaustive,759,exhaustive,1.0,0.0,0.0,0,0.0,1.0,1722,0.0,vision.view_1.block_08.norm_1.input,PASS_EXACT,200448
0,exhaustive,1078,exhaustive,1.0,0.0,0.0,0,0.0,1.0000000000000002,1723,0.0,vision.view_1.block_08.norm_1.mean,PASS_EXACT,261
0,exhaustive,1079,exhaustive,1.0,0.0,0.0,0,0.0,1.0,1724,0.0,vision.view_1.block_08.norm_1.variance,PASS_EXACT,261
0,exhaustive,1080,exhaustive,1.0,0.0,0.0,0,0.0,0.9999999999999999,1725,0.0,vision.view_1.block_08.norm_1.inv_std,PASS_EXACT,261
0,exhaustive,1081,exhaustive,1.0,0.0,0.0,0,0.0,0.9999999999999999,1726,0.0,vision.view_1.block_08.norm_1.normalized,PASS_EXACT,200448
0,exhaustive,760,exhaustive,1.0,0.0,0.0,0,0.0,1.0,1727,0.0,vision.view_1.block_08.norm_1.output,PASS_EXACT,200448
0,exhaustive,761,exhaustive,0.9999969760008517,0.07126712799072266,0.00192213267096329,0,0.0,0.9999969748366307,1728,0.002998842108765617,vision.view_1.block_08.attn.qkv_linear.matmul,PASS_TOLERANCE,601344
0,exhaustive,762,exhaustive,0.9999951040796472,0.0625,0.001719307817919945,0,0.0,0.9999951022643798,1729,0.0038179155415836025,vision.view_1.block_08.attn.qkv_linear.bias_add,PASS_TOLERANCE,601344
0,op,763,op,1.0000000000000002,0.0,0.0,0,0.0,1.0000000000000002,1730,0.0,vision.view_1.block_08.attn.q,PASS_EXACT,200448
0,op,764,op,1.0000000000000002,0.0,0.0,0,0.0,1.0,1731,0.0,vision.view_1.block_08.attn.k,PASS_EXACT,200448
0,op,765,op,1.0,0.0,0.0,0,0.0,1.0,1732,0.0,vision.view_1.block_08.attn.v,PASS_EXACT,200448
0,op,766,op,0.9999999999999998,0.0,0.0,0,0.0,1.0000000000000002,1733,0.0,vision.view_1.block_08.attn.q_heads,PASS_EXACT,200448
0,op,767,op,0.9999999999999999,0.0,0.0,0,0.0,1.0,1734,0.0,vision.view_1.block_08.attn.k_heads,PASS_EXACT,200448
0,op,768,op,1.0000000000000002,0.0,0.0,0,0.0,1.0,1735,0.0,vision.view_1.block_08.attn.v_heads,PASS_EXACT,200448
0,op,769,op,1.0,0.0,0.0,0,0.0,1.0,1736,0.0,vision.view_1.block_08.attn.logits,PASS_EXACT,817452
0,exhaustive,1234,exhaustive,1.0,0.0,0.0,0,0.0,1.0,1737,0.0,vision.view_1.block_08.attn.scale,PASS_EXACT,1
0,op,770,op,1.0,0.0,0.0,0,0.0,1.0,1738,0.0,vision.view_1.block_08.attn.scaled_logits,PASS_EXACT,817452
0,exhaustive,1198,exhaustive,1.0000000000000002,0.0,0.0,0,0.0,0.9999999999999998,1739,0.0,vision.view_1.block_08.attn.softmax.max,PASS_EXACT,3132
0,exhaustive,1199,exhaustive,1.0,0.0,0.0,0,0.0,1.0,1740,0.0,vision.view_1.block_08.attn.softmax.shifted,PASS_EXACT,817452
0,exhaustive,1200,exhaustive,1.0000000000000013,5.960464477539063e-08,6.297937542986647e-10,0,0.0,1.0000000000000717,1741,3.815357555680905e-09,vision.view_1.block_08.attn.softmax.exp,PASS_TOLERANCE,817452
0,exhaustive,1201,exhaustive,0.9999999999999535,2.288818359375e-05,1.963641908433702e-06,0,0.0,0.9999999999998674,1742,2.912358827170012e-06,vision.view_1.block_08.attn.softmax.sum,PASS_TOLERANCE,3132
0,op,771,op,1.0,0.0,0.0,0,0.0,1.0000000000000002,1743,0.0,vision.view_1.block_08.attn.softmax.probs,PASS_EXACT,817452
0,op,772,op,1.0,0.0,0.0,0,0.0,1.0,1744,0.0,vision.view_1.block_08.attn.context_heads,PASS_EXACT,200448
0,op,773,op,1.0,0.0,0.0,0,0.0,1.0,1745,0.0,vision.view_1.block_08.attn.context_merged,PASS_EXACT,200448
0,op,774,op,1.0000000000000002,0.0,0.0,0,0.0,1.0,1746,0.0,vision.view_1.block_08.attn.output_projection,PASS_EXACT,200448
0,exhaustive,775,exhaustive,1.0000000000000002,0.0,0.0,0,0.0,1.0,1747,0.0,vision.view_1.block_08.layer_scale_1.input,PASS_EXACT,200448
0,op,776,op,1.0,0.0,0.0,0,0.0,1.0,1748,0.0,vision.view_1.block_08.layer_scale_1.output,PASS_EXACT,200448
0,op,777,op,1.0,0.0,0.0,0,0.0,1.0,1749,0.0,vision.view_1.block_08.residual_1.left,PASS_EXACT,200448
0,op,778,op,1.0,0.0,0.0,0,0.0,1.0,1750,0.0,vision.view_1.block_08.residual_1.right,PASS_EXACT,200448
0,op,779,op,0.9999999999999999,0.0,0.0,0,0.0,1.0,1751,0.0,vision.view_1.block_08.residual_1.sum,PASS_EXACT,200448
0,exhaustive,780,exhaustive,0.9999999999999999,0.0,0.0,0,0.0,1.0,1752,0.0,vision.view_1.block_08.norm_2.input,PASS_EXACT,200448
0,exhaustive,1082,exhaustive,1.0,0.0,0.0,0,0.0,0.9999999999999998,1753,0.0,vision.view_1.block_08.norm_2.mean,PASS_EXACT,261
0,exhaustive,1083,exhaustive,1.0,0.0,0.0,0,0.0,1.0,1754,0.0,vision.view_1.block_08.norm_2.variance,PASS_EXACT,261
0,exhaustive,1084,exhaustive,1.0000000000000002,0.0,0.0,0,0.0,1.0,1755,0.0,vision.view_1.block_08.norm_2.inv_std,PASS_EXACT,261
0,exhaustive,1085,exhaustive,1.0,0.0,0.0,0,0.0,1.0,1756,0.0,vision.view_1.block_08.norm_2.normalized,PASS_EXACT,200448
0,exhaustive,781,exhaustive,1.0,0.0,0.0,0,0.0,0.9999999999999999,1757,0.0,vision.view_1.block_08.norm_2.output,PASS_EXACT,200448
0,exhaustive,782,exhaustive,0.9999986076385438,0.03124237060546875,0.0013064549951231667,0,0.0,0.9999985934319346,1758,0.002100178547120598,vision.view_1.block_08.mlp.linear_1.matmul,PASS_TOLERANCE,801792
0,exhaustive,783,exhaustive,1.0,0.0,0.0,0,0.0,1.0,1759,0.0,vision.view_1.block_08.mlp.linear_1.bias_add,PASS_EXACT,801792
0,exhaustive,784,exhaustive,1.0,0.0,0.0,0,0.0,1.0,1760,0.0,vision.view_1.block_08.mlp.activation.input,PASS_EXACT,801792
0,op,785,op,1.0000000000000002,0.0,0.0,0,0.0,1.0000000000000002,1761,0.0,vision.view_1.block_08.mlp.activation.output,PASS_EXACT,801792
0,exhaustive,786,exhaustive,0.9999985632391171,0.4312744140625,0.000700559367087794,0,0.0,0.9999985632352041,1762,0.0025626048497919057,vision.view_1.block_08.mlp.linear_2.matmul,PASS_TOLERANCE,200448
0,exhaustive,787,exhaustive,1.0,0.0,0.0,0,0.0,1.0,1763,0.0,vision.view_1.block_08.mlp.linear_2.bias_add,PASS_EXACT,200448
0,exhaustive,788,exhaustive,1.0,0.0,0.0,0,0.0,1.0,1764,0.0,vision.view_1.block_08.layer_scale_2.input,PASS_EXACT,200448
0,op,789,op,1.0000000000000002,0.0,0.0,0,0.0,1.0,1765,0.0,vision.view_1.block_08.layer_scale_2.output,PASS_EXACT,200448
0,op,790,op,0.9999999999999999,0.0,0.0,0,0.0,1.0,1766,0.0,vision.view_1.block_08.residual_2.left,PASS_EXACT,200448
0,op,791,op,1.0000000000000002,0.0,0.0,0,0.0,1.0,1767,0.0,vision.view_1.block_08.residual_2.right,PASS_EXACT,200448
0,op,792,op,1.0000000000000002,0.0,0.0,0,0.0,0.9999999999999999,1768,0.0,vision.view_1.block_08.residual_2.sum,PASS_EXACT,200448
0,layer,28,layer,1.0000000000000002,0.0,0.0,0,0.0,0.9999999999999999,1769,0.0,vision.view_1.block_08.output,PASS_EXACT,200448
0,layer,793,layer,1.0000000000000002,0.0,0.0,0,0.0,0.9999999999999999,1770,0.0,vision.view_1.block_09.input,PASS_EXACT,200448
0,exhaustive,794,exhaustive,1.0000000000000002,0.0,0.0,0,0.0,0.9999999999999999,1771,0.0,vision.view_1.block_09.norm_1.input,PASS_EXACT,200448
0,exhaustive,1086,exhaustive,0.9999999999999999,0.0,0.0,0,0.0,1.0000000000000002,1772,0.0,vision.view_1.block_09.norm_1.mean,PASS_EXACT,261
0,exhaustive,1087,exhaustive,0.9999999999999999,0.0,0.0,0,0.0,1.0,1773,0.0,vision.view_1.block_09.norm_1.variance,PASS_EXACT,261
0,exhaustive,1088,exhaustive,0.9999999999999998,0.0,0.0,0,0.0,1.0000000000000002,1774,0.0,vision.view_1.block_09.norm_1.inv_std,PASS_EXACT,261
0,exhaustive,1089,exhaustive,1.0000000000000002,0.0,0.0,0,0.0,1.0,1775,0.0,vision.view_1.block_09.norm_1.normalized,PASS_EXACT,200448
0,exhaustive,795,exhaustive,1.0000000000000002,0.0,0.0,0,0.0,1.0000000000000002,1776,0.0,vision.view_1.block_09.norm_1.output,PASS_EXACT,200448
0,exhaustive,796,exhaustive,0.9999969023222025,0.0825338363647461,0.0019454769076782587,0,0.0,0.9999969019545777,1777,0.003071106179121685,vision.view_1.block_09.attn.qkv_linear.matmul,PASS_TOLERANCE,601344
0,exhaustive,797,exhaustive,0.9999951066185313,0.0625,0.0017397915860701458,0,0.0,0.9999951060943594,1778,0.003862326909073202,vision.view_1.block_09.attn.qkv_linear.bias_add,PASS_TOLERANCE,601344
0,op,798,op,1.0,0.0,0.0,0,0.0,1.0000000000000002,1779,0.0,vision.view_1.block_09.attn.q,PASS_EXACT,200448
0,op,799,op,1.0000000000000002,0.0,0.0,0,0.0,1.0,1780,0.0,vision.view_1.block_09.attn.k,PASS_EXACT,200448
0,op,800,op,1.0,0.0,0.0,0,0.0,1.0000000000000002,1781,0.0,vision.view_1.block_09.attn.v,PASS_EXACT,200448
0,op,801,op,1.0000000000000002,0.0,0.0,0,0.0,1.0,1782,0.0,vision.view_1.block_09.attn.q_heads,PASS_EXACT,200448
0,op,802,op,0.9999999999999999,0.0,0.0,0,0.0,1.0,1783,0.0,vision.view_1.block_09.attn.k_heads,PASS_EXACT,200448
0,op,803,op,1.0,0.0,0.0,0,0.0,0.9999999999999999,1784,0.0,vision.view_1.block_09.attn.v_heads,PASS_EXACT,200448
0,op,804,op,1.0,0.0,0.0,0,0.0,0.9999999999999999,1785,0.0,vision.view_1.block_09.attn.logits,PASS_EXACT,817452
0,exhaustive,1235,exhaustive,1.0,0.0,0.0,0,0.0,1.0,1786,0.0,vision.view_1.block_09.attn.scale,PASS_EXACT,1
0,op,805,op,1.0,0.0,0.0,0,0.0,0.9999999999999999,1787,0.0,vision.view_1.block_09.attn.scaled_logits,PASS_EXACT,817452
0,exhaustive,1202,exhaustive,1.0,0.0,0.0,0,0.0,0.9999999999999998,1788,0.0,vision.view_1.block_09.attn.softmax.max,PASS_EXACT,3132
0,exhaustive,1203,exhaustive,1.0,0.0,0.0,0,0.0,1.0000000000000002,1789,0.0,vision.view_1.block_09.attn.softmax.shifted,PASS_EXACT,817452
0,exhaustive,1204,exhaustive,1.0000000000000295,5.960464477539063e-08,4.722271537402866e-10,0,0.0,0.999999999999961,1790,3.3178285187807163e-09,vision.view_1.block_09.attn.softmax.exp,PASS_TOLERANCE,817452
0,exhaustive,1205,exhaustive,0.999999999999962,3.0517578125e-05,1.4680783867379257e-06,0,0.0,0.9999999999999022,1791,2.2033773439029024e-06,vision.view_1.block_09.attn.softmax.sum,PASS_TOLERANCE,3132
0,op,806,op,0.9999999999999999,0.0,0.0,0,0.0,1.0000000000000002,1792,0.0,vision.view_1.block_09.attn.softmax.probs,PASS_EXACT,817452
0,op,807,op,1.0,0.0,0.0,0,0.0,1.0,1793,0.0,vision.view_1.block_09.attn.context_heads,PASS_EXACT,200448
0,op,808,op,1.0,0.0,0.0,0,0.0,1.0000000000000002,1794,0.0,vision.view_1.block_09.attn.context_merged,PASS_EXACT,200448
0,op,809,op,0.9999999999999999,0.0,0.0,0,0.0,1.0,1795,0.0,vision.view_1.block_09.attn.output_projection,PASS_EXACT,200448
0,exhaustive,810,exhaustive,0.9999999999999999,0.0,0.0,0,0.0,1.0,1796,0.0,vision.view_1.block_09.layer_scale_1.input,PASS_EXACT,200448
0,op,811,op,1.0,0.0,0.0,0,0.0,0.9999999999999999,1797,0.0,vision.view_1.block_09.layer_scale_1.output,PASS_EXACT,200448
0,op,812,op,1.0000000000000002,0.0,0.0,0,0.0,0.9999999999999999,1798,0.0,vision.view_1.block_09.residual_1.left,PASS_EXACT,200448
0,op,813,op,1.0,0.0,0.0,0,0.0,0.9999999999999999,1799,0.0,vision.view_1.block_09.residual_1.right,PASS_EXACT,200448
0,op,814,op,1.0,0.0,0.0,0,0.0,1.0,1800,0.0,vision.view_1.block_09.residual_1.sum,PASS_EXACT,200448
0,exhaustive,815,exhaustive,1.0,0.0,0.0,0,0.0,1.0,1801,0.0,vision.view_1.block_09.norm_2.input,PASS_EXACT,200448
0,exhaustive,1090,exhaustive,1.0,0.0,0.0,0,0.0,0.9999999999999999,1802,0.0,vision.view_1.block_09.norm_2.mean,PASS_EXACT,261
0,exhaustive,1091,exhaustive,1.0,0.0,0.0,0,0.0,1.0,1803,0.0,vision.view_1.block_09.norm_2.variance,PASS_EXACT,261
0,exhaustive,1092,exhaustive,1.0000000000000002,0.0,0.0,0,0.0,0.9999999999999999,1804,0.0,vision.view_1.block_09.norm_2.inv_std,PASS_EXACT,261
0,exhaustive,1093,exhaustive,1.0,0.0,0.0,0,0.0,1.0,1805,0.0,vision.view_1.block_09.norm_2.normalized,PASS_EXACT,200448
0,exhaustive,816,exhaustive,0.9999999999999999,0.0,0.0,0,0.0,0.9999999999999999,1806,0.0,vision.view_1.block_09.norm_2.output,PASS_EXACT,200448
0,exhaustive,817,exhaustive,0.9999986269675474,0.06028938293457031,0.0014411171590747163,0,0.0,0.9999986193902197,1807,0.002283321987038891,vision.view_1.block_09.mlp.linear_1.matmul,PASS_TOLERANCE,801792
0,exhaustive,818,exhaustive,1.0000000000000002,0.0,0.0,0,0.0,1.0,1808,0.0,vision.view_1.block_09.mlp.linear_1.bias_add,PASS_EXACT,801792
0,exhaustive,819,exhaustive,1.0000000000000002,0.0,0.0,0,0.0,1.0,1809,0.0,vision.view_1.block_09.mlp.activation.input,PASS_EXACT,801792
0,op,820,op,1.0,0.0,0.0,0,0.0,1.0,1810,0.0,vision.view_1.block_09.mlp.activation.output,PASS_EXACT,801792
0,exhaustive,821,exhaustive,0.9999984940379013,0.4715728759765625,0.0006622519824375509,0,0.0,0.9999984937324379,1811,0.0024207484302968965,vision.view_1.block_09.mlp.linear_2.matmul,PASS_TOLERANCE,200448
0,exhaustive,822,exhaustive,0.9999999999999999,0.0,0.0,0,0.0,0.9999999999999999,1812,0.0,vision.view_1.block_09.mlp.linear_2.bias_add,PASS_EXACT,200448
0,exhaustive,823,exhaustive,0.9999999999999999,0.0,0.0,0,0.0,0.9999999999999999,1813,0.0,vision.view_1.block_09.layer_scale_2.input,PASS_EXACT,200448
0,op,824,op,0.9999999999999998,0.0,0.0,0,0.0,1.0000000000000002,1814,0.0,vision.view_1.block_09.layer_scale_2.output,PASS_EXACT,200448
0,op,825,op,1.0,0.0,0.0,0,0.0,1.0,1815,0.0,vision.view_1.block_09.residual_2.left,PASS_EXACT,200448
0,op,826,op,0.9999999999999998,0.0,0.0,0,0.0,1.0000000000000002,1816,0.0,vision.view_1.block_09.residual_2.right,PASS_EXACT,200448
0,op,827,op,1.0000000000000002,0.0,0.0,0,0.0,0.9999999999999998,1817,0.0,vision.view_1.block_09.residual_2.sum,PASS_EXACT,200448
0,layer,29,layer,1.0000000000000002,0.0,0.0,0,0.0,0.9999999999999998,1818,0.0,vision.view_1.block_09.output,PASS_EXACT,200448
0,layer,828,layer,1.0000000000000002,0.0,0.0,0,0.0,0.9999999999999998,1819,0.0,vision.view_1.block_10.input,PASS_EXACT,200448
0,exhaustive,829,exhaustive,1.0000000000000002,0.0,0.0,0,0.0,0.9999999999999998,1820,0.0,vision.view_1.block_10.norm_1.input,PASS_EXACT,200448
0,exhaustive,1094,exhaustive,1.0000000000000002,0.0,0.0,0,0.0,1.0,1821,0.0,vision.view_1.block_10.norm_1.mean,PASS_EXACT,261
0,exhaustive,1095,exhaustive,0.9999999999999999,0.0,0.0,0,0.0,0.9999999999999999,1822,0.0,vision.view_1.block_10.norm_1.variance,PASS_EXACT,261
0,exhaustive,1096,exhaustive,1.0,0.0,0.0,0,0.0,1.0,1823,0.0,vision.view_1.block_10.norm_1.inv_std,PASS_EXACT,261
0,exhaustive,1097,exhaustive,1.0,0.0,0.0,0,0.0,1.0,1824,0.0,vision.view_1.block_10.norm_1.normalized,PASS_EXACT,200448
0,exhaustive,830,exhaustive,1.0000000000000002,0.0,0.0,0,0.0,0.9999999999999998,1825,0.0,vision.view_1.block_10.norm_1.output,PASS_EXACT,200448
0,exhaustive,831,exhaustive,0.9999967854080295,0.06979656219482422,0.0020049702144465894,0,0.0,0.9999967853223659,1826,0.0031561358840860422,vision.view_1.block_10.attn.qkv_linear.matmul,PASS_TOLERANCE,601344
0,exhaustive,832,exhaustive,0.9999948591769745,0.0625,0.0018095720362904643,0,0.0,0.999994859082245,1827,0.003993673344251681,vision.view_1.block_10.attn.qkv_linear.bias_add,PASS_TOLERANCE,601344
0,op,833,op,1.0000000000000002,0.0,0.0,0,0.0,1.0,1828,0.0,vision.view_1.block_10.attn.q,PASS_EXACT,200448
0,op,834,op,1.0000000000000002,0.0,0.0,0,0.0,1.0,1829,0.0,vision.view_1.block_10.attn.k,PASS_EXACT,200448
0,op,835,op,1.0000000000000002,0.0,0.0,0,0.0,1.0,1830,0.0,vision.view_1.block_10.attn.v,PASS_EXACT,200448
0,op,836,op,1.0,0.0,0.0,0,0.0,1.0,1831,0.0,vision.view_1.block_10.attn.q_heads,PASS_EXACT,200448
0,op,837,op,0.9999999999999999,0.0,0.0,0,0.0,1.0000000000000002,1832,0.0,vision.view_1.block_10.attn.k_heads,PASS_EXACT,200448
0,op,838,op,1.0000000000000002,0.0,0.0,0,0.0,1.0,1833,0.0,vision.view_1.block_10.attn.v_heads,PASS_EXACT,200448
0,op,839,op,1.0,0.0,0.0,0,0.0,1.0000000000000002,1834,0.0,vision.view_1.block_10.attn.logits,PASS_EXACT,817452
0,exhaustive,1236,exhaustive,1.0,0.0,0.0,0,0.0,1.0,1835,0.0,vision.view_1.block_10.attn.scale,PASS_EXACT,1
0,op,840,op,1.0,0.0,0.0,0,0.0,1.0000000000000002,1836,0.0,vision.view_1.block_10.attn.scaled_logits,PASS_EXACT,817452
0,exhaustive,1206,exhaustive,1.0000000000000002,0.0,0.0,0,0.0,1.0,1837,0.0,vision.view_1.block_10.attn.softmax.max,PASS_EXACT,3132
0,exhaustive,1207,exhaustive,1.0,0.0,0.0,0,0.0,0.9999999999999999,1838,0.0,vision.view_1.block_10.attn.softmax.shifted,PASS_EXACT,817452
0,exhaustive,1208,exhaustive,1.0000000000000315,5.960464477539063e-08,4.5591202508230784e-10,0,0.0,0.9999999999998773,1839,3.2349286105049238e-09,vision.view_1.block_10.attn.softmax.exp,PASS_TOLERANCE,817452
0,exhaustive,1209,exhaustive,0.999999999999951,2.288818359375e-05,1.5747653722458567e-06,0,0.0,0.9999999999998557,1840,2.2777014468000122e-06,vision.view_1.block_10.attn.softmax.sum,PASS_TOLERANCE,3132
0,op,841,op,1.0,0.0,0.0,0,0.0,1.0000000000000002,1841,0.0,vision.view_1.block_10.attn.softmax.probs,PASS_EXACT,817452
0,op,842,op,1.0,0.0,0.0,0,0.0,1.0000000000000002,1842,0.0,vision.view_1.block_10.attn.context_heads,PASS_EXACT,200448
0,op,843,op,1.0000000000000002,0.0,0.0,0,0.0,1.0,1843,0.0,vision.view_1.block_10.attn.context_merged,PASS_EXACT,200448
0,op,844,op,1.0,0.0,0.0,0,0.0,1.0000000000000002,1844,0.0,vision.view_1.block_10.attn.output_projection,PASS_EXACT,200448
0,exhaustive,845,exhaustive,1.0,0.0,0.0,0,0.0,1.0000000000000002,1845,0.0,vision.view_1.block_10.layer_scale_1.input,PASS_EXACT,200448
0,op,846,op,1.0,0.0,0.0,0,0.0,0.9999999999999999,1846,0.0,vision.view_1.block_10.layer_scale_1.output,PASS_EXACT,200448
0,op,847,op,1.0000000000000002,0.0,0.0,0,0.0,0.9999999999999998,1847,0.0,vision.view_1.block_10.residual_1.left,PASS_EXACT,200448
0,op,848,op,1.0,0.0,0.0,0,0.0,0.9999999999999999,1848,0.0,vision.view_1.block_10.residual_1.right,PASS_EXACT,200448
0,op,849,op,0.9999999999999999,0.0,0.0,0,0.0,1.0000000000000002,1849,0.0,vision.view_1.block_10.residual_1.sum,PASS_EXACT,200448
0,exhaustive,850,exhaustive,0.9999999999999999,0.0,0.0,0,0.0,1.0000000000000002,1850,0.0,vision.view_1.block_10.norm_2.input,PASS_EXACT,200448
0,exhaustive,1098,exhaustive,1.0,0.0,0.0,0,0.0,1.0,1851,0.0,vision.view_1.block_10.norm_2.mean,PASS_EXACT,261
0,exhaustive,1099,exhaustive,1.0000000000000002,0.0,0.0,0,0.0,1.0000000000000002,1852,0.0,vision.view_1.block_10.norm_2.variance,PASS_EXACT,261
0,exhaustive,1100,exhaustive,1.0,0.0,0.0,0,0.0,0.9999999999999998,1853,0.0,vision.view_1.block_10.norm_2.inv_std,PASS_EXACT,261
0,exhaustive,1101,exhaustive,1.0000000000000002,0.0,0.0,0,0.0,1.0,1854,0.0,vision.view_1.block_10.norm_2.normalized,PASS_EXACT,200448
0,exhaustive,851,exhaustive,1.0,0.0,0.0,0,0.0,1.0,1855,0.0,vision.view_1.block_10.norm_2.output,PASS_EXACT,200448
0,exhaustive,852,exhaustive,0.9999986216618322,0.06246376037597656,0.0015264150834573902,0,0.0,0.9999986215182797,1856,0.0026220941293893536,vision.view_1.block_10.mlp.linear_1.matmul,PASS_TOLERANCE,801792
0,exhaustive,853,exhaustive,0.9999999999999999,0.0,0.0,0,0.0,1.0000000000000002,1857,0.0,vision.view_1.block_10.mlp.linear_1.bias_add,PASS_EXACT,801792
0,exhaustive,854,exhaustive,0.9999999999999999,0.0,0.0,0,0.0,1.0000000000000002,1858,0.0,vision.view_1.block_10.mlp.activation.input,PASS_EXACT,801792
0,op,855,op,1.0,0.0,0.0,0,0.0,1.0,1859,0.0,vision.view_1.block_10.mlp.activation.output,PASS_EXACT,801792
0,exhaustive,856,exhaustive,0.9999985519182839,0.487518310546875,0.0007749297209942316,0,0.0,0.9999985519032855,1860,0.0028411590259209735,vision.view_1.block_10.mlp.linear_2.matmul,PASS_TOLERANCE,200448
0,exhaustive,857,exhaustive,0.9999999999999998,0.0,0.0,0,0.0,1.0,1861,0.0,vision.view_1.block_10.mlp.linear_2.bias_add,PASS_EXACT,200448
0,exhaustive,858,exhaustive,0.9999999999999998,0.0,0.0,0,0.0,1.0,1862,0.0,vision.view_1.block_10.layer_scale_2.input,PASS_EXACT,200448
0,op,859,op,1.0,0.0,0.0,0,0.0,0.9999999999999999,1863,0.0,vision.view_1.block_10.layer_scale_2.output,PASS_EXACT,200448
0,op,860,op,0.9999999999999999,0.0,0.0,0,0.0,1.0000000000000002,1864,0.0,vision.view_1.block_10.residual_2.left,PASS_EXACT,200448
0,op,861,op,1.0,0.0,0.0,0,0.0,0.9999999999999999,1865,0.0,vision.view_1.block_10.residual_2.right,PASS_EXACT,200448
0,op,862,op,1.0000000000000002,0.0,0.0,0,0.0,0.9999999999999999,1866,0.0,vision.view_1.block_10.residual_2.sum,PASS_EXACT,200448
0,layer,30,layer,1.0000000000000002,0.0,0.0,0,0.0,0.9999999999999999,1867,0.0,vision.view_1.block_10.output,PASS_EXACT,200448
0,layer,863,layer,1.0000000000000002,0.0,0.0,0,0.0,0.9999999999999999,1868,0.0,vision.view_1.block_11.input,PASS_EXACT,200448
0,exhaustive,864,exhaustive,1.0000000000000002,0.0,0.0,0,0.0,0.9999999999999999,1869,0.0,vision.view_1.block_11.norm_1.input,PASS_EXACT,200448
0,exhaustive,1102,exhaustive,1.0,0.0,0.0,0,0.0,1.0,1870,0.0,vision.view_1.block_11.norm_1.mean,PASS_EXACT,261
0,exhaustive,1103,exhaustive,1.0,0.0,0.0,0,0.0,1.0,1871,0.0,vision.view_1.block_11.norm_1.variance,PASS_EXACT,261
0,exhaustive,1104,exhaustive,1.0,0.0,0.0,0,0.0,1.0,1872,0.0,vision.view_1.block_11.norm_1.inv_std,PASS_EXACT,261
0,exhaustive,1105,exhaustive,0.9999999999999999,0.0,0.0,0,0.0,0.9999999999999999,1873,0.0,vision.view_1.block_11.norm_1.normalized,PASS_EXACT,200448
0,exhaustive,865,exhaustive,1.0,0.0,0.0,0,0.0,1.0,1874,0.0,vision.view_1.block_11.norm_1.output,PASS_EXACT,200448
0,exhaustive,866,exhaustive,0.9999967890870022,0.05582237243652344,0.0018738088889824584,0,0.0,0.9999967888062227,1875,0.0028929228259344155,vision.view_1.block_11.attn.qkv_linear.matmul,PASS_TOLERANCE,601344
0,exhaustive,867,exhaustive,0.9999948461184593,0.0625,0.0016944133418631212,0,0.0,0.9999948456908098,1876,0.003668183440947289,vision.view_1.block_11.attn.qkv_linear.bias_add,PASS_TOLERANCE,601344
0,op,868,op,0.9999999999999999,0.0,0.0,0,0.0,1.0,1877,0.0,vision.view_1.block_11.attn.q,PASS_EXACT,200448
0,op,869,op,1.0,0.0,0.0,0,0.0,1.0,1878,0.0,vision.view_1.block_11.attn.k,PASS_EXACT,200448
0,op,870,op,1.0000000000000002,0.0,0.0,0,0.0,1.0,1879,0.0,vision.view_1.block_11.attn.v,PASS_EXACT,200448
0,op,871,op,1.0,0.0,0.0,0,0.0,1.0000000000000002,1880,0.0,vision.view_1.block_11.attn.q_heads,PASS_EXACT,200448
0,op,872,op,1.0,0.0,0.0,0,0.0,1.0,1881,0.0,vision.view_1.block_11.attn.k_heads,PASS_EXACT,200448
0,op,873,op,1.0,0.0,0.0,0,0.0,0.9999999999999998,1882,0.0,vision.view_1.block_11.attn.v_heads,PASS_EXACT,200448
0,op,874,op,0.9999999999999999,0.0,0.0,0,0.0,1.0,1883,0.0,vision.view_1.block_11.attn.logits,PASS_EXACT,817452
0,exhaustive,1237,exhaustive,1.0,0.0,0.0,0,0.0,1.0,1884,0.0,vision.view_1.block_11.attn.scale,PASS_EXACT,1
0,op,875,op,0.9999999999999999,0.0,0.0,0,0.0,1.0,1885,0.0,vision.view_1.block_11.attn.scaled_logits,PASS_EXACT,817452
0,exhaustive,1210,exhaustive,1.0000000000000002,0.0,0.0,0,0.0,1.0,1886,0.0,vision.view_1.block_11.attn.softmax.max,PASS_EXACT,3132
0,exhaustive,1211,exhaustive,1.0000000000000002,0.0,0.0,0,0.0,1.0000000000000002,1887,0.0,vision.view_1.block_11.attn.softmax.shifted,PASS_EXACT,817452
0,exhaustive,1212,exhaustive,0.9999999999998819,5.960464477539063e-08,1.1979268669119358e-09,0,0.0,1.0000000000000289,1888,5.216512580875251e-09,vision.view_1.block_11.attn.softmax.exp,PASS_TOLERANCE,817452
0,exhaustive,1213,exhaustive,0.9999999999999603,6.103515625e-05,3.052549496159852e-06,0,0.0,0.9999999999998994,1889,4.947868287227267e-06,vision.view_1.block_11.attn.softmax.sum,PASS_TOLERANCE,3132
0,op,876,op,0.9999999999999999,0.0,0.0,0,0.0,1.0,1890,0.0,vision.view_1.block_11.attn.softmax.probs,PASS_EXACT,817452
0,op,877,op,0.9999999999999998,0.0,0.0,0,0.0,1.0,1891,0.0,vision.view_1.block_11.attn.context_heads,PASS_EXACT,200448
0,op,878,op,0.9999999999999998,0.0,0.0,0,0.0,1.0,1892,0.0,vision.view_1.block_11.attn.context_merged,PASS_EXACT,200448
0,op,879,op,0.9999999999999999,0.0,0.0,0,0.0,0.9999999999999999,1893,0.0,vision.view_1.block_11.attn.output_projection,PASS_EXACT,200448
0,exhaustive,880,exhaustive,0.9999999999999999,0.0,0.0,0,0.0,0.9999999999999999,1894,0.0,vision.view_1.block_11.layer_scale_1.input,PASS_EXACT,200448
0,op,881,op,1.0,0.0,0.0,0,0.0,1.0,1895,0.0,vision.view_1.block_11.layer_scale_1.output,PASS_EXACT,200448
0,op,882,op,1.0000000000000002,0.0,0.0,0,0.0,0.9999999999999999,1896,0.0,vision.view_1.block_11.residual_1.left,PASS_EXACT,200448
0,op,883,op,1.0,0.0,0.0,0,0.0,1.0,1897,0.0,vision.view_1.block_11.residual_1.right,PASS_EXACT,200448
0,op,884,op,1.0000000000000002,0.0,0.0,0,0.0,1.0,1898,0.0,vision.view_1.block_11.residual_1.sum,PASS_EXACT,200448
0,exhaustive,885,exhaustive,1.0000000000000002,0.0,0.0,0,0.0,1.0,1899,0.0,vision.view_1.block_11.norm_2.input,PASS_EXACT,200448
0,exhaustive,1106,exhaustive,0.9999999999999998,0.0,0.0,0,0.0,1.0,1900,0.0,vision.view_1.block_11.norm_2.mean,PASS_EXACT,261
0,exhaustive,1107,exhaustive,1.0000000000000002,0.0,0.0,0,0.0,1.0,1901,0.0,vision.view_1.block_11.norm_2.variance,PASS_EXACT,261
0,exhaustive,1108,exhaustive,1.0000000000000002,0.0,0.0,0,0.0,1.0000000000000002,1902,0.0,vision.view_1.block_11.norm_2.inv_std,PASS_EXACT,261
0,exhaustive,1109,exhaustive,0.9999999999999999,0.0,0.0,0,0.0,1.0,1903,0.0,vision.view_1.block_11.norm_2.normalized,PASS_EXACT,200448
0,exhaustive,886,exhaustive,0.9999999999999998,0.0,0.0,0,0.0,1.0,1904,0.0,vision.view_1.block_11.norm_2.output,PASS_EXACT,200448
0,exhaustive,887,exhaustive,0.9999986169701353,0.03061389923095703,0.0015720871188237898,0,0.0,0.9999986096472382,1905,0.0023465466093617045,vision.view_1.block_11.mlp.linear_1.matmul,PASS_TOLERANCE,801792
0,exhaustive,888,exhaustive,1.0000000000000002,0.0,0.0,0,0.0,1.0,1906,0.0,vision.view_1.block_11.mlp.linear_1.bias_add,PASS_EXACT,801792
0,exhaustive,889,exhaustive,1.0000000000000002,0.0,0.0,0,0.0,1.0,1907,0.0,vision.view_1.block_11.mlp.activation.input,PASS_EXACT,801792
0,op,890,op,1.0,0.0,0.0,0,0.0,1.0,1908,0.0,vision.view_1.block_11.mlp.activation.output,PASS_EXACT,801792
0,exhaustive,891,exhaustive,0.9999985839856398,0.0998687744140625,0.0014938551227980919,0,0.0,0.9999985827397502,1909,0.0025451346277345238,vision.view_1.block_11.mlp.linear_2.matmul,PASS_TOLERANCE,200448
0,exhaustive,892,exhaustive,1.0,0.0,0.0,0,0.0,1.0,1910,0.0,vision.view_1.block_11.mlp.linear_2.bias_add,PASS_EXACT,200448
0,exhaustive,893,exhaustive,1.0,0.0,0.0,0,0.0,1.0,1911,0.0,vision.view_1.block_11.layer_scale_2.input,PASS_EXACT,200448
0,op,894,op,1.0,0.0,0.0,0,0.0,1.0,1912,0.0,vision.view_1.block_11.layer_scale_2.output,PASS_EXACT,200448
0,op,895,op,1.0000000000000002,0.0,0.0,0,0.0,1.0,1913,0.0,vision.view_1.block_11.residual_2.left,PASS_EXACT,200448
0,op,896,op,1.0,0.0,0.0,0,0.0,1.0,1914,0.0,vision.view_1.block_11.residual_2.right,PASS_EXACT,200448
0,op,897,op,1.0,0.0,0.0,0,0.0,0.9999999999999998,1915,0.0,vision.view_1.block_11.residual_2.sum,PASS_EXACT,200448
0,layer,31,layer,1.0,0.0,0.0,0,0.0,0.9999999999999998,1916,0.0,vision.view_1.block_11.output,PASS_EXACT,200448
0,boundary,32,boundary,1.0,0.0,0.0,0,0.0,0.9999999999999998,1917,0.0,vision.view_1.tokens_with_prefix_final,PASS_EXACT,200448
0,op,898,op,1.0,0.0,0.0,0,0.0,1.0000000000000002,1918,0.0,vision.view_1.prefix_tokens,PASS_EXACT,3840
0,boundary,33,boundary,1.0,0.0,0.0,0,0.0,0.9999999999999998,1919,0.0,vision.view_1.patch_tokens,PASS_EXACT,196608
0,boundary,34,boundary,1.0000000000000002,0.0,0.0,0,0.0,1.0000000000000002,1920,0.0,vision.patch_tokens_stacked,PASS_EXACT,393216
0,boundary,35,boundary,1.0000000000000002,0.0,0.0,0,0.0,1.0000000000000002,1921,0.0,vision_projection.input,PASS_EXACT,393216
0,exhaustive,899,exhaustive,1.0000000000000002,0.0,0.0,0,0.0,1.0000000000000002,1922,0.0,vision_projection.input_norm.input,PASS_EXACT,393216
0,exhaustive,1110,exhaustive,1.0,0.0,0.0,0,0.0,1.0,1923,0.0,vision_projection.input_norm.mean,PASS_EXACT,512
0,exhaustive,1111,exhaustive,1.0,0.0,0.0,0,0.0,1.0,1924,0.0,vision_projection.input_norm.variance,PASS_EXACT,512
0,exhaustive,1112,exhaustive,1.0,0.0,0.0,0,0.0,1.0,1925,0.0,vision_projection.input_norm.inv_std,PASS_EXACT,512
0,exhaustive,1113,exhaustive,1.0,0.0,0.0,0,0.0,0.9999999999999999,1926,0.0,vision_projection.input_norm.normalized,PASS_EXACT,393216
0,exhaustive,903,exhaustive,1.0,0.0,0.0,0,0.0,1.0,1927,0.0,vision_projection.input_norm.output,PASS_EXACT,393216
0,exhaustive,901,exhaustive,0.999998637913798,0.4551849365234375,0.04387631185727514,0,0.0,0.9999986313212924,1928,0.06409990889358982,vision_projection.skip.matmul,PASS_TOLERANCE,131072
0,op,902,op,1.0,0.0,0.0,0,0.0,1.0,1929,0.0,vision_projection.skip.output,PASS_EXACT,131072
0,exhaustive,905,exhaustive,0.9999986431738861,0.007811784744262695,0.0011124143149183752,0,0.0,0.9999978652920579,1930,0.0016084094824856102,vision_projection.mlp.linear_1.matmul,PASS_TOLERANCE,524288
0,exhaustive,904,exhaustive,1.0000000000000002,0.0,0.0,0,0.0,1.0000000000000002,1931,0.0,vision_projection.mlp.linear_1.bias_add,PASS_EXACT,524288
0,exhaustive,906,exhaustive,1.0000000000000002,0.0,0.0,0,0.0,1.0000000000000002,1932,0.0,vision_projection.mlp.gelu.input,PASS_EXACT,524288
0,op,907,op,1.0,0.0,0.0,0,0.0,1.0,1933,0.0,vision_projection.mlp.gelu.output,PASS_EXACT,524288
0,exhaustive,908,exhaustive,0.9999986271388054,0.003702402114868164,0.0002877645208085866,0,0.0,0.9999986268563257,1934,0.0004309776932398774,vision_projection.mlp.linear_2.matmul,PASS_TOLERANCE,131072
0,exhaustive,909,exhaustive,1.0,0.0,0.0,0,0.0,0.9999999999999998,1935,0.0,vision_projection.mlp.linear_2.bias_add,PASS_EXACT,131072
0,exhaustive,910,exhaustive,1.0,0.0,0.0,0,0.0,1.0,1936,0.0,vision_projection.residual.left,PASS_EXACT,131072
0,exhaustive,911,exhaustive,1.0,0.0,0.0,0,0.0,0.9999999999999998,1937,0.0,vision_projection.residual.right,PASS_EXACT,131072
0,op,912,op,1.0000000000000002,0.0,0.0,0,0.0,1.0,1938,0.0,vision_projection.residual.sum,PASS_EXACT,131072
0,exhaustive,900,exhaustive,1.0000000000000002,0.0,0.0,0,0.0,1.0,1939,0.0,vision_projection.output_norm.input,PASS_EXACT,131072
0,exhaustive,1114,exhaustive,0.9999999999999999,0.0,0.0,0,0.0,1.0,1940,0.0,vision_projection.output_norm.mean,PASS_EXACT,512
0,exhaustive,1115,exhaustive,0.9999999999999998,0.0,0.0,0,0.0,1.0,1941,0.0,vision_projection.output_norm.variance,PASS_EXACT,512
0,exhaustive,1116,exhaustive,0.9999999999999999,0.0,0.0,0,0.0,1.0,1942,0.0,vision_projection.output_norm.inv_std,PASS_EXACT,512
0,exhaustive,1117,exhaustive,0.9999999999999999,0.0,0.0,0,0.0,1.0,1943,0.0,vision_projection.output_norm.normalized,PASS_EXACT,131072
0,exhaustive,913,exhaustive,1.0,0.0,0.0,0,0.0,0.9999999999999998,1944,0.0,vision_projection.output_norm.output,PASS_EXACT,131072
0,op,914,op,1.0,0.0,0.0,0,0.0,1.0,1945,0.0,vision_projection.view_embedding,PASS_EXACT,512
0,exhaustive,915,exhaustive,1.0,0.0,0.0,0,0.0,0.9999999999999998,1946,0.0,vision_projection.position.before_add,PASS_EXACT,131072
0,op,916,op,1.0,0.0,0.0,0,0.0,1.0,1947,0.0,vision_projection.position.after_add,PASS_EXACT,131072
0,exhaustive,917,exhaustive,1.0,0.0,0.0,0,0.0,1.0,1948,0.0,vision_projection.before_flatten,PASS_EXACT,131072
0,boundary,36,boundary,1.0,0.0,0.0,0,0.0,1.0,1949,0.0,vision_projection.flattened,PASS_EXACT,131072
0,boundary,1277,boundary,1.0,0.0,0.0,0,0.0,1.0,1950,0.0,interaction.layer_00.visual.input,PASS_EXACT,131072
0,boundary,1278,boundary,1.0000000000000002,0.0,0.0,0,0.0,0.9999999999999998,1951,0.0,interaction.layer_00.text.input,PASS_EXACT,5376
0,op,1820,op,1.0,0.0,0.0,0,0.0,1.0,1952,0.0,interaction.layer_00.visual.residual_source,PASS_EXACT,131072
0,op,1821,op,1.0000000000000002,0.0,0.0,0,0.0,0.9999999999999998,1953,0.0,interaction.layer_00.text.residual_source,PASS_EXACT,5376
0,exhaustive,1822,exhaustive,1.0,0.0,0.0,0,0.0,1.0,1954,0.0,interaction.layer_00.visual.norm.input,PASS_EXACT,131072
0,exhaustive,2580,exhaustive,1.0,0.0,0.0,0,0.0,1.0,1955,0.0,interaction.layer_00.visual.norm.mean,PASS_EXACT,512
0,exhaustive,2581,exhaustive,1.0,0.0,0.0,0,0.0,1.0,1956,0.0,interaction.layer_00.visual.norm.variance,PASS_EXACT,512
0,exhaustive,2582,exhaustive,1.0000000000000002,0.0,0.0,0,0.0,1.0,1957,0.0,interaction.layer_00.visual.norm.inv_std,PASS_EXACT,512
0,exhaustive,2583,exhaustive,1.0000000000000002,0.0,0.0,0,0.0,1.0,1958,0.0,interaction.layer_00.visual.norm.normalized,PASS_EXACT,131072
0,exhaustive,1824,exhaustive,0.9999999999999998,0.0,0.0,0,0.0,1.0000000000000002,1959,0.0,interaction.layer_00.visual.norm.output,PASS_EXACT,131072
0,exhaustive,1823,exhaustive,1.0000000000000002,0.0,0.0,0,0.0,0.9999999999999998,1960,0.0,interaction.layer_00.text.norm.input,PASS_EXACT,5376
0,exhaustive,2584,exhaustive,1.0,0.0,0.0,0,0.0,0.9999999999999999,1961,0.0,interaction.layer_00.text.norm.mean,PASS_EXACT,21
0,exhaustive,2585,exhaustive,1.0,0.0,0.0,0,0.0,1.0000000000000002,1962,0.0,interaction.layer_00.text.norm.variance,PASS_EXACT,21
0,exhaustive,2586,exhaustive,1.0,0.0,0.0,0,0.0,1.0000000000000002,1963,0.0,interaction.layer_00.text.norm.inv_std,PASS_EXACT,21
0,exhaustive,2587,exhaustive,1.0000000000000002,0.0,0.0,0,0.0,1.0000000000000002,1964,0.0,interaction.layer_00.text.norm.normalized,PASS_EXACT,5376
0,exhaustive,1825,exhaustive,1.0,0.0,0.0,0,0.0,1.0,1965,0.0,interaction.layer_00.text.norm.output,PASS_EXACT,5376
0,exhaustive,1830,exhaustive,0.9999986315151362,0.014494895935058594,0.0010275358961067127,0,0.0,0.9999986311898533,1966,0.0015233956776866083,interaction.layer_00.cross.q_visual.matmul,PASS_TOLERANCE,524288
0,exhaustive,1826,exhaustive,1.0000000000000002,0.0,0.0,0,0.0,1.0,1967,0.0,interaction.layer_00.cross.q_visual.bias_add,PASS_EXACT,524288
0,exhaustive,1831,exhaustive,0.9999986696952016,0.0078029632568359375,0.0009588232272411309,0,0.0,0.9999986694190055,1968,0.0014436494573757087,interaction.layer_00.cross.k_text.matmul,PASS_TOLERANCE,21504
0,exhaustive,1827,exhaustive,1.0,0.0,0.0,0,0.0,1.0,1969,0.0,interaction.layer_00.cross.k_text.bias_add,PASS_EXACT,21504
0,exhaustive,1832,exhaustive,0.9999986090978611,0.011029720306396484,0.0010800776368782294,0,0.0,0.9999986040093128,1970,0.0015975623656337503,interaction.layer_00.cross.v_visual.matmul,PASS_TOLERANCE,524288
0,exhaustive,1828,exhaustive,1.0,0.0,0.0,0,0.0,1.0,1971,0.0,interaction.layer_00.cross.v_visual.bias_add,PASS_EXACT,524288
0,exhaustive,1833,exhaustive,0.9999986425014856,0.007808685302734375,0.0007392055816862488,0,0.0,0.9999986421298216,1972,0.0011089134107237447,interaction.layer_00.cross.v_text.matmul,PASS_TOLERANCE,21504
0,exhaustive,1829,exhaustive,0.9999999999999998,0.0,0.0,0,0.0,1.0,1973,0.0,interaction.layer_00.cross.v_text.bias_add,PASS_EXACT,21504
0,exhaustive,1834,exhaustive,1.0000000000000002,0.0,0.0,0,0.0,1.0,1974,0.0,interaction.layer_00.cross.q_visual.reshape,PASS_EXACT,524288
0,exhaustive,1838,exhaustive,1.0,0.0,0.0,0,0.0,1.0000000000000002,1975,0.0,interaction.layer_00.cross.q_visual.transpose,PASS_EXACT,524288
0,exhaustive,1835,exhaustive,1.0,0.0,0.0,0,0.0,1.0,1976,0.0,interaction.layer_00.cross.k_text.reshape,PASS_EXACT,21504
0,exhaustive,1839,exhaustive,1.0,0.0,0.0,0,0.0,1.0,1977,0.0,interaction.layer_00.cross.k_text.transpose,PASS_EXACT,21504
0,exhaustive,1836,exhaustive,1.0,0.0,0.0,0,0.0,1.0,1978,0.0,interaction.layer_00.cross.v_visual.reshape,PASS_EXACT,524288
0,exhaustive,1840,exhaustive,1.0000000000000002,0.0,0.0,0,0.0,1.0,1979,0.0,interaction.layer_00.cross.v_visual.transpose,PASS_EXACT,524288
0,exhaustive,1837,exhaustive,0.9999999999999998,0.0,0.0,0,0.0,1.0,1980,0.0,interaction.layer_00.cross.v_text.reshape,PASS_EXACT,21504
0,exhaustive,1841,exhaustive,0.9999999999999998,0.0,0.0,0,0.0,1.0,1981,0.0,interaction.layer_00.cross.v_text.transpose,PASS_EXACT,21504
0,op,1842,op,1.0000000000000002,0.0,0.0,0,0.0,1.0,1982,0.0,interaction.layer_00.cross.visual_to_text.qk_matmul,PASS_EXACT,43008
0,exhaustive,2816,exhaustive,1.0000000000000002,0.0,0.0,0,0.0,1.0,1983,0.0,interaction.layer_00.cross.visual_to_text.logits_raw,PASS_EXACT,43008
0,exhaustive,2817,exhaustive,1.0,0.0,0.0,0,0.0,1.0,1984,0.0,interaction.layer_00.cross.visual_to_text.global_max,PASS_EXACT,1
0,exhaustive,2818,exhaustive,1.0,0.0,0.0,0,0.0,1.0,1985,0.0,interaction.layer_00.cross.visual_to_text.logits_global_shifted,PASS_EXACT,43008
0,exhaustive,2819,exhaustive,1.0,0.0,0.0,0,0.0,1.0,1986,0.0,interaction.layer_00.cross.visual_to_text.logits_clamped,PASS_EXACT,43008
0,exhaustive,1851,exhaustive,1.0,0.0,0.0,0,0.0,1.0,1987,0.0,interaction.layer_00.cross.text_to_visual.logits_transposed,PASS_EXACT,43008
0,exhaustive,2820,exhaustive,1.0000000000000002,0.0,0.0,0,0.0,1.0,1988,0.0,interaction.layer_00.cross.text_to_visual.row_max,PASS_EXACT,84
0,exhaustive,2821,exhaustive,1.0000000000000002,0.0,0.0,0,0.0,1.0,1989,0.0,interaction.layer_00.cross.text_to_visual.logits_shifted,PASS_EXACT,43008
0,exhaustive,2822,exhaustive,1.0000000000000002,0.0,0.0,0,0.0,1.0,1990,0.0,interaction.layer_00.cross.text_to_visual.logits_clamped,PASS_EXACT,43008
0,exhaustive,2823,exhaustive,1.0,0.0,0.0,0,0.0,1.0,1991,0.0,interaction.layer_00.cross.text_to_visual.mask,PASS_EXACT,43008
0,op,1852,op,0.9999889846096544,0.0625,0.010049547467912947,0,0.0,0.9999578444501743,1992,0.016519534863199896,interaction.layer_00.cross.text_to_visual.masked_logits,PASS_TOLERANCE,43008
0,exhaustive,2829,exhaustive,1.0,0.0,0.0,0,0.0,1.0,1993,0.0,interaction.layer_00.cross.text_to_visual.softmax.max,PASS_EXACT,84
0,exhaustive,2830,exhaustive,1.0000000000000002,0.0,0.0,0,0.0,1.0,1994,0.0,interaction.layer_00.cross.text_to_visual.softmax.shifted,PASS_EXACT,43008
0,exhaustive,2831,exhaustive,1.0000000000000109,5.960464477539063e-08,3.070581587935738e-09,0,0.0,0.9999999999999892,1995,8.918927759903994e-09,interaction.layer_00.cross.text_to_visual.softmax.exp,PASS_TOLERANCE,43008
0,exhaustive,2832,exhaustive,0.9999999999996443,0.0001983642578125,4.401093437558129e-05,0,0.0,0.999999999998739,1996,7.123086021541025e-05,interaction.layer_00.cross.text_to_visual.softmax.sum,PASS_TOLERANCE,84
0,op,1853,op,1.0,0.0,0.0,0,0.0,1.0,1997,0.0,interaction.layer_00.cross.text_to_visual.softmax.probs,PASS_EXACT,43008
0,exhaustive,2824,exhaustive,0.9999999999999998,0.0,0.0,0,0.0,0.9999999999999998,1998,0.0,interaction.layer_00.cross.visual_to_text.mask,PASS_EXACT,84
0,op,1843,op,1.0,0.0,0.0,0,0.0,1.0,1999,0.0,interaction.layer_00.cross.visual_to_text.masked_logits,PASS_EXACT,43008
0,exhaustive,2825,exhaustive,1.0,0.0,0.0,0,0.0,0.9999999999999999,2000,0.0,interaction.layer_00.cross.visual_to_text.softmax.max,PASS_EXACT,2048
0,exhaustive,2826,exhaustive,0.9999999999999999,0.0,0.0,0,0.0,0.9999999999999998,2001,0.0,interaction.layer_00.cross.visual_to_text.softmax.shifted,PASS_EXACT,43008
0,exhaustive,2827,exhaustive,0.9999999999999982,5.960464477539063e-08,2.281773331127451e-09,0,0.0,0.9999999999999983,2002,9.031201946072691e-09,interaction.layer_00.cross.visual_to_text.softmax.exp,PASS_TOLERANCE,43008
0,exhaustive,2828,exhaustive,0.9999999999999991,9.5367431640625e-07,1.4621764421463013e-07,0,0.0,0.9999999999999719,2003,2.2217851208520598e-07,interaction.layer_00.cross.visual_to_text.softmax.sum,PASS_TOLERANCE,2048
0,op,1844,op,0.9999999999999999,0.0,0.0,0,0.0,0.9999999999999999,2004,0.0,interaction.layer_00.cross.visual_to_text.softmax.probs,PASS_EXACT,43008
0,op,1845,op,1.0,0.0,0.0,0,0.0,1.0,2005,0.0,interaction.layer_00.cross.visual_to_text.context_heads,PASS_EXACT,524288
0,op,1854,op,1.0,0.0,0.0,0,0.0,1.0,2006,0.0,interaction.layer_00.cross.text_to_visual.context_heads,PASS_EXACT,21504
0,exhaustive,1846,exhaustive,1.0,0.0,0.0,0,0.0,1.0000000000000002,2007,0.0,interaction.layer_00.cross.visual_to_text.context_transpose,PASS_EXACT,524288
0,op,1847,op,1.0,0.0,0.0,0,0.0,1.0000000000000002,2008,0.0,interaction.layer_00.cross.visual_to_text.context_merged,PASS_EXACT,524288
0,exhaustive,1855,exhaustive,1.0,0.0,0.0,0,0.0,1.0000000000000002,2009,0.0,interaction.layer_00.cross.text_to_visual.context_transpose,PASS_EXACT,21504
0,op,1856,op,1.0,0.0,0.0,0,0.0,1.0000000000000002,2010,0.0,interaction.layer_00.cross.text_to_visual.context_merged,PASS_EXACT,21504
0,exhaustive,1848,exhaustive,0.9999986346353484,0.031246185302734375,0.0038118927880859133,0,0.0,0.9999986276798841,2011,0.00574223971891708,interaction.layer_00.cross.visual_to_text.output.matmul,PASS_TOLERANCE,131072
0,exhaustive,1849,exhaustive,1.0,0.0,0.0,0,0.0,0.9999999999999999,2012,0.0,interaction.layer_00.cross.visual_to_text.output.bias_add,PASS_EXACT,131072
0,exhaustive,1857,exhaustive,0.9999986225117857,0.059467315673828125,0.006884616722042362,0,0.0,0.9999986194421276,2013,0.010643608684265612,interaction.layer_00.cross.text_to_visual.output.matmul,PASS_TOLERANCE,5376
0,exhaustive,1858,exhaustive,1.0000000000000002,0.0,0.0,0,0.0,0.9999999999999999,2014,0.0,interaction.layer_00.cross.text_to_visual.output.bias_add,PASS_EXACT,5376
0,layer,1850,layer,1.0,0.0,0.0,0,0.0,0.9999999999999999,2015,0.0,interaction.layer_00.cross.visual_to_text.output,PASS_EXACT,131072
0,layer,1859,layer,1.0000000000000002,0.0,0.0,0,0.0,0.9999999999999999,2016,0.0,interaction.layer_00.cross.text_to_visual.output,PASS_EXACT,5376
0,op,1860,op,0.9999999999999999,0.0,0.0,0,0.0,1.0000000000000002,2017,0.0,interaction.layer_00.visual.gamma,PASS_EXACT,256
0,op,1862,op,1.0,0.0,0.0,0,0.0,0.9999999999999999,2018,0.0,interaction.layer_00.visual.delta,PASS_EXACT,131072
0,exhaustive,1864,exhaustive,1.0,0.0,0.0,0,0.0,1.0000000000000002,2019,0.0,interaction.layer_00.visual.scaled_delta,PASS_EXACT,131072
0,exhaustive,1866,exhaustive,1.0,0.0,0.0,0,0.0,1.0000000000000002,2020,0.0,interaction.layer_00.visual.drop_path_output,PASS_EXACT,131072
0,op,1861,op,1.0,0.0,0.0,0,0.0,1.0000000000000002,2021,0.0,interaction.layer_00.text.gamma,PASS_EXACT,256
0,op,1863,op,1.0000000000000002,0.0,0.0,0,0.0,0.9999999999999999,2022,0.0,interaction.layer_00.text.delta,PASS_EXACT,5376
0,exhaustive,1865,exhaustive,0.9999999999999999,0.0,0.0,0,0.0,0.9999999999999999,2023,0.0,interaction.layer_00.text.scaled_delta,PASS_EXACT,5376
0,exhaustive,1867,exhaustive,0.9999999999999999,0.0,0.0,0,0.0,0.9999999999999999,2024,0.0,interaction.layer_00.text.drop_path_output,PASS_EXACT,5376
0,op,1868,op,1.0,0.0,0.0,0,0.0,1.0,2025,0.0,interaction.layer_00.visual.residual_sum,PASS_EXACT,131072
0,op,1869,op,0.9999999999999999,0.0,0.0,0,0.0,0.9999999999999999,2026,0.0,interaction.layer_00.text.residual_sum,PASS_EXACT,5376
0,layer,1279,layer,1.0,0.0,0.0,0,0.0,1.0,2027,0.0,interaction.layer_00.visual.after_fusion,PASS_EXACT,131072
0,layer,1870,layer,0.9999999999999999,0.0,0.0,0,0.0,0.9999999999999999,2028,0.0,interaction.layer_00.text.after_fusion,PASS_EXACT,5376
0,layer,1871,layer,0.9999999999999999,0.0,0.0,0,0.0,0.9999999999999999,2029,0.0,interaction.layer_00.text_enhancer.input,PASS_EXACT,5376
0,op,1275,op,1.0000000000000002,0.0,0.0,0,0.0,1.0,2030,0.0,interaction.layer_00.text_enhancer.mask.original,PASS_EXACT,441
0,op,1276,op,1.0000000000000002,0.0,0.0,0,0.0,1.0,2031,0.0,interaction.layer_00.text_enhancer.mask.repeated,PASS_EXACT,1764
0,op,1872,op,1.0,0.0,0.0,0,0.0,1.0,2032,0.0,interaction.layer_00.text_enhancer.attn.q_linear,PASS_EXACT,5376
0,exhaustive,1875,exhaustive,1.0,0.0,0.0,0,0.0,1.0,2033,0.0,interaction.layer_00.text_enhancer.attn.q_heads,PASS_EXACT,5376
0,op,1873,op,1.0,0.0,0.0,0,0.0,0.9999999999999998,2034,0.0,interaction.layer_00.text_enhancer.attn.k_linear,PASS_EXACT,5376
0,exhaustive,1876,exhaustive,1.0,0.0,0.0,0,0.0,0.9999999999999998,2035,0.0,interaction.layer_00.text_enhancer.attn.k_heads,PASS_EXACT,5376
0,op,1874,op,1.0000000000000002,0.0,0.0,0,0.0,0.9999999999999999,2036,0.0,interaction.layer_00.text_enhancer.attn.v_linear,PASS_EXACT,5376
0,exhaustive,1877,exhaustive,1.0000000000000002,0.0,0.0,0,0.0,1.0,2037,0.0,interaction.layer_00.text_enhancer.attn.v_heads,PASS_EXACT,5376
0,op,1878,op,0.9999999999999998,0.0,0.0,0,0.0,1.0,2038,0.0,interaction.layer_00.text_enhancer.attn.logits,PASS_EXACT,1764
0,op,1879,op,1.0000000000000002,0.0,0.0,0,0.0,1.0,2039,0.0,interaction.layer_00.text_enhancer.attn.masked_logits,PASS_EXACT,1764
0,exhaustive,2768,exhaustive,1.0,0.0,0.0,0,0.0,1.0,2040,0.0,interaction.layer_00.text_enhancer.attn.softmax.max,PASS_EXACT,84
0,exhaustive,2769,exhaustive,1.0000000000000002,0.0,0.0,0,0.0,1.0,2041,0.0,interaction.layer_00.text_enhancer.attn.softmax.shifted,PASS_EXACT,1764
0,exhaustive,2770,exhaustive,0.9999999999999994,5.960464477539063e-08,2.4514697553366086e-09,0,0.0,1.0000000000000016,2042,1.033705921829137e-08,interaction.layer_00.text_enhancer.attn.softmax.exp,PASS_TOLERANCE,1764
0,exhaustive,2771,exhaustive,0.9999999999999987,4.76837158203125e-07,8.231117611839658e-08,0,0.0,0.9999999999999957,2043,1.884864366154897e-07,interaction.layer_00.text_enhancer.attn.softmax.sum,PASS_TOLERANCE,84
0,op,1880,op,1.0,0.0,0.0,0,0.0,1.0,2044,0.0,interaction.layer_00.text_enhancer.attn.softmax.probs,PASS_EXACT,1764
0,op,1881,op,1.0,0.0,0.0,0,0.0,1.0,2045,0.0,interaction.layer_00.text_enhancer.attn.context_heads,PASS_EXACT,5376
0,op,1882,op,1.0,0.0,0.0,0,0.0,1.0,2046,0.0,interaction.layer_00.text_enhancer.attn.context_merged,PASS_EXACT,5376
0,op,1883,op,0.9999999999999998,0.0,0.0,0,0.0,1.0,2047,0.0,interaction.layer_00.text_enhancer.attn.output_projection,PASS_EXACT,5376
0,exhaustive,1884,exhaustive,0.9999999999999999,0.0,0.0,0,0.0,0.9999999999999999,2048,0.0,interaction.layer_00.text_enhancer.residual_1.left,PASS_EXACT,5376
0,exhaustive,1885,exhaustive,0.9999999999999998,0.0,0.0,0,0.0,1.0,2049,0.0,interaction.layer_00.text_enhancer.residual_1.right,PASS_EXACT,5376
0,op,1886,op,0.9999986696677268,0.015625,0.0006633344150724865,0,0.0,0.9999986684569645,2050,0.0013732145079313348,interaction.layer_00.text_enhancer.residual_1.sum,PASS_TOLERANCE,5376
0,exhaustive,1887,exhaustive,0.9999986696677268,0.015625,0.0006633344150724865,0,0.0,0.9999986684569645,2051,0.0013732145079313348,interaction.layer_00.text_enhancer.norm_1.input,PASS_TOLERANCE,5376
0,exhaustive,2588,exhaustive,0.9999926887543876,0.000244140625,5.667550223214286e-05,0,0.0,0.9999350426191408,2052,0.00011163325231415453,interaction.layer_00.text_enhancer.norm_1.mean,PASS_TOLERANCE,21
0,exhaustive,2589,exhaustive,0.9999993820059963,0.00390625,0.00018601190476190475,0,0.0,0.9999926004585263,2053,0.0008524136337343452,interaction.layer_00.text_enhancer.norm_1.variance,PASS_TOLERANCE,21
0,exhaustive,2590,exhaustive,1.0,0.0,0.0,0,0.0,1.0000000000000002,2054,0.0,interaction.layer_00.text_enhancer.norm_1.inv_std,PASS_EXACT,21
0,exhaustive,2591,exhaustive,0.9999970151896292,0.03125,0.0008670691223371597,0,0.0,0.9999970207640936,2055,0.002444888782044675,interaction.layer_00.text_enhancer.norm_1.normalized,PASS_TOLERANCE,5376
0,exhaustive,1888,exhaustive,1.0,0.0,0.0,0,0.0,1.0000000000000002,2056,0.0,interaction.layer_00.text_enhancer.norm_1.output,PASS_EXACT,5376
0,exhaustive,1889,exhaustive,0.9999986445797453,0.031177520751953125,0.006911215042020471,0,0.0,0.9999797399938397,2057,0.008332168700778166,interaction.layer_00.text_enhancer.ffn.linear_1.matmul,PASS_TOLERANCE,21504
0,exhaustive,1890,exhaustive,1.0000000000000002,0.0,0.0,0,0.0,0.9999999999999998,2058,0.0,interaction.layer_00.text_enhancer.ffn.linear_1.bias_add,PASS_EXACT,21504
0,exhaustive,1891,exhaustive,1.0000000000000002,0.0,0.0,0,0.0,0.9999999999999998,2059,0.0,interaction.layer_00.text_enhancer.ffn.activation.input,PASS_EXACT,21504
0,op,1892,op,1.0000000000000002,0.0,0.0,0,0.0,0.9999999999999999,2060,0.0,interaction.layer_00.text_enhancer.ffn.activation.output,PASS_EXACT,21504
0,exhaustive,1893,exhaustive,0.9999993744392008,0.0039844512939453125,6.118013797753346e-05,0,0.0,0.9999993743736133,2061,0.00016569386854809845,interaction.layer_00.text_enhancer.ffn.linear_2.matmul,PASS_TOLERANCE,5376
0,exhaustive,1894,exhaustive,0.9999999999999999,0.0,0.0,0,0.0,1.0000000000000002,2062,0.0,interaction.layer_00.text_enhancer.ffn.linear_2.bias_add,PASS_EXACT,5376
0,exhaustive,1895,exhaustive,1.0,0.0,0.0,0,0.0,1.0000000000000002,2063,0.0,interaction.layer_00.text_enhancer.residual_2.left,PASS_EXACT,5376
0,exhaustive,1896,exhaustive,0.9999999999999999,0.0,0.0,0,0.0,1.0000000000000002,2064,0.0,interaction.layer_00.text_enhancer.residual_2.right,PASS_EXACT,5376
0,op,1897,op,0.9999990262860325,0.03125,0.0009068408093991733,0,0.0,0.9999990240885942,2065,0.002173503160468426,interaction.layer_00.text_enhancer.residual_2.sum,PASS_TOLERANCE,5376
0,exhaustive,1898,exhaustive,0.9999990262860325,0.03125,0.0009068408093991733,0,0.0,0.9999990240885942,2066,0.002173503160468426,interaction.layer_00.text_enhancer.norm_2.input,PASS_TOLERANCE,5376
0,exhaustive,2592,exhaustive,0.9999976752799208,0.00048828125,6.975446428571428e-05,0,0.0,0.9998753587773197,2067,0.00018455296533653672,interaction.layer_00.text_enhancer.norm_2.mean,PASS_TOLERANCE,21
0,exhaustive,2593,exhaustive,0.9999961982894215,0.015625,0.002976190476190476,0,0.0,0.9997676659490544,2068,0.006819309069874761,interaction.layer_00.text_enhancer.norm_2.variance,PASS_TOLERANCE,21
0,exhaustive,2594,exhaustive,0.9999982742316496,0.00390625,0.0003720238095238095,0,0.0,0.9995278344700828,2069,0.001205494921578843,interaction.layer_00.text_enhancer.norm_2.inv_std,PASS_TOLERANCE,21
0,exhaustive,2595,exhaustive,0.9999958719412075,0.0625,0.0007789572257371176,0,0.0,0.9999958790696554,2070,0.0028947877736009812,interaction.layer_00.text_enhancer.norm_2.normalized,PASS_TOLERANCE,5376
0,exhaustive,1899,exhaustive,1.0000000000000002,0.0,0.0,0,0.0,1.0,2071,0.0,interaction.layer_00.text_enhancer.norm_2.output,PASS_EXACT,5376
0,layer,1280,layer,1.0000000000000002,0.0,0.0,0,0.0,1.0,2072,0.0,interaction.layer_00.text_enhancer.output,PASS_EXACT,5376
0,boundary,1283,boundary,1.0,0.0,0.0,0,0.0,1.0,2073,0.0,interaction.layer_01.visual.input,PASS_EXACT,131072
0,boundary,1284,boundary,1.0000000000000002,0.0,0.0,0,0.0,1.0,2074,0.0,interaction.layer_01.text.input,PASS_EXACT,5376
0,op,1900,op,1.0,0.0,0.0,0,0.0,1.0,2075,0.0,interaction.layer_01.visual.residual_source,PASS_EXACT,131072
0,op,1901,op,1.0000000000000002,0.0,0.0,0,0.0,1.0,2076,0.0,interaction.layer_01.text.residual_source,PASS_EXACT,5376
0,exhaustive,1902,exhaustive,1.0,0.0,0.0,0,0.0,1.0,2077,0.0,interaction.layer_01.visual.norm.input,PASS_EXACT,131072
0,exhaustive,2596,exhaustive,1.0,0.0,0.0,0,0.0,1.0,2078,0.0,interaction.layer_01.visual.norm.mean,PASS_EXACT,512
0,exhaustive,2597,exhaustive,1.0,0.0,0.0,0,0.0,0.9999999999999999,2079,0.0,interaction.layer_01.visual.norm.variance,PASS_EXACT,512
0,exhaustive,2598,exhaustive,1.0,0.0,0.0,0,0.0,1.0000000000000002,2080,0.0,interaction.layer_01.visual.norm.inv_std,PASS_EXACT,512
0,exhaustive,2599,exhaustive,0.9999999999999999,0.0,0.0,0,0.0,1.0000000000000002,2081,0.0,interaction.layer_01.visual.norm.normalized,PASS_EXACT,131072
0,exhaustive,1904,exhaustive,1.0,0.0,0.0,0,0.0,1.0000000000000002,2082,0.0,interaction.layer_01.visual.norm.output,PASS_EXACT,131072
0,exhaustive,1903,exhaustive,1.0000000000000002,0.0,0.0,0,0.0,1.0,2083,0.0,interaction.layer_01.text.norm.input,PASS_EXACT,5376
0,exhaustive,2600,exhaustive,1.0,0.0,0.0,0,0.0,1.0000000000000002,2084,0.0,interaction.layer_01.text.norm.mean,PASS_EXACT,21
0,exhaustive,2601,exhaustive,1.0,0.0,0.0,0,0.0,1.0000000000000002,2085,0.0,interaction.layer_01.text.norm.variance,PASS_EXACT,21
0,exhaustive,2602,exhaustive,1.0000000000000002,0.0,0.0,0,0.0,1.0,2086,0.0,interaction.layer_01.text.norm.inv_std,PASS_EXACT,21
0,exhaustive,2603,exhaustive,1.0,0.0,0.0,0,0.0,0.9999999999999998,2087,0.0,interaction.layer_01.text.norm.normalized,PASS_EXACT,5376
0,exhaustive,1905,exhaustive,1.0,0.0,0.0,0,0.0,0.9999999999999998,2088,0.0,interaction.layer_01.text.norm.output,PASS_EXACT,5376
0,exhaustive,1910,exhaustive,0.9999986207958366,0.015606880187988281,0.0014383469712662134,0,0.0,0.9999986207899298,2089,0.002119882799853702,interaction.layer_01.cross.q_visual.matmul,PASS_TOLERANCE,524288
0,exhaustive,1906,exhaustive,1.0000000000000002,0.0,0.0,0,0.0,1.0,2090,0.0,interaction.layer_01.cross.q_visual.bias_add,PASS_EXACT,524288
0,exhaustive,1911,exhaustive,0.9999986360340481,0.007802009582519531,0.0010819211641189344,0,0.0,0.9999986361279612,2091,0.0015988446910217518,interaction.layer_01.cross.k_text.matmul,PASS_TOLERANCE,21504
0,exhaustive,1907,exhaustive,1.0000000000000002,0.0,0.0,0,0.0,0.9999999999999998,2092,0.0,interaction.layer_01.cross.k_text.bias_add,PASS_EXACT,21504
0,exhaustive,1912,exhaustive,0.9999986359938857,0.01554107666015625,0.001265202092721296,0,0.0,0.9999986354592689,2093,0.001872332344583159,interaction.layer_01.cross.v_visual.matmul,PASS_TOLERANCE,524288
0,exhaustive,1908,exhaustive,0.9999999999999998,0.0,0.0,0,0.0,1.0,2094,0.0,interaction.layer_01.cross.v_visual.bias_add,PASS_EXACT,524288
0,exhaustive,1913,exhaustive,0.9999986222286277,0.007745027542114258,0.0006152941416422393,0,0.0,0.9999986222874994,2095,0.0009115960350389506,interaction.layer_01.cross.v_text.matmul,PASS_TOLERANCE,21504
0,exhaustive,1909,exhaustive,1.0000000000000002,0.0,0.0,0,0.0,0.9999999999999999,2096,0.0,interaction.layer_01.cross.v_text.bias_add,PASS_EXACT,21504
0,exhaustive,1914,exhaustive,1.0000000000000002,0.0,0.0,0,0.0,1.0,2097,0.0,interaction.layer_01.cross.q_visual.reshape,PASS_EXACT,524288
0,exhaustive,1918,exhaustive,1.0000000000000002,0.0,0.0,0,0.0,1.0000000000000002,2098,0.0,interaction.layer_01.cross.q_visual.transpose,PASS_EXACT,524288
0,exhaustive,1915,exhaustive,1.0000000000000002,0.0,0.0,0,0.0,0.9999999999999998,2099,0.0,interaction.layer_01.cross.k_text.reshape,PASS_EXACT,21504
0,exhaustive,1919,exhaustive,1.0000000000000002,0.0,0.0,0,0.0,1.0,2100,0.0,interaction.layer_01.cross.k_text.transpose,PASS_EXACT,21504
0,exhaustive,1916,exhaustive,0.9999999999999998,0.0,0.0,0,0.0,1.0,2101,0.0,interaction.layer_01.cross.v_visual.reshape,PASS_EXACT,524288
0,exhaustive,1920,exhaustive,0.9999999999999998,0.0,0.0,0,0.0,1.0,2102,0.0,interaction.layer_01.cross.v_visual.transpose,PASS_EXACT,524288
0,exhaustive,1917,exhaustive,1.0000000000000002,0.0,0.0,0,0.0,0.9999999999999999,2103,0.0,interaction.layer_01.cross.v_text.reshape,PASS_EXACT,21504
0,exhaustive,1921,exhaustive,1.0000000000000002,0.0,0.0,0,0.0,1.0000000000000002,2104,0.0,interaction.layer_01.cross.v_text.transpose,PASS_EXACT,21504
0,op,1922,op,1.0000000000000002,0.0,0.0,0,0.0,1.0,2105,0.0,interaction.layer_01.cross.visual_to_text.qk_matmul,PASS_EXACT,43008
0,exhaustive,2833,exhaustive,1.0000000000000002,0.0,0.0,0,0.0,1.0,2106,0.0,interaction.layer_01.cross.visual_to_text.logits_raw,PASS_EXACT,43008
0,exhaustive,2834,exhaustive,1.0,0.0,0.0,0,0.0,1.0,2107,0.0,interaction.layer_01.cross.visual_to_text.global_max,PASS_EXACT,1
0,exhaustive,2835,exhaustive,1.0,0.0,0.0,0,0.0,0.9999999999999998,2108,0.0,interaction.layer_01.cross.visual_to_text.logits_global_shifted,PASS_EXACT,43008
0,exhaustive,2836,exhaustive,1.0,0.0,0.0,0,0.0,0.9999999999999998,2109,0.0,interaction.layer_01.cross.visual_to_text.logits_clamped,PASS_EXACT,43008
0,exhaustive,1931,exhaustive,1.0,0.0,0.0,0,0.0,1.0,2110,0.0,interaction.layer_01.cross.text_to_visual.logits_transposed,PASS_EXACT,43008
0,exhaustive,2837,exhaustive,1.0,0.0,0.0,0,0.0,1.0000000000000002,2111,0.0,interaction.layer_01.cross.text_to_visual.row_max,PASS_EXACT,84
0,exhaustive,2838,exhaustive,1.0000000000000002,0.0,0.0,0,0.0,1.0,2112,0.0,interaction.layer_01.cross.text_to_visual.logits_shifted,PASS_EXACT,43008
0,exhaustive,2839,exhaustive,1.0000000000000002,0.0,0.0,0,0.0,1.0,2113,0.0,interaction.layer_01.cross.text_to_visual.logits_clamped,PASS_EXACT,43008
0,exhaustive,2840,exhaustive,1.0,0.0,0.0,0,0.0,1.0,2114,0.0,interaction.layer_01.cross.text_to_visual.mask,PASS_EXACT,43008
0,op,1932,op,0.9999930089682874,0.0625,0.012820243835449219,0,0.0,0.9999651677908571,2115,0.02139564662915918,interaction.layer_01.cross.text_to_visual.masked_logits,PASS_TOLERANCE,43008
0,exhaustive,2846,exhaustive,1.0,0.0,0.0,0,0.0,1.0,2116,0.0,interaction.layer_01.cross.text_to_visual.softmax.max,PASS_EXACT,84
0,exhaustive,2847,exhaustive,1.0000000000000002,0.0,0.0,0,0.0,1.0,2117,0.0,interaction.layer_01.cross.text_to_visual.softmax.shifted,PASS_EXACT,43008
0,exhaustive,2848,exhaustive,1.0000000000000016,5.960464477539063e-08,1.0202141036736683e-09,0,0.0,0.9999999999999972,2118,4.3254442001298186e-09,interaction.layer_01.cross.text_to_visual.softmax.exp,PASS_TOLERANCE,43008
0,exhaustive,2849,exhaustive,0.9999999999998855,5.7220458984375e-05,9.255749838692801e-06,0,0.0,0.9999999999997596,2119,1.5223557700544928e-05,interaction.layer_01.cross.text_to_visual.softmax.sum,PASS_TOLERANCE,84
0,op,1933,op,1.0000000000000002,0.0,0.0,0,0.0,1.0,2120,0.0,interaction.layer_01.cross.text_to_visual.softmax.probs,PASS_EXACT,43008
0,exhaustive,2841,exhaustive,0.9999999999999998,0.0,0.0,0,0.0,0.9999999999999998,2121,0.0,interaction.layer_01.cross.visual_to_text.mask,PASS_EXACT,84
0,op,1923,op,1.0,0.0,0.0,0,0.0,1.0,2122,0.0,interaction.layer_01.cross.visual_to_text.masked_logits,PASS_EXACT,43008
0,exhaustive,2842,exhaustive,1.0,0.0,0.0,0,0.0,1.0000000000000002,2123,0.0,interaction.layer_01.cross.visual_to_text.softmax.max,PASS_EXACT,2048
0,exhaustive,2843,exhaustive,1.0000000000000002,0.0,0.0,0,0.0,0.9999999999999998,2124,0.0,interaction.layer_01.cross.visual_to_text.softmax.shifted,PASS_EXACT,43008
0,exhaustive,2844,exhaustive,1.0000000000000002,5.960464477539063e-08,1.3856226007849921e-09,0,0.0,1.0000000000000673,2125,6.6154488458925925e-09,interaction.layer_01.cross.visual_to_text.softmax.exp,PASS_TOLERANCE,43008
0,exhaustive,2845,exhaustive,0.9999999999999981,9.5367431640625e-07,1.1030351743102074e-07,0,0.0,0.9999999999999782,2126,1.747911607001439e-07,interaction.layer_01.cross.visual_to_text.softmax.sum,PASS_TOLERANCE,2048
0,op,1924,op,1.0,0.0,0.0,0,0.0,1.0,2127,0.0,interaction.layer_01.cross.visual_to_text.softmax.probs,PASS_EXACT,43008
0,op,1925,op,1.0000000000000002,0.0,0.0,0,0.0,1.0000000000000002,2128,0.0,interaction.layer_01.cross.visual_to_text.context_heads,PASS_EXACT,524288
0,op,1934,op,1.0,0.0,0.0,0,0.0,1.0,2129,0.0,interaction.layer_01.cross.text_to_visual.context_heads,PASS_EXACT,21504
0,exhaustive,1926,exhaustive,1.0,0.0,0.0,0,0.0,0.9999999999999999,2130,0.0,interaction.layer_01.cross.visual_to_text.context_transpose,PASS_EXACT,524288
0,op,1927,op,1.0,0.0,0.0,0,0.0,0.9999999999999999,2131,0.0,interaction.layer_01.cross.visual_to_text.context_merged,PASS_EXACT,524288
0,exhaustive,1935,exhaustive,1.0,0.0,0.0,0,0.0,0.9999999999999999,2132,0.0,interaction.layer_01.cross.text_to_visual.context_transpose,PASS_EXACT,21504
0,op,1936,op,1.0,0.0,0.0,0,0.0,0.9999999999999999,2133,0.0,interaction.layer_01.cross.text_to_visual.context_merged,PASS_EXACT,21504
0,exhaustive,1928,exhaustive,0.9999986250712292,0.03124713897705078,0.0027274555352647667,0,0.0,0.9999986004873964,2134,0.0040812647583797915,interaction.layer_01.cross.visual_to_text.output.matmul,PASS_TOLERANCE,131072
0,exhaustive,1929,exhaustive,0.9999999999999999,0.0,0.0,0,0.0,1.0,2135,0.0,interaction.layer_01.cross.visual_to_text.output.bias_add,PASS_EXACT,131072
0,exhaustive,1937,exhaustive,0.9999985878534372,0.10780715942382812,0.005687121135235343,0,0.0,0.999998582905597,2136,0.009397940288745665,interaction.layer_01.cross.text_to_visual.output.matmul,PASS_TOLERANCE,5376
0,exhaustive,1938,exhaustive,1.0000000000000002,0.0,0.0,0,0.0,0.9999999999999998,2137,0.0,interaction.layer_01.cross.text_to_visual.output.bias_add,PASS_EXACT,5376
0,layer,1930,layer,0.9999999999999999,0.0,0.0,0,0.0,1.0,2138,0.0,interaction.layer_01.cross.visual_to_text.output,PASS_EXACT,131072
0,layer,1939,layer,1.0000000000000002,0.0,0.0,0,0.0,0.9999999999999998,2139,0.0,interaction.layer_01.cross.text_to_visual.output,PASS_EXACT,5376
0,op,1940,op,1.0000000000000002,0.0,0.0,0,0.0,0.9999999999999999,2140,0.0,interaction.layer_01.visual.gamma,PASS_EXACT,256
0,op,1942,op,0.9999999999999999,0.0,0.0,0,0.0,1.0,2141,0.0,interaction.layer_01.visual.delta,PASS_EXACT,131072
0,exhaustive,1944,exhaustive,1.0,0.0,0.0,0,0.0,1.0,2142,0.0,interaction.layer_01.visual.scaled_delta,PASS_EXACT,131072
0,exhaustive,1946,exhaustive,1.0,0.0,0.0,0,0.0,1.0,2143,0.0,interaction.layer_01.visual.drop_path_output,PASS_EXACT,131072
0,op,1941,op,0.9999999999999999,0.0,0.0,0,0.0,0.9999999999999999,2144,0.0,interaction.layer_01.text.gamma,PASS_EXACT,256
0,op,1943,op,1.0000000000000002,0.0,0.0,0,0.0,0.9999999999999998,2145,0.0,interaction.layer_01.text.delta,PASS_EXACT,5376
0,exhaustive,1945,exhaustive,1.0,0.0,0.0,0,0.0,0.9999999999999998,2146,0.0,interaction.layer_01.text.scaled_delta,PASS_EXACT,5376
0,exhaustive,1947,exhaustive,1.0,0.0,0.0,0,0.0,0.9999999999999998,2147,0.0,interaction.layer_01.text.drop_path_output,PASS_EXACT,5376
0,op,1948,op,1.0,0.0,0.0,0,0.0,1.0,2148,0.0,interaction.layer_01.visual.residual_sum,PASS_EXACT,131072
0,op,1949,op,0.9999999999999998,0.0,0.0,0,0.0,1.0,2149,0.0,interaction.layer_01.text.residual_sum,PASS_EXACT,5376
0,layer,1285,layer,1.0,0.0,0.0,0,0.0,1.0,2150,0.0,interaction.layer_01.visual.after_fusion,PASS_EXACT,131072
0,layer,1950,layer,0.9999999999999998,0.0,0.0,0,0.0,1.0,2151,0.0,interaction.layer_01.text.after_fusion,PASS_EXACT,5376
0,layer,1951,layer,0.9999999999999998,0.0,0.0,0,0.0,1.0,2152,0.0,interaction.layer_01.text_enhancer.input,PASS_EXACT,5376
0,op,1281,op,1.0000000000000002,0.0,0.0,0,0.0,1.0,2153,0.0,interaction.layer_01.text_enhancer.mask.original,PASS_EXACT,441
0,op,1282,op,1.0000000000000002,0.0,0.0,0,0.0,1.0,2154,0.0,interaction.layer_01.text_enhancer.mask.repeated,PASS_EXACT,1764
0,op,1952,op,1.0000000000000002,0.0,0.0,0,0.0,0.9999999999999999,2155,0.0,interaction.layer_01.text_enhancer.attn.q_linear,PASS_EXACT,5376
0,exhaustive,1955,exhaustive,1.0000000000000002,0.0,0.0,0,0.0,0.9999999999999999,2156,0.0,interaction.layer_01.text_enhancer.attn.q_heads,PASS_EXACT,5376
0,op,1953,op,1.0000000000000002,0.0,0.0,0,0.0,1.0,2157,0.0,interaction.layer_01.text_enhancer.attn.k_linear,PASS_EXACT,5376
0,exhaustive,1956,exhaustive,1.0000000000000002,0.0,0.0,0,0.0,1.0,2158,0.0,interaction.layer_01.text_enhancer.attn.k_heads,PASS_EXACT,5376
0,op,1954,op,0.9999999999999999,0.0,0.0,0,0.0,1.0,2159,0.0,interaction.layer_01.text_enhancer.attn.v_linear,PASS_EXACT,5376
0,exhaustive,1957,exhaustive,0.9999999999999999,0.0,0.0,0,0.0,1.0,2160,0.0,interaction.layer_01.text_enhancer.attn.v_heads,PASS_EXACT,5376
0,op,1958,op,1.0,0.0,0.0,0,0.0,1.0000000000000002,2161,0.0,interaction.layer_01.text_enhancer.attn.logits,PASS_EXACT,1764
0,op,1959,op,0.9999999999999999,0.0,0.0,0,0.0,0.9999999999999999,2162,0.0,interaction.layer_01.text_enhancer.attn.masked_logits,PASS_EXACT,1764
0,exhaustive,2772,exhaustive,1.0,0.0,0.0,0,0.0,1.0,2163,0.0,interaction.layer_01.text_enhancer.attn.softmax.max,PASS_EXACT,84
0,exhaustive,2773,exhaustive,1.0000000000000002,0.0,0.0,0,0.0,1.0,2164,0.0,interaction.layer_01.text_enhancer.attn.softmax.shifted,PASS_EXACT,1764
0,exhaustive,2774,exhaustive,0.9999999999999999,5.960464477539063e-08,4.857507955959442e-10,0,0.0,0.9999999999999986,2165,3.881966168906391e-09,interaction.layer_01.text_enhancer.attn.softmax.exp,PASS_TOLERANCE,1764
0,exhaustive,2775,exhaustive,0.9999999999999969,9.5367431640625e-07,4.115558805919829e-08,0,0.0,0.9999999999999912,2166,1.3454338362661237e-07,interaction.layer_01.text_enhancer.attn.softmax.sum,PASS_TOLERANCE,84
0,op,1960,op,0.9999999999999998,0.0,0.0,0,0.0,1.0000000000000002,2167,0.0,interaction.layer_01.text_enhancer.attn.softmax.probs,PASS_EXACT,1764
0,op,1961,op,1.0000000000000002,0.0,0.0,0,0.0,1.0,2168,0.0,interaction.layer_01.text_enhancer.attn.context_heads,PASS_EXACT,5376
0,op,1962,op,1.0000000000000002,0.0,0.0,0,0.0,1.0,2169,0.0,interaction.layer_01.text_enhancer.attn.context_merged,PASS_EXACT,5376
0,op,1963,op,0.9999999999999998,0.0,0.0,0,0.0,1.0000000000000002,2170,0.0,interaction.layer_01.text_enhancer.attn.output_projection,PASS_EXACT,5376
0,exhaustive,1964,exhaustive,0.9999999999999998,0.0,0.0,0,0.0,1.0,2171,0.0,interaction.layer_01.text_enhancer.residual_1.left,PASS_EXACT,5376
0,exhaustive,1965,exhaustive,0.9999999999999998,0.0,0.0,0,0.0,1.0000000000000002,2172,0.0,interaction.layer_01.text_enhancer.residual_1.right,PASS_EXACT,5376
0,op,1966,op,0.9999984704581213,0.0234375,0.0005825192977984747,0,0.0,0.9999984606576566,2173,0.0014305740398613245,interaction.layer_01.text_enhancer.residual_1.sum,PASS_TOLERANCE,5376
0,exhaustive,1967,exhaustive,0.9999984704581213,0.0234375,0.0005825192977984747,0,0.0,0.9999984606576566,2174,0.0014305740398613245,interaction.layer_01.text_enhancer.norm_1.input,PASS_TOLERANCE,5376
0,exhaustive,2604,exhaustive,0.9999977399036778,0.00048828125,4.650297619047619e-05,0,0.0,0.9998863798819821,2175,0.00015068686519735538,interaction.layer_01.text_enhancer.norm_1.mean,PASS_TOLERANCE,21
0,exhaustive,2605,exhaustive,0.9999995478036049,0.001953125,0.00018601190476190475,0,0.0,0.9999923943929384,2176,0.0006027474607894215,interaction.layer_01.text_enhancer.norm_1.variance,PASS_TOLERANCE,21
0,exhaustive,2606,exhaustive,1.0000000000000002,0.0,0.0,0,0.0,1.0,2177,0.0,interaction.layer_01.text_enhancer.norm_1.inv_std,PASS_EXACT,21
0,exhaustive,2607,exhaustive,0.9999976547379341,0.0625,0.0006724950813111805,0,0.0,0.9999976700927317,2178,0.0021726829261760595,interaction.layer_01.text_enhancer.norm_1.normalized,PASS_TOLERANCE,5376
0,exhaustive,1968,exhaustive,1.0,0.0,0.0,0,0.0,0.9999999999999998,2179,0.0,interaction.layer_01.text_enhancer.norm_1.output,PASS_EXACT,5376
0,exhaustive,1969,exhaustive,0.9999986089954607,0.02006053924560547,0.004036580974137732,0,0.0,0.9999873689345385,2180,0.004997352646914271,interaction.layer_01.text_enhancer.ffn.linear_1.matmul,PASS_TOLERANCE,21504
0,exhaustive,1970,exhaustive,1.0,0.0,0.0,0,0.0,0.9999999999999998,2181,0.0,interaction.layer_01.text_enhancer.ffn.linear_1.bias_add,PASS_EXACT,21504
0,exhaustive,1971,exhaustive,1.0,0.0,0.0,0,0.0,0.9999999999999998,2182,0.0,interaction.layer_01.text_enhancer.ffn.activation.input,PASS_EXACT,21504
0,op,1972,op,1.0000000000000002,0.0,0.0,0,0.0,1.0000000000000002,2183,0.0,interaction.layer_01.text_enhancer.ffn.activation.output,PASS_EXACT,21504
0,exhaustive,1973,exhaustive,0.9999985006639406,0.004443645477294922,7.12418037610838e-05,0,0.0,0.9999985006102022,2184,0.0001875804740345723,interaction.layer_01.text_enhancer.ffn.linear_2.matmul,PASS_TOLERANCE,5376
0,exhaustive,1974,exhaustive,1.0000000000000002,0.0,0.0,0,0.0,1.0,2185,0.0,interaction.layer_01.text_enhancer.ffn.linear_2.bias_add,PASS_EXACT,5376
0,exhaustive,1975,exhaustive,1.0,0.0,0.0,0,0.0,0.9999999999999998,2186,0.0,interaction.layer_01.text_enhancer.residual_2.left,PASS_EXACT,5376
0,exhaustive,1976,exhaustive,1.0000000000000002,0.0,0.0,0,0.0,1.0,2187,0.0,interaction.layer_01.text_enhancer.residual_2.right,PASS_EXACT,5376
0,op,1977,op,0.9999986734717888,0.05859375,0.0008261715549798239,0,0.0,0.9999986734832086,2188,0.002421048013332773,interaction.layer_01.text_enhancer.residual_2.sum,PASS_TOLERANCE,5376
0,exhaustive,1978,exhaustive,0.9999986734717888,0.05859375,0.0008261715549798239,0,0.0,0.9999986734832086,2189,0.002421048013332773,interaction.layer_01.text_enhancer.norm_2.input,PASS_TOLERANCE,5376
0,exhaustive,2608,exhaustive,0.9997121105012908,0.000274658203125,0.00010708400181361608,0,0.0,0.9997119099033716,2190,0.00013537825174191677,interaction.layer_01.text_enhancer.norm_2.mean,PASS_TOLERANCE,21
0,exhaustive,2609,exhaustive,0.9999999999999999,0.0,0.0,0,0.0,1.0,2191,0.0,interaction.layer_01.text_enhancer.norm_2.variance,PASS_EXACT,21
0,exhaustive,2610,exhaustive,0.9999999999999998,0.0,0.0,0,0.0,0.9999999999999999,2192,0.0,interaction.layer_01.text_enhancer.norm_2.inv_std,PASS_EXACT,21
0,exhaustive,2611,exhaustive,0.9999989196002986,0.015625,0.0005136272382168542,0,0.0,0.9999989282982491,2193,0.0014700444774348137,interaction.layer_01.text_enhancer.norm_2.normalized,PASS_TOLERANCE,5376
0,exhaustive,1979,exhaustive,1.0,0.0,0.0,0,0.0,0.9999999999999999,2194,0.0,interaction.layer_01.text_enhancer.norm_2.output,PASS_EXACT,5376
0,layer,1286,layer,1.0,0.0,0.0,0,0.0,0.9999999999999999,2195,0.0,interaction.layer_01.text_enhancer.output,PASS_EXACT,5376
0,boundary,1289,boundary,1.0,0.0,0.0,0,0.0,1.0,2196,0.0,interaction.layer_02.visual.input,PASS_EXACT,131072
0,boundary,1290,boundary,1.0,0.0,0.0,0,0.0,0.9999999999999999,2197,0.0,interaction.layer_02.text.input,PASS_EXACT,5376
0,op,1980,op,1.0,0.0,0.0,0,0.0,1.0,2198,0.0,interaction.layer_02.visual.residual_source,PASS_EXACT,131072
0,op,1981,op,1.0,0.0,0.0,0,0.0,0.9999999999999999,2199,0.0,interaction.layer_02.text.residual_source,PASS_EXACT,5376
0,exhaustive,1982,exhaustive,1.0,0.0,0.0,0,0.0,1.0,2200,0.0,interaction.layer_02.visual.norm.input,PASS_EXACT,131072
0,exhaustive,2612,exhaustive,0.9999999999999998,0.0,0.0,0,0.0,1.0000000000000002,2201,0.0,interaction.layer_02.visual.norm.mean,PASS_EXACT,512
0,exhaustive,2613,exhaustive,1.0,0.0,0.0,0,0.0,1.0,2202,0.0,interaction.layer_02.visual.norm.variance,PASS_EXACT,512
0,exhaustive,2614,exhaustive,1.0,0.0,0.0,0,0.0,1.0,2203,0.0,interaction.layer_02.visual.norm.inv_std,PASS_EXACT,512
0,exhaustive,2615,exhaustive,0.9999999999999999,0.0,0.0,0,0.0,1.0,2204,0.0,interaction.layer_02.visual.norm.normalized,PASS_EXACT,131072
0,exhaustive,1984,exhaustive,1.0,0.0,0.0,0,0.0,1.0,2205,0.0,interaction.layer_02.visual.norm.output,PASS_EXACT,131072
0,exhaustive,1983,exhaustive,1.0,0.0,0.0,0,0.0,0.9999999999999999,2206,0.0,interaction.layer_02.text.norm.input,PASS_EXACT,5376
0,exhaustive,2616,exhaustive,1.0,0.0,0.0,0,0.0,1.0000000000000002,2207,0.0,interaction.layer_02.text.norm.mean,PASS_EXACT,21
0,exhaustive,2617,exhaustive,1.0000000000000002,0.0,0.0,0,0.0,0.9999999999999998,2208,0.0,interaction.layer_02.text.norm.variance,PASS_EXACT,21
0,exhaustive,2618,exhaustive,1.0,0.0,0.0,0,0.0,0.9999999999999998,2209,0.0,interaction.layer_02.text.norm.inv_std,PASS_EXACT,21
0,exhaustive,2619,exhaustive,1.0,0.0,0.0,0,0.0,1.0000000000000002,2210,0.0,interaction.layer_02.text.norm.normalized,PASS_EXACT,5376
0,exhaustive,1985,exhaustive,1.0000000000000002,0.0,0.0,0,0.0,1.0,2211,0.0,interaction.layer_02.text.norm.output,PASS_EXACT,5376
0,exhaustive,1990,exhaustive,0.9999986317507916,0.015614032745361328,0.001561445486011337,0,0.0,0.9999986317086668,2212,0.0022808415355674554,interaction.layer_02.cross.q_visual.matmul,PASS_TOLERANCE,524288
0,exhaustive,1986,exhaustive,1.0,0.0,0.0,0,0.0,1.0,2213,0.0,interaction.layer_02.cross.q_visual.bias_add,PASS_EXACT,524288
0,exhaustive,1991,exhaustive,0.9999986422652971,0.009246826171875,0.000717214614962272,0,0.0,0.9999986399624887,2214,0.0010890447107477189,interaction.layer_02.cross.k_text.matmul,PASS_TOLERANCE,21504
0,exhaustive,1987,exhaustive,1.0,0.0,0.0,0,0.0,0.9999999999999998,2215,0.0,interaction.layer_02.cross.k_text.bias_add,PASS_EXACT,21504
0,exhaustive,1992,exhaustive,0.9999986297734428,0.015620708465576172,0.0016504265953720676,0,0.0,0.9999986297274461,2216,0.002439758116417159,interaction.layer_02.cross.v_visual.matmul,PASS_TOLERANCE,524288
0,exhaustive,1988,exhaustive,0.9999999999999998,0.0,0.0,0,0.0,1.0,2217,0.0,interaction.layer_02.cross.v_visual.bias_add,PASS_EXACT,524288
0,exhaustive,1993,exhaustive,0.999998642117764,0.005875349044799805,0.00046422617448288727,0,0.0,0.9999986415013081,2218,0.0007020089263179319,interaction.layer_02.cross.v_text.matmul,PASS_TOLERANCE,21504
0,exhaustive,1989,exhaustive,0.9999999999999999,0.0,0.0,0,0.0,1.0,2219,0.0,interaction.layer_02.cross.v_text.bias_add,PASS_EXACT,21504
0,exhaustive,1994,exhaustive,1.0,0.0,0.0,0,0.0,1.0,2220,0.0,interaction.layer_02.cross.q_visual.reshape,PASS_EXACT,524288
0,exhaustive,1998,exhaustive,1.0,0.0,0.0,0,0.0,1.0,2221,0.0,interaction.layer_02.cross.q_visual.transpose,PASS_EXACT,524288
0,exhaustive,1995,exhaustive,1.0,0.0,0.0,0,0.0,0.9999999999999998,2222,0.0,interaction.layer_02.cross.k_text.reshape,PASS_EXACT,21504
0,exhaustive,1999,exhaustive,1.0,0.0,0.0,0,0.0,0.9999999999999998,2223,0.0,interaction.layer_02.cross.k_text.transpose,PASS_EXACT,21504
0,exhaustive,1996,exhaustive,0.9999999999999998,0.0,0.0,0,0.0,1.0,2224,0.0,interaction.layer_02.cross.v_visual.reshape,PASS_EXACT,524288
0,exhaustive,2000,exhaustive,0.9999999999999998,0.0,0.0,0,0.0,1.0,2225,0.0,interaction.layer_02.cross.v_visual.transpose,PASS_EXACT,524288
0,exhaustive,1997,exhaustive,0.9999999999999999,0.0,0.0,0,0.0,1.0,2226,0.0,interaction.layer_02.cross.v_text.reshape,PASS_EXACT,21504
0,exhaustive,2001,exhaustive,0.9999999999999999,0.0,0.0,0,0.0,1.0,2227,0.0,interaction.layer_02.cross.v_text.transpose,PASS_EXACT,21504
0,op,2002,op,1.0000000000000002,0.0,0.0,0,0.0,1.0000000000000002,2228,0.0,interaction.layer_02.cross.visual_to_text.qk_matmul,PASS_EXACT,43008
0,exhaustive,2850,exhaustive,1.0000000000000002,0.0,0.0,0,0.0,1.0000000000000002,2229,0.0,interaction.layer_02.cross.visual_to_text.logits_raw,PASS_EXACT,43008
0,exhaustive,2851,exhaustive,1.0,0.0,0.0,0,0.0,1.0,2230,0.0,interaction.layer_02.cross.visual_to_text.global_max,PASS_EXACT,1
0,exhaustive,2852,exhaustive,1.0,0.0,0.0,0,0.0,1.0000000000000002,2231,0.0,interaction.layer_02.cross.visual_to_text.logits_global_shifted,PASS_EXACT,43008
0,exhaustive,2853,exhaustive,1.0,0.0,0.0,0,0.0,1.0000000000000002,2232,0.0,interaction.layer_02.cross.visual_to_text.logits_clamped,PASS_EXACT,43008
0,exhaustive,2011,exhaustive,1.0,0.0,0.0,0,0.0,0.9999999999999998,2233,0.0,interaction.layer_02.cross.text_to_visual.logits_transposed,PASS_EXACT,43008
0,exhaustive,2854,exhaustive,0.9999999999999999,0.0,0.0,0,0.0,0.9999999999999998,2234,0.0,interaction.layer_02.cross.text_to_visual.row_max,PASS_EXACT,84
0,exhaustive,2855,exhaustive,1.0000000000000002,0.0,0.0,0,0.0,1.0000000000000002,2235,0.0,interaction.layer_02.cross.text_to_visual.logits_shifted,PASS_EXACT,43008
0,exhaustive,2856,exhaustive,1.0000000000000002,0.0,0.0,0,0.0,1.0000000000000002,2236,0.0,interaction.layer_02.cross.text_to_visual.logits_clamped,PASS_EXACT,43008
0,exhaustive,2857,exhaustive,1.0,0.0,0.0,0,0.0,1.0,2237,0.0,interaction.layer_02.cross.text_to_visual.mask,PASS_EXACT,43008
0,op,2012,op,0.9999930484534175,0.0625,0.010033493950253441,0,0.0,0.9999737341526748,2238,0.016949056526332714,interaction.layer_02.cross.text_to_visual.masked_logits,PASS_TOLERANCE,43008
0,exhaustive,2863,exhaustive,1.0,0.0,0.0,0,0.0,1.0,2239,0.0,interaction.layer_02.cross.text_to_visual.softmax.max,PASS_EXACT,84
0,exhaustive,2864,exhaustive,1.0000000000000002,0.0,0.0,0,0.0,1.0000000000000002,2240,0.0,interaction.layer_02.cross.text_to_visual.softmax.shifted,PASS_EXACT,43008
0,exhaustive,2865,exhaustive,1.0000000000000007,5.960464477539063e-08,2.0970522626596546e-09,0,0.0,0.9999999999999913,2241,7.169412458616442e-09,interaction.layer_02.cross.text_to_visual.softmax.exp,PASS_TOLERANCE,43008
0,exhaustive,2866,exhaustive,0.999999999999906,0.00012969970703125,1.4452707199823289e-05,0,0.0,0.999999999999593,2242,2.3089996960650867e-05,interaction.layer_02.cross.text_to_visual.softmax.sum,PASS_TOLERANCE,84
0,op,2013,op,0.9999999999999999,0.0,0.0,0,0.0,1.0,2243,0.0,interaction.layer_02.cross.text_to_visual.softmax.probs,PASS_EXACT,43008
0,exhaustive,2858,exhaustive,0.9999999999999998,0.0,0.0,0,0.0,0.9999999999999998,2244,0.0,interaction.layer_02.cross.visual_to_text.mask,PASS_EXACT,84
0,op,2003,op,0.9999999999999999,0.0,0.0,0,0.0,1.0,2245,0.0,interaction.layer_02.cross.visual_to_text.masked_logits,PASS_EXACT,43008
0,exhaustive,2859,exhaustive,1.0,0.0,0.0,0,0.0,1.0,2246,0.0,interaction.layer_02.cross.visual_to_text.softmax.max,PASS_EXACT,2048
0,exhaustive,2860,exhaustive,1.0000000000000002,0.0,0.0,0,0.0,1.0,2247,0.0,interaction.layer_02.cross.visual_to_text.softmax.shifted,PASS_EXACT,43008
0,exhaustive,2861,exhaustive,1.0000000000000007,5.960464477539063e-08,2.197518865289437e-09,0,0.0,1.0000000000000466,2248,8.533543343325936e-09,interaction.layer_02.cross.visual_to_text.softmax.exp,PASS_TOLERANCE,43008
0,exhaustive,2862,exhaustive,0.9999999999999988,9.5367431640625e-07,1.3847602531313896e-07,0,0.0,0.9999999999999827,2249,2.1987103908546404e-07,interaction.layer_02.cross.visual_to_text.softmax.sum,PASS_TOLERANCE,2048
0,op,2004,op,1.0000000000000002,0.0,0.0,0,0.0,1.0,2250,0.0,interaction.layer_02.cross.visual_to_text.softmax.probs,PASS_EXACT,43008
0,op,2005,op,0.9999999999999998,0.0,0.0,0,0.0,1.0,2251,0.0,interaction.layer_02.cross.visual_to_text.context_heads,PASS_EXACT,524288
0,op,2014,op,1.0,0.0,0.0,0,0.0,0.9999999999999998,2252,0.0,interaction.layer_02.cross.text_to_visual.context_heads,PASS_EXACT,21504
0,exhaustive,2006,exhaustive,0.9999999999999998,0.0,0.0,0,0.0,1.0,2253,0.0,interaction.layer_02.cross.visual_to_text.context_transpose,PASS_EXACT,524288
0,op,2007,op,0.9999999999999998,0.0,0.0,0,0.0,1.0,2254,0.0,interaction.layer_02.cross.visual_to_text.context_merged,PASS_EXACT,524288
0,exhaustive,2015,exhaustive,1.0,0.0,0.0,0,0.0,0.9999999999999998,2255,0.0,interaction.layer_02.cross.text_to_visual.context_transpose,PASS_EXACT,21504
0,op,2016,op,1.0,0.0,0.0,0,0.0,0.9999999999999998,2256,0.0,interaction.layer_02.cross.text_to_visual.context_merged,PASS_EXACT,21504
0,exhaustive,2008,exhaustive,0.9999985942782729,0.03100299835205078,0.0023719648286508743,0,0.0,0.9999985860931554,2257,0.0036009673467825693,interaction.layer_02.cross.visual_to_text.output.matmul,PASS_TOLERANCE,131072
0,exhaustive,2009,exhaustive,1.0000000000000002,0.0,0.0,0,0.0,1.0,2258,0.0,interaction.layer_02.cross.visual_to_text.output.bias_add,PASS_EXACT,131072
0,exhaustive,2017,exhaustive,0.999998655370588,0.10429000854492188,0.011767338176945313,0,0.0,0.999998655107754,2259,0.017699066648902664,interaction.layer_02.cross.text_to_visual.output.matmul,PASS_TOLERANCE,5376
0,exhaustive,2018,exhaustive,1.0,0.0,0.0,0,0.0,1.0,2260,0.0,interaction.layer_02.cross.text_to_visual.output.bias_add,PASS_EXACT,5376
0,layer,2010,layer,1.0000000000000002,0.0,0.0,0,0.0,1.0,2261,0.0,interaction.layer_02.cross.visual_to_text.output,PASS_EXACT,131072
0,layer,2019,layer,1.0,0.0,0.0,0,0.0,1.0,2262,0.0,interaction.layer_02.cross.text_to_visual.output,PASS_EXACT,5376
0,op,2020,op,1.0000000000000002,0.0,0.0,0,0.0,1.0,2263,0.0,interaction.layer_02.visual.gamma,PASS_EXACT,256
0,op,2022,op,1.0000000000000002,0.0,0.0,0,0.0,1.0,2264,0.0,interaction.layer_02.visual.delta,PASS_EXACT,131072
0,exhaustive,2024,exhaustive,1.0,0.0,0.0,0,0.0,1.0,2265,0.0,interaction.layer_02.visual.scaled_delta,PASS_EXACT,131072
0,exhaustive,2026,exhaustive,1.0,0.0,0.0,0,0.0,1.0,2266,0.0,interaction.layer_02.visual.drop_path_output,PASS_EXACT,131072
0,op,2021,op,1.0,0.0,0.0,0,0.0,1.0,2267,0.0,interaction.layer_02.text.gamma,PASS_EXACT,256
0,op,2023,op,1.0,0.0,0.0,0,0.0,1.0,2268,0.0,interaction.layer_02.text.delta,PASS_EXACT,5376
0,exhaustive,2025,exhaustive,0.9999999999999999,0.0,0.0,0,0.0,1.0,2269,0.0,interaction.layer_02.text.scaled_delta,PASS_EXACT,5376
0,exhaustive,2027,exhaustive,0.9999999999999999,0.0,0.0,0,0.0,1.0,2270,0.0,interaction.layer_02.text.drop_path_output,PASS_EXACT,5376
0,op,2028,op,0.9999999999999999,0.0,0.0,0,0.0,1.0,2271,0.0,interaction.layer_02.visual.residual_sum,PASS_EXACT,131072
0,op,2029,op,1.0000000000000002,0.0,0.0,0,0.0,1.0000000000000002,2272,0.0,interaction.layer_02.text.residual_sum,PASS_EXACT,5376
0,layer,1291,layer,0.9999999999999999,0.0,0.0,0,0.0,1.0,2273,0.0,interaction.layer_02.visual.after_fusion,PASS_EXACT,131072
0,layer,2030,layer,1.0000000000000002,0.0,0.0,0,0.0,1.0000000000000002,2274,0.0,interaction.layer_02.text.after_fusion,PASS_EXACT,5376
0,layer,2031,layer,1.0000000000000002,0.0,0.0,0,0.0,1.0000000000000002,2275,0.0,interaction.layer_02.text_enhancer.input,PASS_EXACT,5376
0,op,1287,op,1.0000000000000002,0.0,0.0,0,0.0,1.0,2276,0.0,interaction.layer_02.text_enhancer.mask.original,PASS_EXACT,441
0,op,1288,op,1.0000000000000002,0.0,0.0,0,0.0,1.0,2277,0.0,interaction.layer_02.text_enhancer.mask.repeated,PASS_EXACT,1764
0,op,2032,op,1.0,0.0,0.0,0,0.0,1.0000000000000002,2278,0.0,interaction.layer_02.text_enhancer.attn.q_linear,PASS_EXACT,5376
0,exhaustive,2035,exhaustive,1.0,0.0,0.0,0,0.0,0.9999999999999998,2279,0.0,interaction.layer_02.text_enhancer.attn.q_heads,PASS_EXACT,5376
0,op,2033,op,1.0,0.0,0.0,0,0.0,1.0,2280,0.0,interaction.layer_02.text_enhancer.attn.k_linear,PASS_EXACT,5376
0,exhaustive,2036,exhaustive,1.0,0.0,0.0,0,0.0,1.0,2281,0.0,interaction.layer_02.text_enhancer.attn.k_heads,PASS_EXACT,5376
0,op,2034,op,1.0000000000000002,0.0,0.0,0,0.0,0.9999999999999999,2282,0.0,interaction.layer_02.text_enhancer.attn.v_linear,PASS_EXACT,5376
0,exhaustive,2037,exhaustive,1.0000000000000002,0.0,0.0,0,0.0,1.0000000000000002,2283,0.0,interaction.layer_02.text_enhancer.attn.v_heads,PASS_EXACT,5376
0,op,2038,op,0.9999999999999999,0.0,0.0,0,0.0,1.0000000000000002,2284,0.0,interaction.layer_02.text_enhancer.attn.logits,PASS_EXACT,1764
0,op,2039,op,1.0,0.0,0.0,0,0.0,1.0,2285,0.0,interaction.layer_02.text_enhancer.attn.masked_logits,PASS_EXACT,1764
0,exhaustive,2776,exhaustive,1.0,0.0,0.0,0,0.0,1.0,2286,0.0,interaction.layer_02.text_enhancer.attn.softmax.max,PASS_EXACT,84
0,exhaustive,2777,exhaustive,0.9999999999999999,0.0,0.0,0,0.0,1.0,2287,0.0,interaction.layer_02.text_enhancer.attn.softmax.shifted,PASS_EXACT,1764
0,exhaustive,2778,exhaustive,1.0,5.960464477539063e-08,1.7116484052740257e-09,0,0.0,0.9999999999999996,2288,7.128009294477964e-09,interaction.layer_02.text_enhancer.attn.softmax.exp,PASS_TOLERANCE,1764
0,exhaustive,2779,exhaustive,0.9999999999999984,9.5367431640625e-07,7.947285970052083e-08,0,0.0,0.9999999999999939,2289,1.7547132305955582e-07,interaction.layer_02.text_enhancer.attn.softmax.sum,PASS_TOLERANCE,84
0,op,2040,op,1.0000000000000002,0.0,0.0,0,0.0,1.0,2290,0.0,interaction.layer_02.text_enhancer.attn.softmax.probs,PASS_EXACT,1764
0,op,2041,op,1.0000000000000002,0.0,0.0,0,0.0,0.9999999999999999,2291,0.0,interaction.layer_02.text_enhancer.attn.context_heads,PASS_EXACT,5376
0,op,2042,op,1.0000000000000002,0.0,0.0,0,0.0,0.9999999999999999,2292,0.0,interaction.layer_02.text_enhancer.attn.context_merged,PASS_EXACT,5376
0,op,2043,op,1.0,0.0,0.0,0,0.0,1.0,2293,0.0,interaction.layer_02.text_enhancer.attn.output_projection,PASS_EXACT,5376
0,exhaustive,2044,exhaustive,1.0000000000000002,0.0,0.0,0,0.0,1.0000000000000002,2294,0.0,interaction.layer_02.text_enhancer.residual_1.left,PASS_EXACT,5376
0,exhaustive,2045,exhaustive,1.0,0.0,0.0,0,0.0,1.0,2295,0.0,interaction.layer_02.text_enhancer.residual_1.right,PASS_EXACT,5376
0,op,2046,op,0.9999984256207499,0.03125,0.0005215132342917579,0,0.0,0.99999842790911,2296,0.0013930893184102568,interaction.layer_02.text_enhancer.residual_1.sum,PASS_TOLERANCE,5376
0,exhaustive,2047,exhaustive,0.9999984256207499,0.03125,0.0005215132342917579,0,0.0,0.99999842790911,2297,0.0013930893184102568,interaction.layer_02.text_enhancer.norm_1.input,PASS_TOLERANCE,5376
0,exhaustive,2620,exhaustive,0.9999676270758301,0.0002288818359375,5.031767345610119e-05,0,0.0,0.999954498421677,2298,7.800499606108552e-05,interaction.layer_02.text_enhancer.norm_1.mean,PASS_TOLERANCE,21
0,exhaustive,2621,exhaustive,0.9999979838110469,0.00390625,0.0003720238095238095,0,0.0,0.9998898940798501,2299,0.001205494921578843,interaction.layer_02.text_enhancer.norm_1.variance,PASS_TOLERANCE,21
0,exhaustive,2622,exhaustive,0.9999992335508623,0.0078125,0.0003720238095238095,0,0.0,0.9998189177090185,2300,0.0017048272674686903,interaction.layer_02.text_enhancer.norm_1.inv_std,PASS_TOLERANCE,21
0,exhaustive,2623,exhaustive,0.9999973423397593,0.0625,0.0007231175189926511,0,0.0,0.9999973547816347,2301,0.0023026921096755337,interaction.layer_02.text_enhancer.norm_1.normalized,PASS_TOLERANCE,5376
0,exhaustive,2048,exhaustive,1.0,0.0,0.0,0,0.0,0.9999999999999998,2302,0.0,interaction.layer_02.text_enhancer.norm_1.output,PASS_EXACT,5376
0,exhaustive,2049,exhaustive,0.9999985539852093,0.015615463256835938,0.0025174961357108607,0,0.0,0.9999951995372797,2303,0.0033863605266537425,interaction.layer_02.text_enhancer.ffn.linear_1.matmul,PASS_TOLERANCE,21504
0,exhaustive,2050,exhaustive,1.0000000000000002,0.0,0.0,0,0.0,1.0,2304,0.0,interaction.layer_02.text_enhancer.ffn.linear_1.bias_add,PASS_EXACT,21504
0,exhaustive,2051,exhaustive,1.0000000000000002,0.0,0.0,0,0.0,1.0,2305,0.0,interaction.layer_02.text_enhancer.ffn.activation.input,PASS_EXACT,21504
0,op,2052,op,0.9999999999999998,0.0,0.0,0,0.0,1.0,2306,0.0,interaction.layer_02.text_enhancer.ffn.activation.output,PASS_EXACT,21504
0,exhaustive,2053,exhaustive,0.9999989343990726,0.05323219299316406,0.0007907437424624472,0,0.0,0.9999989344562823,2307,0.0020123822432536044,interaction.layer_02.text_enhancer.ffn.linear_2.matmul,PASS_TOLERANCE,5376
0,exhaustive,2054,exhaustive,1.0,0.0,0.0,0,0.0,0.9999999999999998,2308,0.0,interaction.layer_02.text_enhancer.ffn.linear_2.bias_add,PASS_EXACT,5376
0,exhaustive,2055,exhaustive,1.0,0.0,0.0,0,0.0,0.9999999999999998,2309,0.0,interaction.layer_02.text_enhancer.residual_2.left,PASS_EXACT,5376
0,exhaustive,2056,exhaustive,1.0,0.0,0.0,0,0.0,0.9999999999999998,2310,0.0,interaction.layer_02.text_enhancer.residual_2.right,PASS_EXACT,5376
0,op,2057,op,0.99999662706027,0.125,0.001185783672900427,0,0.0,0.9999966271787116,2311,0.0067786867780431585,interaction.layer_02.text_enhancer.residual_2.sum,PASS_TOLERANCE,5376
0,exhaustive,2058,exhaustive,0.99999662706027,0.125,0.001185783672900427,0,0.0,0.9999966271787116,2312,0.0067786867780431585,interaction.layer_02.text_enhancer.norm_2.input,PASS_TOLERANCE,5376
0,exhaustive,2624,exhaustive,0.9995901896125966,0.000732421875,0.000396728515625,0,0.0,0.9977304755758825,2313,0.0004607572010487734,interaction.layer_02.text_enhancer.norm_2.mean,PASS_TOLERANCE,21
0,exhaustive,2625,exhaustive,0.9999879071018885,0.0625,0.023809523809523808,0,0.0,0.9999407466546896,2314,0.03857583749052298,interaction.layer_02.text_enhancer.norm_2.variance,PASS_TOLERANCE,21
0,exhaustive,2626,exhaustive,0.9999911928560368,0.00390625,0.0013950892857142857,0,0.0,0.9997749343133391,2315,0.0022951939507539184,interaction.layer_02.text_enhancer.norm_2.inv_std,PASS_TOLERANCE,21
0,exhaustive,2627,exhaustive,0.9999979926465542,0.0625,0.0009809212892183236,0,0.0,0.9999980137758646,2316,0.0020096975052547577,interaction.layer_02.text_enhancer.norm_2.normalized,PASS_TOLERANCE,5376
0,exhaustive,2059,exhaustive,1.0,0.0,0.0,0,0.0,1.0000000000000002,2317,0.0,interaction.layer_02.text_enhancer.norm_2.output,PASS_EXACT,5376
0,layer,1292,layer,1.0,0.0,0.0,0,0.0,1.0000000000000002,2318,0.0,interaction.layer_02.text_enhancer.output,PASS_EXACT,5376
0,boundary,1295,boundary,0.9999999999999999,0.0,0.0,0,0.0,1.0,2319,0.0,interaction.layer_03.visual.input,PASS_EXACT,131072
0,boundary,1296,boundary,1.0,0.0,0.0,0,0.0,1.0000000000000002,2320,0.0,interaction.layer_03.text.input,PASS_EXACT,5376
0,op,2060,op,0.9999999999999999,0.0,0.0,0,0.0,1.0,2321,0.0,interaction.layer_03.visual.residual_source,PASS_EXACT,131072
0,op,2061,op,1.0,0.0,0.0,0,0.0,1.0000000000000002,2322,0.0,interaction.layer_03.text.residual_source,PASS_EXACT,5376
0,exhaustive,2062,exhaustive,0.9999999999999999,0.0,0.0,0,0.0,1.0,2323,0.0,interaction.layer_03.visual.norm.input,PASS_EXACT,131072
0,exhaustive,2628,exhaustive,1.0,0.0,0.0,0,0.0,1.0000000000000002,2324,0.0,interaction.layer_03.visual.norm.mean,PASS_EXACT,512
0,exhaustive,2629,exhaustive,0.9999999999999999,0.0,0.0,0,0.0,0.9999999999999999,2325,0.0,interaction.layer_03.visual.norm.variance,PASS_EXACT,512
0,exhaustive,2630,exhaustive,1.0000000000000002,0.0,0.0,0,0.0,0.9999999999999998,2326,0.0,interaction.layer_03.visual.norm.inv_std,PASS_EXACT,512
0,exhaustive,2631,exhaustive,1.0,0.0,0.0,0,0.0,1.0000000000000002,2327,0.0,interaction.layer_03.visual.norm.normalized,PASS_EXACT,131072
0,exhaustive,2064,exhaustive,1.0,0.0,0.0,0,0.0,1.0,2328,0.0,interaction.layer_03.visual.norm.output,PASS_EXACT,131072
0,exhaustive,2063,exhaustive,1.0,0.0,0.0,0,0.0,1.0000000000000002,2329,0.0,interaction.layer_03.text.norm.input,PASS_EXACT,5376
0,exhaustive,2632,exhaustive,1.0,0.0,0.0,0,0.0,1.0000000000000002,2330,0.0,interaction.layer_03.text.norm.mean,PASS_EXACT,21
0,exhaustive,2633,exhaustive,1.0,0.0,0.0,0,0.0,0.9999999999999999,2331,0.0,interaction.layer_03.text.norm.variance,PASS_EXACT,21
0,exhaustive,2634,exhaustive,1.0,0.0,0.0,0,0.0,1.0000000000000002,2332,0.0,interaction.layer_03.text.norm.inv_std,PASS_EXACT,21
0,exhaustive,2635,exhaustive,0.9999999999999998,0.0,0.0,0,0.0,1.0,2333,0.0,interaction.layer_03.text.norm.normalized,PASS_EXACT,5376
0,exhaustive,2065,exhaustive,1.0000000000000002,0.0,0.0,0,0.0,1.0,2334,0.0,interaction.layer_03.text.norm.output,PASS_EXACT,5376
0,exhaustive,2070,exhaustive,0.9999986205556433,0.015622615814208984,0.0015619996310825002,0,0.0,0.9999986192316096,2335,0.002286572157554567,interaction.layer_03.cross.q_visual.matmul,PASS_TOLERANCE,524288
0,exhaustive,2066,exhaustive,1.0000000000000002,0.0,0.0,0,0.0,1.0,2336,0.0,interaction.layer_03.cross.q_visual.bias_add,PASS_EXACT,524288
0,exhaustive,2071,exhaustive,0.9999986445007587,0.004347801208496094,0.0004791007356635375,0,0.0,0.9999986419780249,2337,0.0007168146039763314,interaction.layer_03.cross.k_text.matmul,PASS_TOLERANCE,21504
0,exhaustive,2067,exhaustive,1.0000000000000002,0.0,0.0,0,0.0,0.9999999999999998,2338,0.0,interaction.layer_03.cross.k_text.bias_add,PASS_EXACT,21504
0,exhaustive,2072,exhaustive,0.9999986365556764,0.015616416931152344,0.0014656768324208258,0,0.0,0.9999986351853953,2339,0.0021754354823301444,interaction.layer_03.cross.v_visual.matmul,PASS_TOLERANCE,524288
0,exhaustive,2068,exhaustive,1.0,0.0,0.0,0,0.0,1.0,2340,0.0,interaction.layer_03.cross.v_visual.bias_add,PASS_EXACT,524288
0,exhaustive,2073,exhaustive,0.9999986494125583,0.003270387649536133,0.0003029918613416764,0,0.0,0.9999986499862505,2341,0.00045631408853408743,interaction.layer_03.cross.v_text.matmul,PASS_TOLERANCE,21504
0,exhaustive,2069,exhaustive,1.0,0.0,0.0,0,0.0,1.0,2342,0.0,interaction.layer_03.cross.v_text.bias_add,PASS_EXACT,21504
0,exhaustive,2074,exhaustive,1.0000000000000002,0.0,0.0,0,0.0,1.0,2343,0.0,interaction.layer_03.cross.q_visual.reshape,PASS_EXACT,524288
0,exhaustive,2078,exhaustive,1.0000000000000002,0.0,0.0,0,0.0,1.0,2344,0.0,interaction.layer_03.cross.q_visual.transpose,PASS_EXACT,524288
0,exhaustive,2075,exhaustive,1.0000000000000002,0.0,0.0,0,0.0,0.9999999999999998,2345,0.0,interaction.layer_03.cross.k_text.reshape,PASS_EXACT,21504
0,exhaustive,2079,exhaustive,1.0000000000000002,0.0,0.0,0,0.0,1.0,2346,0.0,interaction.layer_03.cross.k_text.transpose,PASS_EXACT,21504
0,exhaustive,2076,exhaustive,1.0,0.0,0.0,0,0.0,1.0,2347,0.0,interaction.layer_03.cross.v_visual.reshape,PASS_EXACT,524288
0,exhaustive,2080,exhaustive,1.0,0.0,0.0,0,0.0,1.0000000000000002,2348,0.0,interaction.layer_03.cross.v_visual.transpose,PASS_EXACT,524288
0,exhaustive,2077,exhaustive,1.0,0.0,0.0,0,0.0,1.0,2349,0.0,interaction.layer_03.cross.v_text.reshape,PASS_EXACT,21504
0,exhaustive,2081,exhaustive,1.0000000000000002,0.0,0.0,0,0.0,0.9999999999999999,2350,0.0,interaction.layer_03.cross.v_text.transpose,PASS_EXACT,21504
0,op,2082,op,1.0000000000000002,0.0,0.0,0,0.0,1.0,2351,0.0,interaction.layer_03.cross.visual_to_text.qk_matmul,PASS_EXACT,43008
0,exhaustive,2867,exhaustive,1.0000000000000002,0.0,0.0,0,0.0,1.0,2352,0.0,interaction.layer_03.cross.visual_to_text.logits_raw,PASS_EXACT,43008
0,exhaustive,2868,exhaustive,1.0,0.0,0.0,0,0.0,1.0,2353,0.0,interaction.layer_03.cross.visual_to_text.global_max,PASS_EXACT,1
0,exhaustive,2869,exhaustive,0.9999999999999999,0.0,0.0,0,0.0,0.9999999999999999,2354,0.0,interaction.layer_03.cross.visual_to_text.logits_global_shifted,PASS_EXACT,43008
0,exhaustive,2870,exhaustive,0.9999999999999999,0.0,0.0,0,0.0,0.9999999999999999,2355,0.0,interaction.layer_03.cross.visual_to_text.logits_clamped,PASS_EXACT,43008
0,exhaustive,2091,exhaustive,0.9999999999999999,0.0,0.0,0,0.0,1.0,2356,0.0,interaction.layer_03.cross.text_to_visual.logits_transposed,PASS_EXACT,43008
0,exhaustive,2871,exhaustive,1.0000000000000002,0.0,0.0,0,0.0,0.9999999999999999,2357,0.0,interaction.layer_03.cross.text_to_visual.row_max,PASS_EXACT,84
0,exhaustive,2872,exhaustive,1.0000000000000002,0.0,0.0,0,0.0,1.0,2358,0.0,interaction.layer_03.cross.text_to_visual.logits_shifted,PASS_EXACT,43008
0,exhaustive,2873,exhaustive,1.0000000000000002,0.0,0.0,0,0.0,1.0,2359,0.0,interaction.layer_03.cross.text_to_visual.logits_clamped,PASS_EXACT,43008
0,exhaustive,2874,exhaustive,1.0,0.0,0.0,0,0.0,1.0,2360,0.0,interaction.layer_03.cross.text_to_visual.mask,PASS_EXACT,43008
0,op,2092,op,0.9999920477187311,0.0625,0.009173393249511719,0,0.0,0.9999585783612085,2361,0.014379614125030799,interaction.layer_03.cross.text_to_visual.masked_logits,PASS_TOLERANCE,43008
0,exhaustive,2880,exhaustive,1.0,0.0,0.0,0,0.0,1.0,2362,0.0,interaction.layer_03.cross.text_to_visual.softmax.max,PASS_EXACT,84
0,exhaustive,2881,exhaustive,1.0000000000000002,0.0,0.0,0,0.0,1.0,2363,0.0,interaction.layer_03.cross.text_to_visual.softmax.shifted,PASS_EXACT,43008
0,exhaustive,2882,exhaustive,1.0000000000000024,5.960464477539063e-08,2.085836942320557e-09,0,0.0,0.9999999999999936,2364,6.669656453748799e-09,interaction.layer_03.cross.text_to_visual.softmax.exp,PASS_TOLERANCE,43008
0,exhaustive,2883,exhaustive,0.9999999999998525,8.392333984375e-05,2.0844595772879465e-05,0,0.0,0.9999999999995227,2365,3.2110856982980425e-05,interaction.layer_03.cross.text_to_visual.softmax.sum,PASS_TOLERANCE,84
0,op,2093,op,1.0,0.0,0.0,0,0.0,1.0,2366,0.0,interaction.layer_03.cross.text_to_visual.softmax.probs,PASS_EXACT,43008
0,exhaustive,2875,exhaustive,0.9999999999999998,0.0,0.0,0,0.0,0.9999999999999998,2367,0.0,interaction.layer_03.cross.visual_to_text.mask,PASS_EXACT,84
0,op,2083,op,1.0000000000000002,0.0,0.0,0,0.0,1.0,2368,0.0,interaction.layer_03.cross.visual_to_text.masked_logits,PASS_EXACT,43008
0,exhaustive,2876,exhaustive,1.0,0.0,0.0,0,0.0,1.0000000000000002,2369,0.0,interaction.layer_03.cross.visual_to_text.softmax.max,PASS_EXACT,2048
0,exhaustive,2877,exhaustive,1.0,0.0,0.0,0,0.0,0.9999999999999998,2370,0.0,interaction.layer_03.cross.visual_to_text.softmax.shifted,PASS_EXACT,43008
0,exhaustive,2878,exhaustive,0.9999999999999973,5.960464477539063e-08,5.047392429939161e-09,0,0.0,1.000000000000004,2371,1.44941897012039e-08,interaction.layer_03.cross.visual_to_text.softmax.exp,PASS_TOLERANCE,43008
0,exhaustive,2879,exhaustive,0.9999999999999992,1.9073486328125e-06,2.0366860553622246e-07,0,0.0,0.9999999999999858,2372,3.463618580396116e-07,interaction.layer_03.cross.visual_to_text.softmax.sum,PASS_TOLERANCE,2048
0,op,2084,op,1.0000000000000002,0.0,0.0,0,0.0,1.0,2373,0.0,interaction.layer_03.cross.visual_to_text.softmax.probs,PASS_EXACT,43008
0,op,2085,op,1.0,0.0,0.0,0,0.0,0.9999999999999999,2374,0.0,interaction.layer_03.cross.visual_to_text.context_heads,PASS_EXACT,524288
0,op,2094,op,1.0,0.0,0.0,0,0.0,0.9999999999999999,2375,0.0,interaction.layer_03.cross.text_to_visual.context_heads,PASS_EXACT,21504
0,exhaustive,2086,exhaustive,0.9999999999999999,0.0,0.0,0,0.0,1.0000000000000002,2376,0.0,interaction.layer_03.cross.visual_to_text.context_transpose,PASS_EXACT,524288
0,op,2087,op,0.9999999999999999,0.0,0.0,0,0.0,1.0000000000000002,2377,0.0,interaction.layer_03.cross.visual_to_text.context_merged,PASS_EXACT,524288
0,exhaustive,2095,exhaustive,1.0,0.0,0.0,0,0.0,0.9999999999999999,2378,0.0,interaction.layer_03.cross.text_to_visual.context_transpose,PASS_EXACT,21504
0,op,2096,op,1.0,0.0,0.0,0,0.0,0.9999999999999999,2379,0.0,interaction.layer_03.cross.text_to_visual.context_merged,PASS_EXACT,21504
0,exhaustive,2088,exhaustive,0.999998627989793,0.015624523162841797,0.0017257271925643636,0,0.0,0.9999986257437162,2380,0.002512660906673336,interaction.layer_03.cross.visual_to_text.output.matmul,PASS_TOLERANCE,131072
0,exhaustive,2089,exhaustive,1.0,0.0,0.0,0,0.0,0.9999999999999998,2381,0.0,interaction.layer_03.cross.visual_to_text.output.bias_add,PASS_EXACT,131072
0,exhaustive,2097,exhaustive,0.9999984608409512,0.06827545166015625,0.008249215914734773,0,0.0,0.9999984590506509,2382,0.013530583002432536,interaction.layer_03.cross.text_to_visual.output.matmul,PASS_TOLERANCE,5376
0,exhaustive,2098,exhaustive,1.0,0.0,0.0,0,0.0,1.0,2383,0.0,interaction.layer_03.cross.text_to_visual.output.bias_add,PASS_EXACT,5376
0,layer,2090,layer,1.0,0.0,0.0,0,0.0,0.9999999999999998,2384,0.0,interaction.layer_03.cross.visual_to_text.output,PASS_EXACT,131072
0,layer,2099,layer,1.0,0.0,0.0,0,0.0,1.0,2385,0.0,interaction.layer_03.cross.text_to_visual.output,PASS_EXACT,5376
0,op,2100,op,1.0,0.0,0.0,0,0.0,1.0,2386,0.0,interaction.layer_03.visual.gamma,PASS_EXACT,256
0,op,2102,op,1.0,0.0,0.0,0,0.0,0.9999999999999998,2387,0.0,interaction.layer_03.visual.delta,PASS_EXACT,131072
0,exhaustive,2104,exhaustive,1.0000000000000002,0.0,0.0,0,0.0,1.0000000000000002,2388,0.0,interaction.layer_03.visual.scaled_delta,PASS_EXACT,131072
0,exhaustive,2106,exhaustive,1.0000000000000002,0.0,0.0,0,0.0,1.0000000000000002,2389,0.0,interaction.layer_03.visual.drop_path_output,PASS_EXACT,131072
0,op,2101,op,1.0,0.0,0.0,0,0.0,0.9999999999999999,2390,0.0,interaction.layer_03.text.gamma,PASS_EXACT,256
0,op,2103,op,1.0,0.0,0.0,0,0.0,1.0,2391,0.0,interaction.layer_03.text.delta,PASS_EXACT,5376
0,exhaustive,2105,exhaustive,1.0000000000000002,0.0,0.0,0,0.0,1.0000000000000002,2392,0.0,interaction.layer_03.text.scaled_delta,PASS_EXACT,5376
0,exhaustive,2107,exhaustive,1.0000000000000002,0.0,0.0,0,0.0,1.0000000000000002,2393,0.0,interaction.layer_03.text.drop_path_output,PASS_EXACT,5376
0,op,2108,op,1.0,0.0,0.0,0,0.0,0.9999999999999999,2394,0.0,interaction.layer_03.visual.residual_sum,PASS_EXACT,131072
0,op,2109,op,1.0,0.0,0.0,0,0.0,1.0000000000000002,2395,0.0,interaction.layer_03.text.residual_sum,PASS_EXACT,5376
0,layer,1297,layer,1.0,0.0,0.0,0,0.0,0.9999999999999999,2396,0.0,interaction.layer_03.visual.after_fusion,PASS_EXACT,131072
0,layer,2110,layer,1.0,0.0,0.0,0,0.0,1.0000000000000002,2397,0.0,interaction.layer_03.text.after_fusion,PASS_EXACT,5376
0,layer,2111,layer,1.0,0.0,0.0,0,0.0,1.0000000000000002,2398,0.0,interaction.layer_03.text_enhancer.input,PASS_EXACT,5376
0,op,1293,op,1.0000000000000002,0.0,0.0,0,0.0,1.0,2399,0.0,interaction.layer_03.text_enhancer.mask.original,PASS_EXACT,441
0,op,1294,op,1.0000000000000002,0.0,0.0,0,0.0,1.0,2400,0.0,interaction.layer_03.text_enhancer.mask.repeated,PASS_EXACT,1764
0,op,2112,op,1.0000000000000002,0.0,0.0,0,0.0,1.0000000000000002,2401,0.0,interaction.layer_03.text_enhancer.attn.q_linear,PASS_EXACT,5376
0,exhaustive,2115,exhaustive,1.0000000000000002,0.0,0.0,0,0.0,1.0000000000000002,2402,0.0,interaction.layer_03.text_enhancer.attn.q_heads,PASS_EXACT,5376
0,op,2113,op,0.9999999999999999,0.0,0.0,0,0.0,1.0000000000000002,2403,0.0,interaction.layer_03.text_enhancer.attn.k_linear,PASS_EXACT,5376
0,exhaustive,2116,exhaustive,0.9999999999999999,0.0,0.0,0,0.0,1.0,2404,0.0,interaction.layer_03.text_enhancer.attn.k_heads,PASS_EXACT,5376
0,op,2114,op,0.9999999999999999,0.0,0.0,0,0.0,1.0000000000000002,2405,0.0,interaction.layer_03.text_enhancer.attn.v_linear,PASS_EXACT,5376
0,exhaustive,2117,exhaustive,0.9999999999999999,0.0,0.0,0,0.0,0.9999999999999999,2406,0.0,interaction.layer_03.text_enhancer.attn.v_heads,PASS_EXACT,5376
0,op,2118,op,1.0,0.0,0.0,0,0.0,1.0,2407,0.0,interaction.layer_03.text_enhancer.attn.logits,PASS_EXACT,1764
0,op,2119,op,1.0,0.0,0.0,0,0.0,0.9999999999999999,2408,0.0,interaction.layer_03.text_enhancer.attn.masked_logits,PASS_EXACT,1764
0,exhaustive,2780,exhaustive,1.0,0.0,0.0,0,0.0,1.0000000000000002,2409,0.0,interaction.layer_03.text_enhancer.attn.softmax.max,PASS_EXACT,84
0,exhaustive,2781,exhaustive,1.0000000000000002,0.0,0.0,0,0.0,1.0,2410,0.0,interaction.layer_03.text_enhancer.attn.softmax.shifted,PASS_EXACT,1764
0,exhaustive,2782,exhaustive,0.9999999999999994,5.960464477539063e-08,5.2627116914779424e-09,0,0.0,0.999999999999994,2411,1.7077875345319142e-08,interaction.layer_03.text_enhancer.attn.softmax.exp,PASS_TOLERANCE,1764
0,exhaustive,2783,exhaustive,0.999999999999997,9.5367431640625e-07,2.8950827462332587e-07,0,0.0,0.9999999999999916,2412,5.124084879737471e-07,interaction.layer_03.text_enhancer.attn.softmax.sum,PASS_TOLERANCE,84
0,op,2120,op,1.0,0.0,0.0,0,0.0,0.9999999999999998,2413,0.0,interaction.layer_03.text_enhancer.attn.softmax.probs,PASS_EXACT,1764
0,op,2121,op,1.0000000000000002,0.0,0.0,0,0.0,1.0000000000000002,2414,0.0,interaction.layer_03.text_enhancer.attn.context_heads,PASS_EXACT,5376
0,op,2122,op,1.0000000000000002,0.0,0.0,0,0.0,0.9999999999999999,2415,0.0,interaction.layer_03.text_enhancer.attn.context_merged,PASS_EXACT,5376
0,op,2123,op,0.9999999999999999,0.0,0.0,0,0.0,1.0,2416,0.0,interaction.layer_03.text_enhancer.attn.output_projection,PASS_EXACT,5376
0,exhaustive,2124,exhaustive,1.0,0.0,0.0,0,0.0,1.0000000000000002,2417,0.0,interaction.layer_03.text_enhancer.residual_1.left,PASS_EXACT,5376
0,exhaustive,2125,exhaustive,0.9999999999999999,0.0,0.0,0,0.0,1.0,2418,0.0,interaction.layer_03.text_enhancer.residual_1.right,PASS_EXACT,5376
0,op,2126,op,0.9999986221723802,0.0078125,0.00029546097807940983,0,0.0,0.9999986222651096,2419,0.0006292846757826082,interaction.layer_03.text_enhancer.residual_1.sum,PASS_TOLERANCE,5376
0,exhaustive,2127,exhaustive,0.9999986221723802,0.0078125,0.00029546097807940983,0,0.0,0.9999986222651096,2420,0.0006292846757826082,interaction.layer_03.text_enhancer.norm_1.input,PASS_TOLERANCE,5376
0,exhaustive,2636,exhaustive,0.99998355962384,0.0001220703125,2.6884533110119047e-05,0,0.0,0.9999495708246409,2421,4.2511284168962965e-05,interaction.layer_03.text_enhancer.norm_1.mean,PASS_TOLERANCE,21
0,exhaustive,2637,exhaustive,0.9999977099201679,0.0009765625,9.300595238095238e-05,0,0.0,0.9995764935173037,2422,0.00030137373039471077,interaction.layer_03.text_enhancer.norm_1.variance,PASS_TOLERANCE,21
0,exhaustive,2638,exhaustive,0.9999992312727285,0.015625,0.000744047619047619,0,0.0,0.9994746613874843,2423,0.0034096545349373807,interaction.layer_03.text_enhancer.norm_1.inv_std,PASS_TOLERANCE,21
0,exhaustive,2639,exhaustive,0.9999965209565125,0.0625,0.0009625210382399105,0,0.0,0.9999965278193863,2424,0.0026407940247466983,interaction.layer_03.text_enhancer.norm_1.normalized,PASS_TOLERANCE,5376
0,exhaustive,2128,exhaustive,1.0000000000000002,0.0,0.0,0,0.0,1.0,2425,0.0,interaction.layer_03.text_enhancer.norm_1.output,PASS_EXACT,5376
0,exhaustive,2129,exhaustive,0.9999985826921481,0.015610218048095703,0.0029070591992335507,0,0.0,0.9999958312173888,2426,0.00398400529067045,interaction.layer_03.text_enhancer.ffn.linear_1.matmul,PASS_TOLERANCE,21504
0,exhaustive,2130,exhaustive,0.9999999999999999,0.0,0.0,0,0.0,1.0,2427,0.0,interaction.layer_03.text_enhancer.ffn.linear_1.bias_add,PASS_EXACT,21504
0,exhaustive,2131,exhaustive,0.9999999999999999,0.0,0.0,0,0.0,1.0,2428,0.0,interaction.layer_03.text_enhancer.ffn.activation.input,PASS_EXACT,21504
0,op,2132,op,1.0000000000000002,0.0,0.0,0,0.0,1.0,2429,0.0,interaction.layer_03.text_enhancer.ffn.activation.output,PASS_EXACT,21504
0,exhaustive,2133,exhaustive,0.9999985275433213,0.11483383178710938,0.001120201226079925,0,0.0,0.9999985273692704,2430,0.004158240647807534,interaction.layer_03.text_enhancer.ffn.linear_2.matmul,PASS_TOLERANCE,5376
0,exhaustive,2134,exhaustive,1.0000000000000002,0.0,0.0,0,0.0,1.0000000000000002,2431,0.0,interaction.layer_03.text_enhancer.ffn.linear_2.bias_add,PASS_EXACT,5376
0,exhaustive,2135,exhaustive,1.0000000000000002,0.0,0.0,0,0.0,1.0,2432,0.0,interaction.layer_03.text_enhancer.residual_2.left,PASS_EXACT,5376
0,exhaustive,2136,exhaustive,1.0000000000000002,0.0,0.0,0,0.0,1.0000000000000002,2433,0.0,interaction.layer_03.text_enhancer.residual_2.right,PASS_EXACT,5376
0,op,2137,op,0.999998638337103,0.25,0.0014156192275030272,0,0.0,0.9999986377521571,2434,0.005802473338749853,interaction.layer_03.text_enhancer.residual_2.sum,PASS_TOLERANCE,5376
0,exhaustive,2138,exhaustive,0.999998638337103,0.25,0.0014156192275030272,0,0.0,0.9999986377521571,2435,0.005802473338749853,interaction.layer_03.text_enhancer.norm_2.input,PASS_TOLERANCE,5376
0,exhaustive,2640,exhaustive,0.9999867861397276,0.0009765625,0.00023251488095238094,0,0.0,0.9996112793902339,2436,0.00039867997115611623,interaction.layer_03.text_enhancer.norm_2.mean,PASS_TOLERANCE,21
0,exhaustive,2641,exhaustive,0.9999963118237248,0.125,0.01636904761904762,0,0.0,0.9999679814363136,2437,0.03917394815800054,interaction.layer_03.text_enhancer.norm_2.variance,PASS_TOLERANCE,21
0,exhaustive,2642,exhaustive,0.9999980572850328,0.001953125,0.00023251488095238094,0,0.0,0.9999344185771017,2438,0.0006393102253007589,interaction.layer_03.text_enhancer.norm_2.inv_std,PASS_TOLERANCE,21
0,exhaustive,2643,exhaustive,0.9999984631839829,0.0625,0.0005561947556478637,0,0.0,0.9999984634421648,2439,0.0017532060973302968,interaction.layer_03.text_enhancer.norm_2.normalized,PASS_TOLERANCE,5376
0,exhaustive,2139,exhaustive,1.0000000000000002,0.0,0.0,0,0.0,0.9999999999999998,2440,0.0,interaction.layer_03.text_enhancer.norm_2.output,PASS_EXACT,5376
0,layer,1298,layer,1.0000000000000002,0.0,0.0,0,0.0,0.9999999999999998,2441,0.0,interaction.layer_03.text_enhancer.output,PASS_EXACT,5376
0,boundary,1301,boundary,1.0,0.0,0.0,0,0.0,0.9999999999999999,2442,0.0,interaction.layer_04.visual.input,PASS_EXACT,131072
0,boundary,1302,boundary,1.0000000000000002,0.0,0.0,0,0.0,0.9999999999999998,2443,0.0,interaction.layer_04.text.input,PASS_EXACT,5376
0,op,2140,op,1.0,0.0,0.0,0,0.0,0.9999999999999999,2444,0.0,interaction.layer_04.visual.residual_source,PASS_EXACT,131072
0,op,2141,op,1.0000000000000002,0.0,0.0,0,0.0,0.9999999999999998,2445,0.0,interaction.layer_04.text.residual_source,PASS_EXACT,5376
0,exhaustive,2142,exhaustive,1.0,0.0,0.0,0,0.0,0.9999999999999999,2446,0.0,interaction.layer_04.visual.norm.input,PASS_EXACT,131072
0,exhaustive,2644,exhaustive,0.9999999999999998,0.0,0.0,0,0.0,0.9999999999999999,2447,0.0,interaction.layer_04.visual.norm.mean,PASS_EXACT,512
0,exhaustive,2645,exhaustive,1.0000000000000002,0.0,0.0,0,0.0,1.0000000000000002,2448,0.0,interaction.layer_04.visual.norm.variance,PASS_EXACT,512
0,exhaustive,2646,exhaustive,1.0000000000000002,0.0,0.0,0,0.0,1.0,2449,0.0,interaction.layer_04.visual.norm.inv_std,PASS_EXACT,512
0,exhaustive,2647,exhaustive,1.0,0.0,0.0,0,0.0,1.0000000000000002,2450,0.0,interaction.layer_04.visual.norm.normalized,PASS_EXACT,131072
0,exhaustive,2144,exhaustive,1.0,0.0,0.0,0,0.0,1.0,2451,0.0,interaction.layer_04.visual.norm.output,PASS_EXACT,131072
0,exhaustive,2143,exhaustive,1.0000000000000002,0.0,0.0,0,0.0,0.9999999999999998,2452,0.0,interaction.layer_04.text.norm.input,PASS_EXACT,5376
0,exhaustive,2648,exhaustive,1.0,0.0,0.0,0,0.0,1.0000000000000002,2453,0.0,interaction.layer_04.text.norm.mean,PASS_EXACT,21
0,exhaustive,2649,exhaustive,1.0000000000000002,0.0,0.0,0,0.0,0.9999999999999998,2454,0.0,interaction.layer_04.text.norm.variance,PASS_EXACT,21
0,exhaustive,2650,exhaustive,0.9999999999999999,0.0,0.0,0,0.0,1.0000000000000002,2455,0.0,interaction.layer_04.text.norm.inv_std,PASS_EXACT,21
0,exhaustive,2651,exhaustive,1.0000000000000002,0.0,0.0,0,0.0,1.0,2456,0.0,interaction.layer_04.text.norm.normalized,PASS_EXACT,5376
0,exhaustive,2145,exhaustive,1.0,0.0,0.0,0,0.0,1.0000000000000002,2457,0.0,interaction.layer_04.text.norm.output,PASS_EXACT,5376
0,exhaustive,2150,exhaustive,0.9999986219987435,0.015619277954101562,0.0015884991389576442,0,0.0,0.9999986207831338,2458,0.0023454967852337702,interaction.layer_04.cross.q_visual.matmul,PASS_TOLERANCE,524288
0,exhaustive,2146,exhaustive,1.0,0.0,0.0,0,0.0,0.9999999999999998,2459,0.0,interaction.layer_04.cross.q_visual.bias_add,PASS_EXACT,524288
0,exhaustive,2151,exhaustive,0.9999986233333081,0.0038896799087524414,0.0004488538661462371,0,0.0,0.9999986229098218,2460,0.0006779953199888663,interaction.layer_04.cross.k_text.matmul,PASS_TOLERANCE,21504
0,exhaustive,2147,exhaustive,1.0,0.0,0.0,0,0.0,1.0000000000000002,2461,0.0,interaction.layer_04.cross.k_text.bias_add,PASS_EXACT,21504
0,exhaustive,2152,exhaustive,0.9999986422399587,0.015624046325683594,0.0017952725687671034,0,0.0,0.9999986415218227,2462,0.002664202600127803,interaction.layer_04.cross.v_visual.matmul,PASS_TOLERANCE,524288
0,exhaustive,2148,exhaustive,1.0,0.0,0.0,0,0.0,1.0000000000000002,2463,0.0,interaction.layer_04.cross.v_visual.bias_add,PASS_EXACT,524288
0,exhaustive,2153,exhaustive,0.9999985197474491,0.0038003921508789062,0.0002964182082602444,0,0.0,0.999998520655629,2464,0.00046399482461158167,interaction.layer_04.cross.v_text.matmul,PASS_TOLERANCE,21504
0,exhaustive,2149,exhaustive,1.0,0.0,0.0,0,0.0,1.0000000000000002,2465,0.0,interaction.layer_04.cross.v_text.bias_add,PASS_EXACT,21504
0,exhaustive,2154,exhaustive,1.0,0.0,0.0,0,0.0,0.9999999999999998,2466,0.0,interaction.layer_04.cross.q_visual.reshape,PASS_EXACT,524288
0,exhaustive,2158,exhaustive,1.0000000000000002,0.0,0.0,0,0.0,0.9999999999999998,2467,0.0,interaction.layer_04.cross.q_visual.transpose,PASS_EXACT,524288
0,exhaustive,2155,exhaustive,1.0,0.0,0.0,0,0.0,1.0000000000000002,2468,0.0,interaction.layer_04.cross.k_text.reshape,PASS_EXACT,21504
0,exhaustive,2159,exhaustive,1.0,0.0,0.0,0,0.0,1.0000000000000002,2469,0.0,interaction.layer_04.cross.k_text.transpose,PASS_EXACT,21504
0,exhaustive,2156,exhaustive,1.0,0.0,0.0,0,0.0,1.0000000000000002,2470,0.0,interaction.layer_04.cross.v_visual.reshape,PASS_EXACT,524288
0,exhaustive,2160,exhaustive,1.0,0.0,0.0,0,0.0,1.0,2471,0.0,interaction.layer_04.cross.v_visual.transpose,PASS_EXACT,524288
0,exhaustive,2157,exhaustive,1.0,0.0,0.0,0,0.0,1.0000000000000002,2472,0.0,interaction.layer_04.cross.v_text.reshape,PASS_EXACT,21504
0,exhaustive,2161,exhaustive,1.0,0.0,0.0,0,0.0,1.0,2473,0.0,interaction.layer_04.cross.v_text.transpose,PASS_EXACT,21504
0,op,2162,op,1.0000000000000002,0.0,0.0,0,0.0,1.0,2474,0.0,interaction.layer_04.cross.visual_to_text.qk_matmul,PASS_EXACT,43008
0,exhaustive,2884,exhaustive,1.0000000000000002,0.0,0.0,0,0.0,1.0,2475,0.0,interaction.layer_04.cross.visual_to_text.logits_raw,PASS_EXACT,43008
0,exhaustive,2885,exhaustive,1.0,0.0,0.0,0,0.0,1.0,2476,0.0,interaction.layer_04.cross.visual_to_text.global_max,PASS_EXACT,1
0,exhaustive,2886,exhaustive,1.0,0.0,0.0,0,0.0,0.9999999999999999,2477,0.0,interaction.layer_04.cross.visual_to_text.logits_global_shifted,PASS_EXACT,43008
0,exhaustive,2887,exhaustive,1.0,0.0,0.0,0,0.0,0.9999999999999999,2478,0.0,interaction.layer_04.cross.visual_to_text.logits_clamped,PASS_EXACT,43008
0,exhaustive,2171,exhaustive,1.0,0.0,0.0,0,0.0,1.0000000000000002,2479,0.0,interaction.layer_04.cross.text_to_visual.logits_transposed,PASS_EXACT,43008
0,exhaustive,2888,exhaustive,1.0000000000000002,0.0,0.0,0,0.0,1.0,2480,0.0,interaction.layer_04.cross.text_to_visual.row_max,PASS_EXACT,84
0,exhaustive,2889,exhaustive,1.0,0.0,0.0,0,0.0,1.0000000000000002,2481,0.0,interaction.layer_04.cross.text_to_visual.logits_shifted,PASS_EXACT,43008
0,exhaustive,2890,exhaustive,1.0,0.0,0.0,0,0.0,1.0000000000000002,2482,0.0,interaction.layer_04.cross.text_to_visual.logits_clamped,PASS_EXACT,43008
0,exhaustive,2891,exhaustive,1.0,0.0,0.0,0,0.0,1.0,2483,0.0,interaction.layer_04.cross.text_to_visual.mask,PASS_EXACT,43008
0,op,2172,op,0.9999950135302952,0.0625,0.006800651550292969,0,0.0,0.9999718408844616,2484,0.013964280108529813,interaction.layer_04.cross.text_to_visual.masked_logits,PASS_TOLERANCE,43008
0,exhaustive,2897,exhaustive,1.0,0.0,0.0,0,0.0,1.0,2485,0.0,interaction.layer_04.cross.text_to_visual.softmax.max,PASS_EXACT,84
0,exhaustive,2898,exhaustive,1.0,0.0,0.0,0,0.0,1.0000000000000002,2486,0.0,interaction.layer_04.cross.text_to_visual.softmax.shifted,PASS_EXACT,43008
0,exhaustive,2899,exhaustive,1.000000000000002,5.960464477539063e-08,1.4129737803072896e-09,0,0.0,1.0000000000000022,2487,5.011084252053995e-09,interaction.layer_04.cross.text_to_visual.softmax.exp,PASS_TOLERANCE,43008
0,exhaustive,2900,exhaustive,0.9999999999999412,4.1961669921875e-05,9.468623570033482e-06,0,0.0,0.9999999999996363,2488,1.189592554905739e-05,interaction.layer_04.cross.text_to_visual.softmax.sum,PASS_TOLERANCE,84
0,op,2173,op,1.0,0.0,0.0,0,0.0,1.0,2489,0.0,interaction.layer_04.cross.text_to_visual.softmax.probs,PASS_EXACT,43008
0,exhaustive,2892,exhaustive,0.9999999999999998,0.0,0.0,0,0.0,0.9999999999999998,2490,0.0,interaction.layer_04.cross.visual_to_text.mask,PASS_EXACT,84
0,op,2163,op,1.0000000000000002,0.0,0.0,0,0.0,0.9999999999999999,2491,0.0,interaction.layer_04.cross.visual_to_text.masked_logits,PASS_EXACT,43008
0,exhaustive,2893,exhaustive,1.0000000000000002,0.0,0.0,0,0.0,0.9999999999999999,2492,0.0,interaction.layer_04.cross.visual_to_text.softmax.max,PASS_EXACT,2048
0,exhaustive,2894,exhaustive,1.0000000000000002,0.0,0.0,0,0.0,1.0,2493,0.0,interaction.layer_04.cross.visual_to_text.softmax.shifted,PASS_EXACT,43008
0,exhaustive,2895,exhaustive,0.9999999999999925,5.960464477539063e-08,7.468835454866557e-09,0,0.0,0.9999999999999549,2494,1.8563691862727628e-08,interaction.layer_04.cross.visual_to_text.softmax.exp,PASS_TOLERANCE,43008
0,exhaustive,2896,exhaustive,0.9999999999999997,1.9073486328125e-06,2.869637683033943e-07,0,0.0,0.999999999999953,2495,4.47127958373635e-07,interaction.layer_04.cross.visual_to_text.softmax.sum,PASS_TOLERANCE,2048
0,op,2164,op,0.9999999999999999,0.0,0.0,0,0.0,1.0,2496,0.0,interaction.layer_04.cross.visual_to_text.softmax.probs,PASS_EXACT,43008
0,op,2165,op,1.0000000000000002,0.0,0.0,0,0.0,1.0,2497,0.0,interaction.layer_04.cross.visual_to_text.context_heads,PASS_EXACT,524288
0,op,2174,op,1.0000000000000002,0.0,0.0,0,0.0,1.0,2498,0.0,interaction.layer_04.cross.text_to_visual.context_heads,PASS_EXACT,21504
0,exhaustive,2166,exhaustive,1.0000000000000002,0.0,0.0,0,0.0,1.0,2499,0.0,interaction.layer_04.cross.visual_to_text.context_transpose,PASS_EXACT,524288
0,op,2167,op,1.0000000000000002,0.0,0.0,0,0.0,1.0,2500,0.0,interaction.layer_04.cross.visual_to_text.context_merged,PASS_EXACT,524288
0,exhaustive,2175,exhaustive,1.0000000000000002,0.0,0.0,0,0.0,1.0,2501,0.0,interaction.layer_04.cross.text_to_visual.context_transpose,PASS_EXACT,21504
0,op,2176,op,1.0000000000000002,0.0,0.0,0,0.0,1.0,2502,0.0,interaction.layer_04.cross.text_to_visual.context_merged,PASS_EXACT,21504
0,exhaustive,2168,exhaustive,0.9999986609317202,0.007811546325683594,0.0013055335113634214,0,0.0,0.9999986607365564,2503,0.0019582173632536983,interaction.layer_04.cross.visual_to_text.output.matmul,PASS_TOLERANCE,131072
0,exhaustive,2169,exhaustive,1.0,0.0,0.0,0,0.0,0.9999999999999999,2504,0.0,interaction.layer_04.cross.visual_to_text.output.bias_add,PASS_EXACT,131072
0,exhaustive,2177,exhaustive,0.9999984571268395,0.1248931884765625,0.0154121349817918,0,0.0,0.9999984542933202,2505,0.023857142495054363,interaction.layer_04.cross.text_to_visual.output.matmul,PASS_TOLERANCE,5376
0,exhaustive,2178,exhaustive,1.0000000000000002,0.0,0.0,0,0.0,1.0000000000000002,2506,0.0,interaction.layer_04.cross.text_to_visual.output.bias_add,PASS_EXACT,5376
0,layer,2170,layer,1.0,0.0,0.0,0,0.0,0.9999999999999999,2507,0.0,interaction.layer_04.cross.visual_to_text.output,PASS_EXACT,131072
0,layer,2179,layer,1.0000000000000002,0.0,0.0,0,0.0,1.0000000000000002,2508,0.0,interaction.layer_04.cross.text_to_visual.output,PASS_EXACT,5376
0,op,2180,op,1.0,0.0,0.0,0,0.0,1.0000000000000002,2509,0.0,interaction.layer_04.visual.gamma,PASS_EXACT,256
0,op,2182,op,1.0,0.0,0.0,0,0.0,0.9999999999999999,2510,0.0,interaction.layer_04.visual.delta,PASS_EXACT,131072
0,exhaustive,2184,exhaustive,1.0,0.0,0.0,0,0.0,0.9999999999999999,2511,0.0,interaction.layer_04.visual.scaled_delta,PASS_EXACT,131072
0,exhaustive,2186,exhaustive,1.0,0.0,0.0,0,0.0,0.9999999999999999,2512,0.0,interaction.layer_04.visual.drop_path_output,PASS_EXACT,131072
0,op,2181,op,1.0000000000000002,0.0,0.0,0,0.0,1.0,2513,0.0,interaction.layer_04.text.gamma,PASS_EXACT,256
0,op,2183,op,1.0000000000000002,0.0,0.0,0,0.0,1.0000000000000002,2514,0.0,interaction.layer_04.text.delta,PASS_EXACT,5376
0,exhaustive,2185,exhaustive,1.0,0.0,0.0,0,0.0,0.9999999999999999,2515,0.0,interaction.layer_04.text.scaled_delta,PASS_EXACT,5376
0,exhaustive,2187,exhaustive,1.0,0.0,0.0,0,0.0,0.9999999999999999,2516,0.0,interaction.layer_04.text.drop_path_output,PASS_EXACT,5376
0,op,2188,op,0.9999999999999999,0.0,0.0,0,0.0,1.0,2517,0.0,interaction.layer_04.visual.residual_sum,PASS_EXACT,131072
0,op,2189,op,1.0000000000000002,0.0,0.0,0,0.0,1.0,2518,0.0,interaction.layer_04.text.residual_sum,PASS_EXACT,5376
0,layer,1303,layer,0.9999999999999999,0.0,0.0,0,0.0,1.0,2519,0.0,interaction.layer_04.visual.after_fusion,PASS_EXACT,131072
0,layer,2190,layer,1.0000000000000002,0.0,0.0,0,0.0,1.0,2520,0.0,interaction.layer_04.text.after_fusion,PASS_EXACT,5376
0,layer,2191,layer,1.0000000000000002,0.0,0.0,0,0.0,1.0,2521,0.0,interaction.layer_04.text_enhancer.input,PASS_EXACT,5376
0,op,1299,op,1.0000000000000002,0.0,0.0,0,0.0,1.0,2522,0.0,interaction.layer_04.text_enhancer.mask.original,PASS_EXACT,441
0,op,1300,op,1.0000000000000002,0.0,0.0,0,0.0,1.0,2523,0.0,interaction.layer_04.text_enhancer.mask.repeated,PASS_EXACT,1764
0,op,2192,op,1.0,0.0,0.0,0,0.0,0.9999999999999998,2524,0.0,interaction.layer_04.text_enhancer.attn.q_linear,PASS_EXACT,5376
0,exhaustive,2195,exhaustive,1.0,0.0,0.0,0,0.0,0.9999999999999998,2525,0.0,interaction.layer_04.text_enhancer.attn.q_heads,PASS_EXACT,5376
0,op,2193,op,1.0000000000000002,0.0,0.0,0,0.0,1.0000000000000002,2526,0.0,interaction.layer_04.text_enhancer.attn.k_linear,PASS_EXACT,5376
0,exhaustive,2196,exhaustive,1.0000000000000002,0.0,0.0,0,0.0,1.0,2527,0.0,interaction.layer_04.text_enhancer.attn.k_heads,PASS_EXACT,5376
0,op,2194,op,1.0000000000000002,0.0,0.0,0,0.0,1.0,2528,0.0,interaction.layer_04.text_enhancer.attn.v_linear,PASS_EXACT,5376
0,exhaustive,2197,exhaustive,1.0000000000000002,0.0,0.0,0,0.0,1.0,2529,0.0,interaction.layer_04.text_enhancer.attn.v_heads,PASS_EXACT,5376
0,op,2198,op,1.0,0.0,0.0,0,0.0,1.0,2530,0.0,interaction.layer_04.text_enhancer.attn.logits,PASS_EXACT,1764
0,op,2199,op,1.0,0.0,0.0,0,0.0,1.0000000000000002,2531,0.0,interaction.layer_04.text_enhancer.attn.masked_logits,PASS_EXACT,1764
0,exhaustive,2784,exhaustive,1.0000000000000002,0.0,0.0,0,0.0,1.0,2532,0.0,interaction.layer_04.text_enhancer.attn.softmax.max,PASS_EXACT,84
0,exhaustive,2785,exhaustive,1.0,0.0,0.0,0,0.0,1.0000000000000002,2533,0.0,interaction.layer_04.text_enhancer.attn.softmax.shifted,PASS_EXACT,1764
0,exhaustive,2786,exhaustive,0.9999999999999999,5.960464477539063e-08,4.308158848561397e-09,0,0.0,0.9999999999999979,2534,1.591419995682992e-08,interaction.layer_04.text_enhancer.attn.softmax.exp,PASS_TOLERANCE,1764
0,exhaustive,2787,exhaustive,0.9999999999999973,1.9073486328125e-06,2.7815500895182293e-07,0,0.0,0.9999999999999919,2535,5.530567150487718e-07,interaction.layer_04.text_enhancer.attn.softmax.sum,PASS_TOLERANCE,84
0,op,2200,op,1.0,0.0,0.0,0,0.0,1.0000000000000002,2536,0.0,interaction.layer_04.text_enhancer.attn.softmax.probs,PASS_EXACT,1764
0,op,2201,op,1.0,0.0,0.0,0,0.0,1.0,2537,0.0,interaction.layer_04.text_enhancer.attn.context_heads,PASS_EXACT,5376
0,op,2202,op,1.0,0.0,0.0,0,0.0,0.9999999999999999,2538,0.0,interaction.layer_04.text_enhancer.attn.context_merged,PASS_EXACT,5376
0,op,2203,op,0.9999999999999999,0.0,0.0,0,0.0,0.9999999999999999,2539,0.0,interaction.layer_04.text_enhancer.attn.output_projection,PASS_EXACT,5376
0,exhaustive,2204,exhaustive,1.0000000000000002,0.0,0.0,0,0.0,1.0,2540,0.0,interaction.layer_04.text_enhancer.residual_1.left,PASS_EXACT,5376
0,exhaustive,2205,exhaustive,0.9999999999999999,0.0,0.0,0,0.0,0.9999999999999999,2541,0.0,interaction.layer_04.text_enhancer.residual_1.right,PASS_EXACT,5376
0,op,2206,op,0.9999974614561649,0.03125,0.0009533599728629703,0,0.0,0.9999974590170619,2542,0.0021478588220175407,interaction.layer_04.text_enhancer.residual_1.sum,PASS_TOLERANCE,5376
0,exhaustive,2207,exhaustive,0.9999974614561649,0.03125,0.0009533599728629703,0,0.0,0.9999974590170619,2543,0.0021478588220175407,interaction.layer_04.text_enhancer.norm_1.input,PASS_TOLERANCE,5376
0,exhaustive,2652,exhaustive,0.9999907436353063,0.000244140625,8.719308035714286e-05,0,0.0,0.9995679633581628,2544,0.00013318963027099143,interaction.layer_04.text_enhancer.norm_1.mean,PASS_TOLERANCE,21
0,exhaustive,2653,exhaustive,0.9999947541510519,0.00390625,0.002232142857142857,0,0.0,0.9995684517826767,2545,0.0029528474453845875,interaction.layer_04.text_enhancer.norm_1.variance,PASS_TOLERANCE,21
0,exhaustive,2654,exhaustive,0.9999976591949004,0.0078125,0.000744047619047619,0,0.0,0.9972757661344405,2546,0.002410989843157686,interaction.layer_04.text_enhancer.norm_1.inv_std,PASS_TOLERANCE,21
0,exhaustive,2655,exhaustive,0.9999913936812393,0.0625,0.001506021689800989,0,0.0,0.9999913946040532,2547,0.004249484341834673,interaction.layer_04.text_enhancer.norm_1.normalized,PASS_TOLERANCE,5376
0,exhaustive,2208,exhaustive,1.0,0.0,0.0,0,0.0,0.9999999999999998,2548,0.0,interaction.layer_04.text_enhancer.norm_1.output,PASS_EXACT,5376
0,exhaustive,2209,exhaustive,0.9999986243257256,0.02779865264892578,0.002682012733116391,0,0.0,0.9999970644821321,2549,0.003799051183511504,interaction.layer_04.text_enhancer.ffn.linear_1.matmul,PASS_TOLERANCE,21504
0,exhaustive,2210,exhaustive,1.0000000000000002,0.0,0.0,0,0.0,1.0000000000000002,2550,0.0,interaction.layer_04.text_enhancer.ffn.linear_1.bias_add,PASS_EXACT,21504
0,exhaustive,2211,exhaustive,1.0000000000000002,0.0,0.0,0,0.0,1.0000000000000002,2551,0.0,interaction.layer_04.text_enhancer.ffn.activation.input,PASS_EXACT,21504
0,op,2212,op,1.0,0.0,0.0,0,0.0,1.0,2552,0.0,interaction.layer_04.text_enhancer.ffn.activation.output,PASS_EXACT,21504
0,exhaustive,2213,exhaustive,0.9999984190782452,0.1158294677734375,0.0020690552850109747,0,0.0,0.9999984161861956,2553,0.0052878477232334055,interaction.layer_04.text_enhancer.ffn.linear_2.matmul,PASS_TOLERANCE,5376
0,exhaustive,2214,exhaustive,1.0,0.0,0.0,0,0.0,1.0,2554,0.0,interaction.layer_04.text_enhancer.ffn.linear_2.bias_add,PASS_EXACT,5376
0,exhaustive,2215,exhaustive,1.0,0.0,0.0,0,0.0,0.9999999999999998,2555,0.0,interaction.layer_04.text_enhancer.residual_2.left,PASS_EXACT,5376
0,exhaustive,2216,exhaustive,1.0,0.0,0.0,0,0.0,1.0,2556,0.0,interaction.layer_04.text_enhancer.residual_2.right,PASS_EXACT,5376
0,op,2217,op,0.999998540037459,0.125,0.0023483612707683016,0,0.0,0.9999985365561758,2557,0.006704539951812744,interaction.layer_04.text_enhancer.residual_2.sum,PASS_TOLERANCE,5376
0,exhaustive,2218,exhaustive,0.999998540037459,0.125,0.0023483612707683016,0,0.0,0.9999985365561758,2558,0.006704539951812744,interaction.layer_04.text_enhancer.norm_2.input,PASS_TOLERANCE,5376
0,exhaustive,2656,exhaustive,0.999993781755156,0.0009765625,0.0005580357142857143,0,0.0,0.9990449831755823,2559,0.0007382118613461469,interaction.layer_04.text_enhancer.norm_2.mean,PASS_TOLERANCE,21
0,exhaustive,2657,exhaustive,0.9999938665906529,0.125,0.03869047619047619,0,0.0,0.9986472085048915,2560,0.06540851480903545,interaction.layer_04.text_enhancer.norm_2.variance,PASS_TOLERANCE,21
0,exhaustive,2658,exhaustive,0.9999984546705465,0.001953125,0.00013950892857142856,0,0.0,0.9988395574887801,2561,0.000476513707494401,interaction.layer_04.text_enhancer.norm_2.inv_std,PASS_TOLERANCE,21
0,exhaustive,2659,exhaustive,0.999996815266117,0.0625,0.0007807456311725435,0,0.0,0.9999968204695546,2562,0.0026704279200439785,interaction.layer_04.text_enhancer.norm_2.normalized,PASS_TOLERANCE,5376
0,exhaustive,2219,exhaustive,1.0000000000000002,0.0,0.0,0,0.0,1.0000000000000002,2563,0.0,interaction.layer_04.text_enhancer.norm_2.output,PASS_EXACT,5376
0,layer,1304,layer,1.0000000000000002,0.0,0.0,0,0.0,1.0000000000000002,2564,0.0,interaction.layer_04.text_enhancer.output,PASS_EXACT,5376
0,boundary,1307,boundary,0.9999999999999999,0.0,0.0,0,0.0,1.0,2565,0.0,interaction.layer_05.visual.input,PASS_EXACT,131072
0,boundary,1308,boundary,1.0000000000000002,0.0,0.0,0,0.0,1.0000000000000002,2566,0.0,interaction.layer_05.text.input,PASS_EXACT,5376
0,op,2220,op,0.9999999999999999,0.0,0.0,0,0.0,1.0,2567,0.0,interaction.layer_05.visual.residual_source,PASS_EXACT,131072
0,op,2221,op,1.0000000000000002,0.0,0.0,0,0.0,1.0000000000000002,2568,0.0,interaction.layer_05.text.residual_source,PASS_EXACT,5376
0,exhaustive,2222,exhaustive,0.9999999999999999,0.0,0.0,0,0.0,1.0,2569,0.0,interaction.layer_05.visual.norm.input,PASS_EXACT,131072
0,exhaustive,2660,exhaustive,1.0,0.0,0.0,0,0.0,1.0,2570,0.0,interaction.layer_05.visual.norm.mean,PASS_EXACT,512
0,exhaustive,2661,exhaustive,1.0,0.0,0.0,0,0.0,1.0000000000000002,2571,0.0,interaction.layer_05.visual.norm.variance,PASS_EXACT,512
0,exhaustive,2662,exhaustive,0.9999999999999998,0.0,0.0,0,0.0,1.0000000000000002,2572,0.0,interaction.layer_05.visual.norm.inv_std,PASS_EXACT,512
0,exhaustive,2663,exhaustive,1.0,0.0,0.0,0,0.0,1.0000000000000002,2573,0.0,interaction.layer_05.visual.norm.normalized,PASS_EXACT,131072
0,exhaustive,2224,exhaustive,1.0,0.0,0.0,0,0.0,1.0,2574,0.0,interaction.layer_05.visual.norm.output,PASS_EXACT,131072
0,exhaustive,2223,exhaustive,1.0000000000000002,0.0,0.0,0,0.0,1.0000000000000002,2575,0.0,interaction.layer_05.text.norm.input,PASS_EXACT,5376
0,exhaustive,2664,exhaustive,0.9999999999999998,0.0,0.0,0,0.0,0.9999999999999999,2576,0.0,interaction.layer_05.text.norm.mean,PASS_EXACT,21
0,exhaustive,2665,exhaustive,0.9999999999999999,0.0,0.0,0,0.0,1.0,2577,0.0,interaction.layer_05.text.norm.variance,PASS_EXACT,21
0,exhaustive,2666,exhaustive,0.9999999999999998,0.0,0.0,0,0.0,0.9999999999999999,2578,0.0,interaction.layer_05.text.norm.inv_std,PASS_EXACT,21
0,exhaustive,2667,exhaustive,1.0,0.0,0.0,0,0.0,1.0,2579,0.0,interaction.layer_05.text.norm.normalized,PASS_EXACT,5376
0,exhaustive,2225,exhaustive,1.0,0.0,0.0,0,0.0,1.0,2580,0.0,interaction.layer_05.text.norm.output,PASS_EXACT,5376
0,exhaustive,2230,exhaustive,0.9999986251655489,0.015549659729003906,0.0014322805560098573,0,0.0,0.9999986233937086,2581,0.0021036764148488307,interaction.layer_05.cross.q_visual.matmul,PASS_TOLERANCE,524288
0,exhaustive,2226,exhaustive,1.0,0.0,0.0,0,0.0,1.0,2582,0.0,interaction.layer_05.cross.q_visual.bias_add,PASS_EXACT,524288
0,exhaustive,2231,exhaustive,0.9999986645574119,0.003765583038330078,0.00042069773215709053,0,0.0,0.9999986624701722,2583,0.0006054242223393406,interaction.layer_05.cross.k_text.matmul,PASS_TOLERANCE,21504
0,exhaustive,2227,exhaustive,0.9999999999999999,0.0,0.0,0,0.0,0.9999999999999999,2584,0.0,interaction.layer_05.cross.k_text.bias_add,PASS_EXACT,21504
0,exhaustive,2232,exhaustive,0.9999986121798489,0.015623092651367188,0.0016055066592954859,0,0.0,0.9999986121800957,2585,0.002408385220029381,interaction.layer_05.cross.v_visual.matmul,PASS_TOLERANCE,524288
0,exhaustive,2228,exhaustive,1.0000000000000002,0.0,0.0,0,0.0,1.0,2586,0.0,interaction.layer_05.cross.v_visual.bias_add,PASS_EXACT,524288
0,exhaustive,2233,exhaustive,0.9999986834390314,0.0019481182098388672,0.0002681978129268308,0,0.0,0.9999986778270683,2587,0.0003953805159580985,interaction.layer_05.cross.v_text.matmul,PASS_TOLERANCE,21504
0,exhaustive,2229,exhaustive,1.0,0.0,0.0,0,0.0,1.0,2588,0.0,interaction.layer_05.cross.v_text.bias_add,PASS_EXACT,21504
0,exhaustive,2234,exhaustive,1.0,0.0,0.0,0,0.0,1.0,2589,0.0,interaction.layer_05.cross.q_visual.reshape,PASS_EXACT,524288
0,exhaustive,2238,exhaustive,1.0000000000000002,0.0,0.0,0,0.0,1.0000000000000002,2590,0.0,interaction.layer_05.cross.q_visual.transpose,PASS_EXACT,524288
0,exhaustive,2235,exhaustive,0.9999999999999999,0.0,0.0,0,0.0,0.9999999999999999,2591,0.0,interaction.layer_05.cross.k_text.reshape,PASS_EXACT,21504
0,exhaustive,2239,exhaustive,0.9999999999999999,0.0,0.0,0,0.0,0.9999999999999999,2592,0.0,interaction.layer_05.cross.k_text.transpose,PASS_EXACT,21504
0,exhaustive,2236,exhaustive,1.0000000000000002,0.0,0.0,0,0.0,1.0,2593,0.0,interaction.layer_05.cross.v_visual.reshape,PASS_EXACT,524288
0,exhaustive,2240,exhaustive,1.0000000000000002,0.0,0.0,0,0.0,0.9999999999999998,2594,0.0,interaction.layer_05.cross.v_visual.transpose,PASS_EXACT,524288
0,exhaustive,2237,exhaustive,1.0,0.0,0.0,0,0.0,1.0,2595,0.0,interaction.layer_05.cross.v_text.reshape,PASS_EXACT,21504
0,exhaustive,2241,exhaustive,1.0,0.0,0.0,0,0.0,1.0,2596,0.0,interaction.layer_05.cross.v_text.transpose,PASS_EXACT,21504
0,op,2242,op,1.0000000000000002,0.0,0.0,0,0.0,0.9999999999999999,2597,0.0,interaction.layer_05.cross.visual_to_text.qk_matmul,PASS_EXACT,43008
0,exhaustive,2901,exhaustive,1.0000000000000002,0.0,0.0,0,0.0,0.9999999999999999,2598,0.0,interaction.layer_05.cross.visual_to_text.logits_raw,PASS_EXACT,43008
0,exhaustive,2902,exhaustive,1.0,0.0,0.0,0,0.0,1.0,2599,0.0,interaction.layer_05.cross.visual_to_text.global_max,PASS_EXACT,1
0,exhaustive,2903,exhaustive,1.0,0.0,0.0,0,0.0,0.9999999999999999,2600,0.0,interaction.layer_05.cross.visual_to_text.logits_global_shifted,PASS_EXACT,43008
0,exhaustive,2904,exhaustive,1.0,0.0,0.0,0,0.0,0.9999999999999999,2601,0.0,interaction.layer_05.cross.visual_to_text.logits_clamped,PASS_EXACT,43008
0,exhaustive,2251,exhaustive,1.0,0.0,0.0,0,0.0,1.0,2602,0.0,interaction.layer_05.cross.text_to_visual.logits_transposed,PASS_EXACT,43008
0,exhaustive,2905,exhaustive,1.0,0.0,0.0,0,0.0,1.0000000000000002,2603,0.0,interaction.layer_05.cross.text_to_visual.row_max,PASS_EXACT,84
0,exhaustive,2906,exhaustive,1.0,0.0,0.0,0,0.0,0.9999999999999999,2604,0.0,interaction.layer_05.cross.text_to_visual.logits_shifted,PASS_EXACT,43008
0,exhaustive,2907,exhaustive,1.0,0.0,0.0,0,0.0,0.9999999999999999,2605,0.0,interaction.layer_05.cross.text_to_visual.logits_clamped,PASS_EXACT,43008
0,exhaustive,2908,exhaustive,1.0,0.0,0.0,0,0.0,1.0,2606,0.0,interaction.layer_05.cross.text_to_visual.mask,PASS_EXACT,43008
0,op,2252,op,0.9999938676932143,0.03125,0.006191117422921317,0,0.0,0.9999679493329001,2607,0.011860994616470265,interaction.layer_05.cross.text_to_visual.masked_logits,PASS_TOLERANCE,43008
0,exhaustive,2914,exhaustive,1.0,0.0,0.0,0,0.0,1.0,2608,0.0,interaction.layer_05.cross.text_to_visual.softmax.max,PASS_EXACT,84
0,exhaustive,2915,exhaustive,1.0,0.0,0.0,0,0.0,0.9999999999999999,2609,0.0,interaction.layer_05.cross.text_to_visual.softmax.shifted,PASS_EXACT,43008
0,exhaustive,2916,exhaustive,1.0000000000000047,5.960464477539063e-08,2.8144354148805307e-09,0,0.0,0.999999999999991,2610,7.965168595541179e-09,interaction.layer_05.cross.text_to_visual.softmax.exp,PASS_TOLERANCE,43008
0,exhaustive,2917,exhaustive,0.9999999999999049,9.1552734375e-05,2.3069835844494047e-05,0,0.0,0.9999999999994386,2611,3.1186823579889e-05,interaction.layer_05.cross.text_to_visual.softmax.sum,PASS_TOLERANCE,84
0,op,2253,op,1.0,0.0,0.0,0,0.0,1.0,2612,0.0,interaction.layer_05.cross.text_to_visual.softmax.probs,PASS_EXACT,43008
0,exhaustive,2909,exhaustive,0.9999999999999998,0.0,0.0,0,0.0,0.9999999999999998,2613,0.0,interaction.layer_05.cross.visual_to_text.mask,PASS_EXACT,84
0,op,2243,op,1.0,0.0,0.0,0,0.0,1.0000000000000002,2614,0.0,interaction.layer_05.cross.visual_to_text.masked_logits,PASS_EXACT,43008
0,exhaustive,2910,exhaustive,1.0,0.0,0.0,0,0.0,1.0,2615,0.0,interaction.layer_05.cross.visual_to_text.softmax.max,PASS_EXACT,2048
0,exhaustive,2911,exhaustive,1.0,0.0,0.0,0,0.0,1.0,2616,0.0,interaction.layer_05.cross.visual_to_text.softmax.shifted,PASS_EXACT,43008
0,exhaustive,2912,exhaustive,0.9999999999999992,5.960464477539063e-08,6.978682774518217e-09,0,0.0,1.0000000000000557,2617,2.0359166324009843e-08,interaction.layer_05.cross.visual_to_text.softmax.exp,PASS_TOLERANCE,43008
0,exhaustive,2913,exhaustive,0.9999999999999991,2.86102294921875e-06,4.6729110181331635e-07,0,0.0,0.9999999999996741,2618,7.134684693738289e-07,interaction.layer_05.cross.visual_to_text.softmax.sum,PASS_TOLERANCE,2048
0,op,2244,op,1.0000000000000002,0.0,0.0,0,0.0,1.0000000000000002,2619,0.0,interaction.layer_05.cross.visual_to_text.softmax.probs,PASS_EXACT,43008
0,op,2245,op,0.9999999999999999,0.0,0.0,0,0.0,1.0,2620,0.0,interaction.layer_05.cross.visual_to_text.context_heads,PASS_EXACT,524288
0,op,2254,op,1.0000000000000002,0.0,0.0,0,0.0,1.0000000000000002,2621,0.0,interaction.layer_05.cross.text_to_visual.context_heads,PASS_EXACT,21504
0,exhaustive,2246,exhaustive,1.0000000000000002,0.0,0.0,0,0.0,1.0000000000000002,2622,0.0,interaction.layer_05.cross.visual_to_text.context_transpose,PASS_EXACT,524288
0,op,2247,op,1.0000000000000002,0.0,0.0,0,0.0,1.0000000000000002,2623,0.0,interaction.layer_05.cross.visual_to_text.context_merged,PASS_EXACT,524288
0,exhaustive,2255,exhaustive,1.0000000000000002,0.0,0.0,0,0.0,1.0,2624,0.0,interaction.layer_05.cross.text_to_visual.context_transpose,PASS_EXACT,21504
0,op,2256,op,1.0000000000000002,0.0,0.0,0,0.0,1.0,2625,0.0,interaction.layer_05.cross.text_to_visual.context_merged,PASS_EXACT,21504
0,exhaustive,2248,exhaustive,0.9999986890477149,0.015620708465576172,0.0019851291218913047,0,0.0,0.9999986881760178,2626,0.0029727130345607593,interaction.layer_05.cross.visual_to_text.output.matmul,PASS_TOLERANCE,131072
0,exhaustive,2249,exhaustive,1.0000000000000002,0.0,0.0,0,0.0,1.0,2627,0.0,interaction.layer_05.cross.visual_to_text.output.bias_add,PASS_EXACT,131072
0,exhaustive,2257,exhaustive,0.9999986059889242,0.11049270629882812,0.01074272721806275,0,0.0,0.9999986062702018,2628,0.016667268818287694,interaction.layer_05.cross.text_to_visual.output.matmul,PASS_TOLERANCE,5376
0,exhaustive,2258,exhaustive,1.0,0.0,0.0,0,0.0,0.9999999999999998,2629,0.0,interaction.layer_05.cross.text_to_visual.output.bias_add,PASS_EXACT,5376
0,layer,2250,layer,1.0000000000000002,0.0,0.0,0,0.0,1.0,2630,0.0,interaction.layer_05.cross.visual_to_text.output,PASS_EXACT,131072
0,layer,2259,layer,1.0,0.0,0.0,0,0.0,0.9999999999999998,2631,0.0,interaction.layer_05.cross.text_to_visual.output,PASS_EXACT,5376
0,op,2260,op,1.0,0.0,0.0,0,0.0,1.0,2632,0.0,interaction.layer_05.visual.gamma,PASS_EXACT,256
0,op,2262,op,1.0000000000000002,0.0,0.0,0,0.0,1.0,2633,0.0,interaction.layer_05.visual.delta,PASS_EXACT,131072
0,exhaustive,2264,exhaustive,0.9999999999999999,0.0,0.0,0,0.0,1.0,2634,0.0,interaction.layer_05.visual.scaled_delta,PASS_EXACT,131072
0,exhaustive,2266,exhaustive,0.9999999999999999,0.0,0.0,0,0.0,1.0,2635,0.0,interaction.layer_05.visual.drop_path_output,PASS_EXACT,131072
0,op,2261,op,1.0,0.0,0.0,0,0.0,1.0,2636,0.0,interaction.layer_05.text.gamma,PASS_EXACT,256
0,op,2263,op,1.0,0.0,0.0,0,0.0,0.9999999999999998,2637,0.0,interaction.layer_05.text.delta,PASS_EXACT,5376
0,exhaustive,2265,exhaustive,0.9999999999999998,0.0,0.0,0,0.0,1.0,2638,0.0,interaction.layer_05.text.scaled_delta,PASS_EXACT,5376
0,exhaustive,2267,exhaustive,0.9999999999999998,0.0,0.0,0,0.0,1.0,2639,0.0,interaction.layer_05.text.drop_path_output,PASS_EXACT,5376
0,op,2268,op,1.0000000000000002,0.0,0.0,0,0.0,1.0,2640,0.0,interaction.layer_05.visual.residual_sum,PASS_EXACT,131072
0,op,2269,op,0.9999999999999999,0.0,0.0,0,0.0,0.9999999999999999,2641,0.0,interaction.layer_05.text.residual_sum,PASS_EXACT,5376
0,layer,1309,layer,1.0000000000000002,0.0,0.0,0,0.0,1.0,2642,0.0,interaction.layer_05.visual.after_fusion,PASS_EXACT,131072
0,layer,2270,layer,0.9999999999999999,0.0,0.0,0,0.0,0.9999999999999999,2643,0.0,interaction.layer_05.text.after_fusion,PASS_EXACT,5376
0,layer,2271,layer,0.9999999999999999,0.0,0.0,0,0.0,0.9999999999999999,2644,0.0,interaction.layer_05.text_enhancer.input,PASS_EXACT,5376
0,op,1305,op,1.0000000000000002,0.0,0.0,0,0.0,1.0,2645,0.0,interaction.layer_05.text_enhancer.mask.original,PASS_EXACT,441
0,op,1306,op,1.0000000000000002,0.0,0.0,0,0.0,1.0,2646,0.0,interaction.layer_05.text_enhancer.mask.repeated,PASS_EXACT,1764
0,op,2272,op,1.0000000000000002,0.0,0.0,0,0.0,1.0000000000000002,2647,0.0,interaction.layer_05.text_enhancer.attn.q_linear,PASS_EXACT,5376
0,exhaustive,2275,exhaustive,1.0000000000000002,0.0,0.0,0,0.0,1.0000000000000002,2648,0.0,interaction.layer_05.text_enhancer.attn.q_heads,PASS_EXACT,5376
0,op,2273,op,0.9999999999999998,0.0,0.0,0,0.0,1.0000000000000002,2649,0.0,interaction.layer_05.text_enhancer.attn.k_linear,PASS_EXACT,5376
0,exhaustive,2276,exhaustive,0.9999999999999998,0.0,0.0,0,0.0,1.0,2650,0.0,interaction.layer_05.text_enhancer.attn.k_heads,PASS_EXACT,5376
0,op,2274,op,1.0000000000000002,0.0,0.0,0,0.0,1.0,2651,0.0,interaction.layer_05.text_enhancer.attn.v_linear,PASS_EXACT,5376
0,exhaustive,2277,exhaustive,1.0000000000000002,0.0,0.0,0,0.0,1.0000000000000002,2652,0.0,interaction.layer_05.text_enhancer.attn.v_heads,PASS_EXACT,5376
0,op,2278,op,1.0000000000000002,0.0,0.0,0,0.0,1.0,2653,0.0,interaction.layer_05.text_enhancer.attn.logits,PASS_EXACT,1764
0,op,2279,op,1.0,0.0,0.0,0,0.0,1.0,2654,0.0,interaction.layer_05.text_enhancer.attn.masked_logits,PASS_EXACT,1764
0,exhaustive,2788,exhaustive,1.0,0.0,0.0,0,0.0,0.9999999999999998,2655,0.0,interaction.layer_05.text_enhancer.attn.softmax.max,PASS_EXACT,84
0,exhaustive,2789,exhaustive,1.0000000000000002,0.0,0.0,0,0.0,1.0000000000000002,2656,0.0,interaction.layer_05.text_enhancer.attn.softmax.shifted,PASS_EXACT,1764
0,exhaustive,2790,exhaustive,1.0,5.960464477539063e-08,6.04831712856855e-09,0,0.0,1.0000000000000013,2657,1.8987042790735978e-08,interaction.layer_05.text_enhancer.attn.softmax.exp,PASS_TOLERANCE,1764
0,exhaustive,2791,exhaustive,0.9999999999999977,1.9073486328125e-06,3.065381731305804e-07,0,0.0,0.9999999999999932,2658,5.793503725947913e-07,interaction.layer_05.text_enhancer.attn.softmax.sum,PASS_TOLERANCE,84
0,op,2280,op,1.0000000000000002,0.0,0.0,0,0.0,0.9999999999999998,2659,0.0,interaction.layer_05.text_enhancer.attn.softmax.probs,PASS_EXACT,1764
0,op,2281,op,0.9999999999999999,0.0,0.0,0,0.0,1.0,2660,0.0,interaction.layer_05.text_enhancer.attn.context_heads,PASS_EXACT,5376
0,op,2282,op,0.9999999999999999,0.0,0.0,0,0.0,0.9999999999999999,2661,0.0,interaction.layer_05.text_enhancer.attn.context_merged,PASS_EXACT,5376
0,op,2283,op,1.0000000000000002,0.0,0.0,0,0.0,0.9999999999999999,2662,0.0,interaction.layer_05.text_enhancer.attn.output_projection,PASS_EXACT,5376
0,exhaustive,2284,exhaustive,0.9999999999999999,0.0,0.0,0,0.0,0.9999999999999999,2663,0.0,interaction.layer_05.text_enhancer.residual_1.left,PASS_EXACT,5376
0,exhaustive,2285,exhaustive,1.0000000000000002,0.0,0.0,0,0.0,0.9999999999999999,2664,0.0,interaction.layer_05.text_enhancer.residual_1.right,PASS_EXACT,5376
0,op,2286,op,0.9999983747238546,0.0078125,0.0008049798863274711,0,0.0,0.9999983716650988,2665,0.0014783524623318252,interaction.layer_05.text_enhancer.residual_1.sum,PASS_TOLERANCE,5376
0,exhaustive,2287,exhaustive,0.9999983747238546,0.0078125,0.0008049798863274711,0,0.0,0.9999983716650988,2666,0.0014783524623318252,interaction.layer_05.text_enhancer.norm_1.input,PASS_TOLERANCE,5376
0,exhaustive,2668,exhaustive,0.9999895487386609,0.000244140625,0.00015113467261904762,0,0.0,0.9913352581801023,2667,0.00019208881652086016,interaction.layer_05.text_enhancer.norm_1.mean,PASS_TOLERANCE,21
0,exhaustive,2669,exhaustive,0.9999992284029406,0.00390625,0.00018601190476190475,0,0.0,0.999249943269503,2668,0.0008524136337343452,interaction.layer_05.text_enhancer.norm_1.variance,PASS_TOLERANCE,21
0,exhaustive,2670,exhaustive,0.9999999999999999,0.0,0.0,0,0.0,1.0,2669,0.0,interaction.layer_05.text_enhancer.norm_1.inv_std,PASS_EXACT,21
0,exhaustive,2671,exhaustive,0.9999935644183054,0.03125,0.0012162313574836368,0,0.0,0.9999935644182758,2670,0.0035890952243172194,interaction.layer_05.text_enhancer.norm_1.normalized,PASS_TOLERANCE,5376
0,exhaustive,2288,exhaustive,1.0000000000000002,0.0,0.0,0,0.0,0.9999999999999998,2671,0.0,interaction.layer_05.text_enhancer.norm_1.output,PASS_EXACT,5376
0,exhaustive,2289,exhaustive,0.9999986368572304,0.03105640411376953,0.0029334336209320185,0,0.0,0.9999972651067958,2672,0.0041908471194604295,interaction.layer_05.text_enhancer.ffn.linear_1.matmul,PASS_TOLERANCE,21504
0,exhaustive,2290,exhaustive,1.0,0.0,0.0,0,0.0,0.9999999999999998,2673,0.0,interaction.layer_05.text_enhancer.ffn.linear_1.bias_add,PASS_EXACT,21504
0,exhaustive,2291,exhaustive,1.0,0.0,0.0,0,0.0,0.9999999999999998,2674,0.0,interaction.layer_05.text_enhancer.ffn.activation.input,PASS_EXACT,21504
0,op,2292,op,1.0000000000000002,0.0,0.0,0,0.0,1.0,2675,0.0,interaction.layer_05.text_enhancer.ffn.activation.output,PASS_EXACT,21504
0,exhaustive,2293,exhaustive,0.999998912323593,0.06037712097167969,0.002270741817829687,0,0.0,0.9999989040768266,2676,0.003961397628334653,interaction.layer_05.text_enhancer.ffn.linear_2.matmul,PASS_TOLERANCE,5376
0,exhaustive,2294,exhaustive,1.0,0.0,0.0,0,0.0,1.0,2677,0.0,interaction.layer_05.text_enhancer.ffn.linear_2.bias_add,PASS_EXACT,5376
0,exhaustive,2295,exhaustive,1.0000000000000002,0.0,0.0,0,0.0,0.9999999999999998,2678,0.0,interaction.layer_05.text_enhancer.residual_2.left,PASS_EXACT,5376
0,exhaustive,2296,exhaustive,1.0,0.0,0.0,0,0.0,1.0,2679,0.0,interaction.layer_05.text_enhancer.residual_2.right,PASS_EXACT,5376
0,op,2297,op,0.9999987722046668,0.046875,0.002574030664705095,0,0.0,0.9999987567720614,2680,0.004494770899538468,interaction.layer_05.text_enhancer.residual_2.sum,PASS_TOLERANCE,5376
0,exhaustive,2298,exhaustive,0.9999987722046668,0.046875,0.002574030664705095,0,0.0,0.9999987567720614,2681,0.004494770899538468,interaction.layer_05.text_enhancer.norm_2.input,PASS_TOLERANCE,5376
0,exhaustive,2672,exhaustive,0.9999991468158147,0.001953125,9.300595238095238e-05,0,0.0,0.9990527789746264,2682,0.0004262068168671726,interaction.layer_05.text_enhancer.norm_2.mean,PASS_TOLERANCE,21
0,exhaustive,2673,exhaustive,0.9999895442955923,0.0625,0.026785714285714284,0,0.0,0.9607210328639411,2683,0.03976306314252199,interaction.layer_05.text_enhancer.norm_2.variance,PASS_TOLERANCE,21
0,exhaustive,2674,exhaustive,0.9999986789130711,0.001953125,0.00018601190476190475,0,0.0,0.979245377180911,2684,0.0006027474607894215,interaction.layer_05.text_enhancer.norm_2.inv_std,PASS_TOLERANCE,21
0,exhaustive,2675,exhaustive,0.9999922877453453,0.0625,0.0013728752022697812,0,0.0,0.9999922961792532,2685,0.004028229916752227,interaction.layer_05.text_enhancer.norm_2.normalized,PASS_TOLERANCE,5376
0,exhaustive,2299,exhaustive,1.0,0.0,0.0,0,0.0,1.0000000000000002,2686,0.0,interaction.layer_05.text_enhancer.norm_2.output,PASS_EXACT,5376
0,layer,1310,layer,1.0,0.0,0.0,0,0.0,1.0000000000000002,2687,0.0,interaction.layer_05.text_enhancer.output,PASS_EXACT,5376
0,boundary,1311,boundary,1.0000000000000002,0.0,0.0,0,0.0,1.0,2688,0.0,condition.visual_tokens,PASS_EXACT,131072
0,boundary,1312,boundary,1.0,0.0,0.0,0,0.0,1.0000000000000002,2689,0.0,condition.text_tokens,PASS_EXACT,5376
0,exhaustive,2930,exhaustive,1.0,0.0,0.0,0,0.0,1.0,2690,0.0,condition.concat_axis,PASS_EXACT,1
0,boundary,1313,boundary,0.9999999999999998,0.0,0.0,0,0.0,1.0000000000000002,2691,0.0,condition.concatenated,PASS_EXACT,136448
0,boundary,1316,boundary,0.9999993012280526,0.0027979612350463867,0.0007025860249996185,0,0.0,0.9999991872462356,2692,0.0011068424371816319,state_projection.input_raw,PASS_TOLERANCE,8
0,boundary,1317,boundary,0.9999993012280526,0.0027979612350463867,0.0007025860249996185,0,0.0,0.9999991872462356,2693,0.0011068424371816319,state_projection.input_normalized,PASS_TOLERANCE,8
0,exhaustive,2300,exhaustive,0.9999993012280526,0.0027979612350463867,0.0007025860249996185,0,0.0,0.9999991872462356,2694,0.0011068424371816319,state_projection.norm.input,PASS_TOLERANCE,8
0,exhaustive,2676,exhaustive,1.0,0.0,0.0,0,0.0,1.0,2695,0.0,state_projection.norm.mean,PASS_EXACT,1
0,exhaustive,2677,exhaustive,1.0,0.0,0.0,0,0.0,1.0,2696,0.0,state_projection.norm.variance,PASS_EXACT,1
0,exhaustive,2678,exhaustive,1.0,0.0,0.0,0,0.0,1.0,2697,0.0,state_projection.norm.inv_std,PASS_EXACT,1
0,exhaustive,2679,exhaustive,0.9999995010174876,0.001953125,0.000579833984375,0,0.0,0.9999995051789852,2698,0.0010103116062772735,state_projection.norm.normalized,PASS_TOLERANCE,8
0,exhaustive,2302,exhaustive,0.9999975787791697,0.004177451133728027,0.0015799603424966335,0,0.0,0.9999977216455757,2699,0.0022772760230025764,state_projection.norm.output,PASS_TOLERANCE,8
0,exhaustive,2303,exhaustive,0.9999956971506331,0.005217790603637695,0.0014900362293701619,0,0.0,0.9999956920339826,2700,0.0017733269824054035,state_projection.linear_1.matmul,PASS_TOLERANCE,256
0,exhaustive,2304,exhaustive,0.9999950154944773,0.0078125,0.0013736486434936523,0,0.0,0.999994997326785,2701,0.0020218372339347755,state_projection.linear_1.bias_add,PASS_TOLERANCE,256
0,exhaustive,2305,exhaustive,0.9999950154944773,0.0078125,0.0013736486434936523,0,0.0,0.999994997326785,2702,0.0020218372339347755,state_projection.gelu.input,PASS_TOLERANCE,256
0,op,2306,op,0.9999936369316007,0.005851030349731445,0.0009656542852098937,0,0.0,0.9999925280971956,2703,0.0014319647412899257,state_projection.gelu.output,PASS_TOLERANCE,256
0,exhaustive,2307,exhaustive,0.9999971149585472,0.006721019744873047,0.0012661410473810975,0,0.0,0.9999971169845769,2704,0.001635181867558793,state_projection.linear_2.matmul,PASS_TOLERANCE,512
0,exhaustive,2308,exhaustive,0.999996519300843,0.0078125,0.0008712708950042725,0,0.0,0.9999965193466142,2705,0.0017761944122740916,state_projection.linear_2.bias_add,PASS_TOLERANCE,512
0,exhaustive,2309,exhaustive,0.999996519300843,0.0078125,0.0008712708950042725,0,0.0,0.9999965193466142,2706,0.0017761944122740916,state_projection.before_reshape,PASS_TOLERANCE,512
0,op,2310,op,0.999996519300843,0.0078125,0.0008712708950042725,0,0.0,0.9999965193466142,2707,0.0017761944122740916,state_projection.after_reshape,PASS_TOLERANCE,512
0,boundary,1318,boundary,1.0,0.0,0.0,0,0.0,1.0,2708,0.0,state_projection.position_embedding,PASS_EXACT,512
0,exhaustive,2312,exhaustive,0.999996519300843,0.0078125,0.0008712708950042725,0,0.0,0.9999965193466142,2709,0.0017761944122740916,state_projection.position.before_add,PASS_TOLERANCE,512
0,op,2311,op,0.9999953741142419,0.01092529296875,0.0014668372459709644,0,0.0,0.9999953751780323,2710,0.002058349779449854,state_projection.position.after_add,PASS_TOLERANCE,512
0,exhaustive,2301,exhaustive,0.9999953741142419,0.01092529296875,0.0014668372459709644,0,0.0,0.9999953751780323,2711,0.002058349779449854,state_projection.output_norm.input,PASS_TOLERANCE,512
0,exhaustive,2680,exhaustive,0.9999911760606458,6.103515625e-05,3.0517578125e-05,0,0.0,1.0,2712,4.315837287515549e-05,state_projection.output_norm.mean,PASS_TOLERANCE,2
0,exhaustive,2681,exhaustive,0.9999974525411567,0.001953125,0.0009765625,0,0.0,1.0,2713,0.0013810679320049757,state_projection.output_norm.variance,PASS_TOLERANCE,2
0,exhaustive,2682,exhaustive,0.9999966959556733,0.0078125,0.00390625,0,0.0,0.9999999999999998,2714,0.005524271728019903,state_projection.output_norm.inv_std,PASS_TOLERANCE,2
0,exhaustive,2683,exhaustive,0.9999872935772185,0.03125,0.0032426267862319946,0,0.0,0.9999873176390807,2715,0.005250280929716946,state_projection.output_norm.normalized,PASS_TOLERANCE,512
0,exhaustive,2313,exhaustive,0.999993087025052,0.015625,0.002118760719895363,0,0.0,0.9999930877179126,2716,0.0036792528926881925,state_projection.output_norm.output,PASS_TOLERANCE,512
0,boundary,1319,boundary,0.999993087025052,0.015625,0.002118760719895363,0,0.0,0.9999930877179126,2717,0.0036792528926881925,state_projection.output,PASS_TOLERANCE,512
0,boundary,1320,boundary,0.9999999999999998,0.0,0.0,0,0.0,1.0000000000000002,2718,0.0,action.memory.condition,PASS_EXACT,136448
0,boundary,1321,boundary,0.999993087025052,0.015625,0.002118760719895363,0,0.0,0.9999930877179126,2719,0.0036792528926881925,action.memory.state_tokens,PASS_TOLERANCE,512
0,exhaustive,2931,exhaustive,1.0,0.0,0.0,0,0.0,1.0,2720,0.0,action.memory.concat_axis,PASS_EXACT,1
0,boundary,1322,boundary,0.9999999538860735,0.015625,7.92060082203874e-06,0,0.0,0.9999999538143644,2721,0.00022495608583587154,action.memory.concatenated,PASS_TOLERANCE,136960
0,op,2314,op,1.0,0.0,0.0,0,0.0,0.9999999999999999,2722,0.0,action.queries.weight,PASS_EXACT,3072
0,op,2315,op,1.0,0.0,0.0,0,0.0,0.9999999999999999,2723,0.0,action.queries.expanded,PASS_EXACT,3072
0,layer,2316,layer,1.0,0.0,0.0,0,0.0,0.9999999999999999,2724,0.0,action.decoder.layer_00.input,PASS_EXACT,3072
0,exhaustive,2318,exhaustive,1.0,0.0,0.0,0,0.0,0.9999999999999999,2725,0.0,action.decoder.layer_00.self_attn.norm.input,PASS_EXACT,3072
0,exhaustive,2684,exhaustive,1.0000000000000002,0.0,0.0,0,0.0,1.0,2726,0.0,action.decoder.layer_00.self_attn.norm.mean,PASS_EXACT,12
0,exhaustive,2685,exhaustive,1.0,0.0,0.0,0,0.0,0.9999999999999999,2727,0.0,action.decoder.layer_00.self_attn.norm.variance,PASS_EXACT,12
0,exhaustive,2686,exhaustive,1.0,0.0,0.0,0,0.0,0.9999999999999998,2728,0.0,action.decoder.layer_00.self_attn.norm.inv_std,PASS_EXACT,12
0,exhaustive,2687,exhaustive,1.0,0.0,0.0,0,0.0,1.0,2729,0.0,action.decoder.layer_00.self_attn.norm.normalized,PASS_EXACT,3072
0,exhaustive,2319,exhaustive,0.9999986157517595,0.0076732635498046875,0.0010875815496926104,0,0.0,0.9999986163239043,2730,0.0015847842594680335,action.decoder.layer_00.self_attn.norm.output,PASS_TOLERANCE,3072
0,op,2317,op,1.0,0.0,0.0,0,0.0,0.9999999999999999,2731,0.0,action.decoder.layer_00.self_attn.norm_input,PASS_EXACT,3072
0,op,2320,op,0.9999999999999999,0.0,0.0,0,0.0,1.0000000000000002,2732,0.0,action.decoder.layer_00.self_attn.q_linear,PASS_EXACT,3072
0,exhaustive,2323,exhaustive,0.9999999999999999,0.0,0.0,0,0.0,1.0,2733,0.0,action.decoder.layer_00.self_attn.q_heads,PASS_EXACT,3072
0,op,2321,op,1.0000000000000002,0.0,0.0,0,0.0,0.9999999999999999,2734,0.0,action.decoder.layer_00.self_attn.k_linear,PASS_EXACT,3072
0,exhaustive,2324,exhaustive,1.0000000000000002,0.0,0.0,0,0.0,1.0000000000000002,2735,0.0,action.decoder.layer_00.self_attn.k_heads,PASS_EXACT,3072
0,op,2322,op,0.9999999999999998,0.0,0.0,0,0.0,0.9999999999999998,2736,0.0,action.decoder.layer_00.self_attn.v_linear,PASS_EXACT,3072
0,exhaustive,2325,exhaustive,0.9999999999999998,0.0,0.0,0,0.0,1.0000000000000002,2737,0.0,action.decoder.layer_00.self_attn.v_heads,PASS_EXACT,3072
0,op,2326,op,0.9999999999999999,0.0,0.0,0,0.0,1.0000000000000002,2738,0.0,action.decoder.layer_00.self_attn.logits,PASS_EXACT,1152
0,exhaustive,2328,exhaustive,1.0,0.0,0.0,0,0.0,1.0,2739,0.0,action.decoder.layer_00.self_attn.mask,PASS_EXACT,1152
0,op,2327,op,0.9999999999999999,0.0,0.0,0,0.0,1.0000000000000002,2740,0.0,action.decoder.layer_00.self_attn.masked_logits,PASS_EXACT,1152
0,exhaustive,2792,exhaustive,0.9999999999999998,0.0,0.0,0,0.0,0.9999999999999999,2741,0.0,action.decoder.layer_00.self_attn.softmax.max,PASS_EXACT,96
0,exhaustive,2793,exhaustive,0.9999999999999999,0.0,0.0,0,0.0,1.0000000000000002,2742,0.0,action.decoder.layer_00.self_attn.softmax.shifted,PASS_EXACT,1152
0,exhaustive,2794,exhaustive,0.9999999999999998,5.960464477539063e-08,1.57160684466362e-08,0,0.0,0.99999999999999,2743,2.9355954650712697e-08,action.decoder.layer_00.self_attn.softmax.exp,PASS_TOLERANCE,1152
0,exhaustive,2795,exhaustive,0.9999999999999974,1.430511474609375e-06,4.271666208902995e-07,0,0.0,0.9999999999997573,2744,6.000069328364332e-07,action.decoder.layer_00.self_attn.softmax.sum,PASS_TOLERANCE,96
0,op,2329,op,1.0,0.0,0.0,0,0.0,1.0,2745,0.0,action.decoder.layer_00.self_attn.softmax.probs,PASS_EXACT,1152
0,op,2330,op,1.0000000000000002,0.0,0.0,0,0.0,0.9999999999999999,2746,0.0,action.decoder.layer_00.self_attn.context_heads,PASS_EXACT,3072
0,op,2331,op,1.0000000000000002,0.0,0.0,0,0.0,1.0000000000000002,2747,0.0,action.decoder.layer_00.self_attn.context_merged,PASS_EXACT,3072
0,op,2332,op,1.0,0.0,0.0,0,0.0,1.0,2748,0.0,action.decoder.layer_00.self_attn.output_projection,PASS_EXACT,3072
0,op,2333,op,1.0,0.0,0.0,0,0.0,0.9999999999999999,2749,0.0,action.decoder.layer_00.self_attn.residual.left,PASS_EXACT,3072
0,op,2334,op,1.0,0.0,0.0,0,0.0,1.0,2750,0.0,action.decoder.layer_00.self_attn.residual.right,PASS_EXACT,3072
0,op,2335,op,1.0000000000000002,0.0,0.0,0,0.0,1.0,2751,0.0,action.decoder.layer_00.self_attn.residual.sum,PASS_EXACT,3072
0,exhaustive,2337,exhaustive,1.0000000000000002,0.0,0.0,0,0.0,1.0,2752,0.0,action.decoder.layer_00.cross_attn.norm.input,PASS_EXACT,3072
0,exhaustive,2688,exhaustive,1.0,0.0,0.0,0,0.0,0.9999999999999998,2753,0.0,action.decoder.layer_00.cross_attn.norm.mean,PASS_EXACT,12
0,exhaustive,2689,exhaustive,0.9999999999999998,0.0,0.0,0,0.0,1.0,2754,0.0,action.decoder.layer_00.cross_attn.norm.variance,PASS_EXACT,12
0,exhaustive,2690,exhaustive,0.9999999999999999,0.0,0.0,0,0.0,1.0,2755,0.0,action.decoder.layer_00.cross_attn.norm.inv_std,PASS_EXACT,12
0,exhaustive,2691,exhaustive,1.0,0.0,0.0,0,0.0,1.0,2756,0.0,action.decoder.layer_00.cross_attn.norm.normalized,PASS_EXACT,3072
0,exhaustive,2338,exhaustive,0.9999986629210698,0.007800579071044922,0.0011256785221576138,0,0.0,0.9999986643971153,2757,0.0016268254415116009,action.decoder.layer_00.cross_attn.norm.output,PASS_TOLERANCE,3072
0,op,2336,op,1.0000000000000002,0.0,0.0,0,0.0,1.0,2758,0.0,action.decoder.layer_00.cross_attn.norm_input,PASS_EXACT,3072
0,op,2339,op,0.9999999999999999,0.0,0.0,0,0.0,1.0000000000000002,2759,0.0,action.decoder.layer_00.cross_attn.q_linear,PASS_EXACT,3072
0,exhaustive,2342,exhaustive,0.9999999999999999,0.0,0.0,0,0.0,1.0,2760,0.0,action.decoder.layer_00.cross_attn.q_heads,PASS_EXACT,3072
0,op,2340,op,0.9999999561281334,0.015625,7.56873148624028e-06,0,0.0,0.9999999558164969,2761,0.0001901208506666292,action.decoder.layer_00.cross_attn.k_linear,PASS_TOLERANCE,136960
0,exhaustive,2343,exhaustive,0.9999999561281334,0.015625,7.56873148624028e-06,0,0.0,0.9999999558164993,2762,0.0001901208506666292,action.decoder.layer_00.cross_attn.k_heads,PASS_TOLERANCE,136960
0,op,2341,op,0.9999999197361961,0.015625,7.63864160698151e-06,0,0.0,0.9999999197049301,2763,0.00019185998661328893,action.decoder.layer_00.cross_attn.v_linear,PASS_TOLERANCE,136960
0,exhaustive,2344,exhaustive,0.9999999197361961,0.015625,7.63864160698151e-06,0,0.0,0.9999999197049283,2764,0.00019185998661328893,action.decoder.layer_00.cross_attn.v_heads,PASS_TOLERANCE,136960
0,op,2345,op,0.9999999698160175,0.03125,1.5600002443307658e-05,0,0.0,0.9999999695019912,2765,0.00044112914306504035,action.decoder.layer_00.cross_attn.logits,PASS_TOLERANCE,51360
0,exhaustive,2347,exhaustive,1.0,0.0,0.0,0,0.0,1.0,2766,0.0,action.decoder.layer_00.cross_attn.mask,PASS_EXACT,51360
0,op,2346,op,0.9999999698160175,0.03125,1.5600002443307658e-05,0,0.0,0.9999999695019912,2767,0.00044112914306504035,action.decoder.layer_00.cross_attn.masked_logits,PASS_TOLERANCE,51360
0,exhaustive,2796,exhaustive,0.9999983020198507,0.03125,0.0013020833333333333,0,0.0,0.9999936641362922,2768,0.005136632108743327,action.decoder.layer_00.cross_attn.softmax.max,PASS_TOLERANCE,96
0,exhaustive,2797,exhaustive,0.9999978857266928,0.0625,0.0012903326397001558,0,0.0,0.9999939871350452,2769,0.0065441344638990295,action.decoder.layer_00.cross_attn.softmax.shifted,PASS_TOLERANCE,51360
0,exhaustive,2798,exhaustive,0.9999980120394465,0.011887013912200928,0.00011116732676611421,0,0.0,0.9999963243412512,2770,0.0005630318769765631,action.decoder.layer_00.cross_attn.softmax.exp,PASS_TOLERANCE,51360
0,exhaustive,2799,exhaustive,0.9999981497899383,1.5167465209960938,0.0593305379152298,0,0.0,0.9999928591213764,2771,0.22886334143926296,action.decoder.layer_00.cross_attn.softmax.sum,PASS_TOLERANCE,96
0,op,2348,op,0.9999844064361652,0.0078125,6.172179340202117e-07,0,0.0,0.9999837590065095,2772,4.119505898351355e-05,action.decoder.layer_00.cross_attn.softmax.probs,PASS_TOLERANCE,51360
0,op,2349,op,0.9999965987146533,0.017578125,0.000159720191732049,0,0.0,0.9999965964180704,2773,0.0009765270144436752,action.decoder.layer_00.cross_attn.context_heads,PASS_TOLERANCE,3072
0,op,2350,op,0.9999965987146533,0.017578125,0.000159720191732049,0,0.0,0.9999965964180715,2774,0.0009765270144436752,action.decoder.layer_00.cross_attn.context_merged,PASS_TOLERANCE,3072
0,op,2351,op,0.9999958693457079,0.00732421875,0.0002617686986923218,0,0.0,0.9999958671327759,2775,0.0006694866773775095,action.decoder.layer_00.cross_attn.output_projection,PASS_TOLERANCE,3072
0,op,2352,op,1.0000000000000002,0.0,0.0,0,0.0,1.0,2776,0.0,action.decoder.layer_00.cross_attn.residual.left,PASS_EXACT,3072
0,op,2353,op,0.9999958693457079,0.00732421875,0.0002617686986923218,0,0.0,0.9999958671327759,2777,0.0006694866773775095,action.decoder.layer_00.cross_attn.residual.right,PASS_TOLERANCE,3072
0,op,2354,op,0.9999994475284727,0.015625,0.00024702151616414386,0,0.0,0.9999994473477805,2778,0.0010495161659921128,action.decoder.layer_00.cross_attn.residual.sum,PASS_TOLERANCE,3072
0,exhaustive,2356,exhaustive,0.9999994475284727,0.015625,0.00024702151616414386,0,0.0,0.9999994473477805,2779,0.0010495161659921128,action.decoder.layer_00.ffn.norm.input,PASS_TOLERANCE,3072
0,exhaustive,2692,exhaustive,0.999999093487715,0.000244140625,4.0690104166666664e-05,0,0.0,0.9999992221567422,2780,9.966999278902906e-05,action.decoder.layer_00.ffn.norm.mean,PASS_TOLERANCE,12
0,exhaustive,2693,exhaustive,0.9999999999999999,0.0,0.0,0,0.0,1.0,2781,0.0,action.decoder.layer_00.ffn.norm.variance,PASS_EXACT,12
0,exhaustive,2694,exhaustive,1.0,0.0,0.0,0,0.0,1.0000000000000002,2782,0.0,action.decoder.layer_00.ffn.norm.inv_std,PASS_EXACT,12
0,exhaustive,2695,exhaustive,0.9999993207190475,0.015625,0.0002743999163309733,0,0.0,0.9999993210923344,2783,0.0011652195452531943,action.decoder.layer_00.ffn.norm.normalized,PASS_TOLERANCE,3072
0,exhaustive,2357,exhaustive,0.999997986004594,0.011122584342956543,0.001304098259803747,0,0.0,0.9999979887110562,2784,0.001938385432466267,action.decoder.layer_00.ffn.norm.output,PASS_TOLERANCE,3072
0,op,2355,op,0.9999994475284727,0.015625,0.00024702151616414386,0,0.0,0.9999994473477805,2785,0.0010495161659921128,action.decoder.layer_00.ffn.norm_input,PASS_TOLERANCE,3072
0,exhaustive,2358,exhaustive,0.9999981243877742,0.008864879608154297,0.0010164302468638198,0,0.0,0.9999938491160371,2786,0.001358143788029159,action.decoder.layer_00.ffn.linear_1.matmul,PASS_TOLERANCE,24576
0,exhaustive,2359,exhaustive,0.9999982722347909,0.015625,0.0004808033457569157,0,0.0,0.9999940948639303,2787,0.001329170895334852,action.decoder.layer_00.ffn.linear_1.bias_add,PASS_TOLERANCE,24576
0,exhaustive,2360,exhaustive,0.9999982722347909,0.015625,0.0004808033457569157,0,0.0,0.9999940948639303,2788,0.001329170895334852,action.decoder.layer_00.ffn.activation.input,PASS_TOLERANCE,24576
0,op,2361,op,0.9999803905552946,0.0059814453125,2.7743905472258728e-05,0,0.0,0.9999798363070534,2789,0.00021619084729622442,action.decoder.layer_00.ffn.activation.output,PASS_TOLERANCE,24576
0,exhaustive,2362,exhaustive,0.9999859944555979,0.0020194202661514282,0.00012553486438567538,0,0.0,0.9999859840630492,2790,0.0002226632373568636,action.decoder.layer_00.ffn.linear_2.matmul,PASS_TOLERANCE,3072
0,exhaustive,2363,exhaustive,0.9999832660147279,0.001953125,0.00011778188248475392,0,0.0,0.9999832426135219,2791,0.0002464772709265644,action.decoder.layer_00.ffn.linear_2.bias_add,PASS_TOLERANCE,3072
0,op,2364,op,0.9999994475284727,0.015625,0.00024702151616414386,0,0.0,0.9999994473477805,2792,0.0010495161659921128,action.decoder.layer_00.ffn.residual.left,PASS_TOLERANCE,3072
0,op,2365,op,0.9999832660147279,0.001953125,0.00011778188248475392,0,0.0,0.9999832426135219,2793,0.0002464772709265644,action.decoder.layer_00.ffn.residual.right,PASS_TOLERANCE,3072
0,op,2366,op,0.9999990637205268,0.015625,0.00035820404688517254,0,0.0,0.9999990635769976,2794,0.0013689621940538765,action.decoder.layer_00.ffn.residual.sum,PASS_TOLERANCE,3072
0,layer,1323,layer,0.9999987765456174,0.015625,0.000473638375600179,0,0.0,0.9999987762369805,2795,0.0015666679613230725,action.decoder.layer_00.output,PASS_TOLERANCE,3072
0,layer,2367,layer,0.9999987765456174,0.015625,0.000473638375600179,0,0.0,0.9999987762369805,2796,0.0015666679613230725,action.decoder.layer_01.input,PASS_TOLERANCE,3072
0,exhaustive,2369,exhaustive,0.9999987765456174,0.015625,0.000473638375600179,0,0.0,0.9999987762369805,2797,0.0015666679613230725,action.decoder.layer_01.self_attn.norm.input,PASS_TOLERANCE,3072
0,exhaustive,2696,exhaustive,0.9999983347933996,0.00048828125,4.0690104166666664e-05,0,0.0,0.9999983410639187,2798,0.00014095465556387347,action.decoder.layer_01.self_attn.norm.mean,PASS_TOLERANCE,12
0,exhaustive,2697,exhaustive,0.9999999999999999,0.0,0.0,0,0.0,0.9999999999999998,2799,0.0,action.decoder.layer_01.self_attn.norm.variance,PASS_EXACT,12
0,exhaustive,2698,exhaustive,1.0,0.0,0.0,0,0.0,1.0000000000000002,2800,0.0,action.decoder.layer_01.self_attn.norm.inv_std,PASS_EXACT,12
0,exhaustive,2699,exhaustive,0.9999982141276141,0.015625,0.000564540425936381,0,0.0,0.9999982176708829,2801,0.0018938239728437996,action.decoder.layer_01.self_attn.norm.normalized,PASS_TOLERANCE,3072
0,exhaustive,2370,exhaustive,0.9999973558645803,0.020704984664916992,0.0014161821563144865,0,0.0,0.9999973559588144,2802,0.0021759767088172666,action.decoder.layer_01.self_attn.norm.output,PASS_TOLERANCE,3072
0,op,2368,op,0.9999987765456174,0.015625,0.000473638375600179,0,0.0,0.9999987762369805,2803,0.0015666679613230725,action.decoder.layer_01.self_attn.norm_input,PASS_TOLERANCE,3072
0,op,2371,op,0.9999968612948656,0.015625,0.0010105079660813014,0,0.0,0.999996861021055,2804,0.0021005809002086428,action.decoder.layer_01.self_attn.q_linear,PASS_TOLERANCE,3072
0,exhaustive,2374,exhaustive,0.9999968612948656,0.015625,0.0010105079660813014,0,0.0,0.9999968610210553,2805,0.0021005809002086428,action.decoder.layer_01.self_attn.q_heads,PASS_TOLERANCE,3072
0,op,2372,op,0.9999971279407948,0.015625,0.0009545963257551193,0,0.0,0.9999971281062167,2806,0.00196242492042608,action.decoder.layer_01.self_attn.k_linear,PASS_TOLERANCE,3072
0,exhaustive,2375,exhaustive,0.9999971279407948,0.015625,0.0009545963257551193,0,0.0,0.9999971281062167,2807,0.00196242492042608,action.decoder.layer_01.self_attn.k_heads,PASS_TOLERANCE,3072
0,op,2373,op,0.9999886390921718,0.0078125,0.0008972616245349249,0,0.0,0.999988639334877,2808,0.0013598506710403291,action.decoder.layer_01.self_attn.v_linear,PASS_TOLERANCE,3072
0,exhaustive,2376,exhaustive,0.9999886390921718,0.0078125,0.0008972616245349249,0,0.0,0.9999886393348771,2809,0.0013598506710403291,action.decoder.layer_01.self_attn.v_heads,PASS_TOLERANCE,3072
0,op,2377,op,0.9999948601588207,0.03125,0.001869368056456248,0,0.0,0.9999948644286183,2810,0.003924851449566037,action.decoder.layer_01.self_attn.logits,PASS_TOLERANCE,1152
0,exhaustive,2379,exhaustive,1.0,0.0,0.0,0,0.0,1.0,2811,0.0,action.decoder.layer_01.self_attn.mask,PASS_EXACT,1152
0,op,2378,op,0.9999948601588207,0.03125,0.001869368056456248,0,0.0,0.9999948644286183,2812,0.003924851449566037,action.decoder.layer_01.self_attn.masked_logits,PASS_TOLERANCE,1152
0,exhaustive,2800,exhaustive,0.9999945494824974,0.03125,0.0022176106770833335,0,0.0,0.9999650401161717,2813,0.006192386842365495,action.decoder.layer_01.self_attn.softmax.max,PASS_TOLERANCE,96
0,exhaustive,2801,exhaustive,0.9999933334947279,0.0625,0.003546820746527778,0,0.0,0.9999834493776908,2814,0.00800592663896379,action.decoder.layer_01.self_attn.softmax.shifted,PASS_TOLERANCE,1152
0,exhaustive,2802,exhaustive,0.9999860388802012,0.036795973777770996,0.0009716216967111299,0,0.0,0.9999689552333377,2815,0.002583653947442712,action.decoder.layer_01.self_attn.softmax.exp,PASS_TOLERANCE,1152
0,exhaustive,2803,exhaustive,0.9999922628267484,0.06383323669433594,0.01007679228981336,0,0.0,0.9999123848982326,2816,0.01795153407518472,action.decoder.layer_01.self_attn.softmax.sum,PASS_TOLERANCE,96
0,op,2380,op,0.9999891703055898,0.009765625,0.0001911322275797526,0,0.0,0.9999788225967896,2817,0.0005548586304670566,action.decoder.layer_01.self_attn.softmax.probs,PASS_TOLERANCE,1152
0,op,2381,op,0.9999869637412088,0.0068359375,0.0005200461018830538,0,0.0,0.9999869677253811,2818,0.0008058463063075838,action.decoder.layer_01.self_attn.context_heads,PASS_TOLERANCE,3072
0,op,2382,op,0.9999869637412088,0.0068359375,0.0005200461018830538,0,0.0,0.9999869677253804,2819,0.0008058463063075838,action.decoder.layer_01.self_attn.context_merged,PASS_TOLERANCE,3072
0,op,2383,op,0.9999882329707557,0.001953125,0.0003102288756053895,0,0.0,0.9999882591489863,2820,0.0004469508393350739,action.decoder.layer_01.self_attn.output_projection,PASS_TOLERANCE,3072
0,op,2384,op,0.9999987765456174,0.015625,0.000473638375600179,0,0.0,0.9999987762369805,2821,0.0015666679613230725,action.decoder.layer_01.self_attn.residual.left,PASS_TOLERANCE,3072
0,op,2385,op,0.9999882329707557,0.001953125,0.0003102288756053895,0,0.0,0.9999882591489863,2822,0.0004469508393350739,action.decoder.layer_01.self_attn.residual.right,PASS_TOLERANCE,3072
0,op,2386,op,0.999998210027159,0.015625,0.0006857762734095255,0,0.0,0.9999982095350516,2823,0.0019217275198319,action.decoder.layer_01.self_attn.residual.sum,PASS_TOLERANCE,3072
0,exhaustive,2388,exhaustive,0.999998210027159,0.015625,0.0006857762734095255,0,0.0,0.9999982095350516,2824,0.0019217275198319,action.decoder.layer_01.cross_attn.norm.input,PASS_TOLERANCE,3072
0,exhaustive,2700,exhaustive,0.9999973824316821,0.00048828125,9.1552734375e-05,0,0.0,0.9999972237091631,2825,0.00017619331945484186,action.decoder.layer_01.cross_attn.norm.mean,PASS_TOLERANCE,12
0,exhaustive,2701,exhaustive,1.0,0.0,0.0,0,0.0,1.0000000000000002,2826,0.0,action.decoder.layer_01.cross_attn.norm.variance,PASS_EXACT,12
0,exhaustive,2702,exhaustive,1.0000000000000002,0.0,0.0,0,0.0,1.0,2827,0.0,action.decoder.layer_01.cross_attn.norm.inv_std,PASS_EXACT,12
0,exhaustive,2703,exhaustive,0.9999980148311557,0.0234375,0.0007024941345055898,0,0.0,0.9999980149242739,2828,0.0019919033223581594,action.decoder.layer_01.cross_attn.norm.normalized,PASS_TOLERANCE,3072
0,exhaustive,2389,exhaustive,0.9999965868502223,0.02225947380065918,0.001713600487543469,0,0.0,0.9999965886596066,2829,0.0026338020348387883,action.decoder.layer_01.cross_attn.norm.output,PASS_TOLERANCE,3072
0,op,2387,op,0.999998210027159,0.015625,0.0006857762734095255,0,0.0,0.9999982095350516,2830,0.0019217275198319,action.decoder.layer_01.cross_attn.norm_input,PASS_TOLERANCE,3072
0,op,2390,op,0.9999970181079604,0.015625,0.0013518619040648143,0,0.0,0.9999970182437172,2831,0.00281705130297417,action.decoder.layer_01.cross_attn.q_linear,PASS_TOLERANCE,3072
0,exhaustive,2393,exhaustive,0.9999970181079604,0.015625,0.0013518619040648143,0,0.0,0.9999970182437173,2832,0.00281705130297417,action.decoder.layer_01.cross_attn.q_heads,PASS_TOLERANCE,3072
0,op,2391,op,0.9999999576801695,0.015625,8.606451137043606e-06,0,0.0,0.9999999576748139,2833,0.00022216100092702846,action.decoder.layer_01.cross_attn.k_linear,PASS_TOLERANCE,136960
0,exhaustive,2394,exhaustive,0.9999999576801695,0.015625,8.606451137043606e-06,0,0.0,0.9999999576748128,2834,0.00022216100092702846,action.decoder.layer_01.cross_attn.k_heads,PASS_TOLERANCE,136960
0,op,2392,op,0.9999999226767795,0.015625,7.816404104232787e-06,0,0.0,0.9999999226198344,2835,0.00020088716639584767,action.decoder.layer_01.cross_attn.v_linear,PASS_TOLERANCE,136960
0,exhaustive,2395,exhaustive,0.9999999226767795,0.015625,7.816404104232787e-06,0,0.0,0.9999999226198346,2836,0.00020088716639584767,action.decoder.layer_01.cross_attn.v_heads,PASS_TOLERANCE,136960
0,op,2396,op,0.9999962951894251,0.0625,0.0019393006682024566,0,0.0,0.999996124775433,2837,0.004780990346403861,action.decoder.layer_01.cross_attn.logits,PASS_TOLERANCE,51360
0,exhaustive,2398,exhaustive,1.0,0.0,0.0,0,0.0,1.0,2838,0.0,action.decoder.layer_01.cross_attn.mask,PASS_EXACT,51360
0,op,2397,op,0.9999962951894251,0.0625,0.0019393006682024566,0,0.0,0.999996124775433,2839,0.004780990346403861,action.decoder.layer_01.cross_attn.masked_logits,PASS_TOLERANCE,51360
0,exhaustive,2804,exhaustive,0.9999965779668532,0.03125,0.0029296875,0,0.0,0.9999882756673982,2840,0.007441284499086021,action.decoder.layer_01.cross_attn.softmax.max,PASS_TOLERANCE,96
0,exhaustive,2805,exhaustive,0.9999947090185851,0.125,0.004390842520930686,0,0.0,0.9999811543829525,2841,0.010792457156375392,action.decoder.layer_01.cross_attn.softmax.shifted,PASS_TOLERANCE,51360
0,exhaustive,2806,exhaustive,0.9999796469863939,0.0443263053894043,0.0004989322459596325,0,0.0,0.9999649194341045,2842,0.0015549518995065937,action.decoder.layer_01.cross_attn.softmax.exp,PASS_TOLERANCE,51360
0,exhaustive,2807,exhaustive,0.9999896297876011,2.5557861328125,0.2378262678782145,0,0.0,0.9999658643240857,2843,0.4609653011334846,action.decoder.layer_01.cross_attn.softmax.sum,PASS_TOLERANCE,96
0,op,2399,op,0.9999675286856958,0.0078125,4.6645047529702104e-06,0,0.0,0.9999640082534654,2844,4.5698321753742595e-05,action.decoder.layer_01.cross_attn.softmax.probs,PASS_TOLERANCE,51360
0,op,2400,op,0.9999955790520197,0.0234375,0.0003399474856754144,0,0.0,0.9999955739546228,2845,0.0011568869532468948,action.decoder.layer_01.cross_attn.context_heads,PASS_TOLERANCE,3072
0,op,2401,op,0.9999955790520197,0.0234375,0.0003399474856754144,0,0.0,0.9999955739546241,2846,0.0011568869532468948,action.decoder.layer_01.cross_attn.context_merged,PASS_TOLERANCE,3072
0,op,2402,op,0.9999939611884175,0.00439453125,0.0004420363499472539,0,0.0,0.9999939569046351,2847,0.0008521231579435713,action.decoder.layer_01.cross_attn.output_projection,PASS_TOLERANCE,3072
0,op,2403,op,0.999998210027159,0.015625,0.0006857762734095255,0,0.0,0.9999982095350516,2848,0.0019217275198319,action.decoder.layer_01.cross_attn.residual.left,PASS_TOLERANCE,3072
0,op,2404,op,0.9999939611884175,0.00439453125,0.0004420363499472539,0,0.0,0.9999939569046351,2849,0.0008521231579435713,action.decoder.layer_01.cross_attn.residual.right,PASS_TOLERANCE,3072
0,op,2405,op,0.999997174755984,0.015625,0.0010662178198496501,0,0.0,0.9999971742634166,2850,0.0026476910387069714,action.decoder.layer_01.cross_attn.residual.sum,PASS_TOLERANCE,3072
0,exhaustive,2407,exhaustive,0.999997174755984,0.015625,0.0010662178198496501,0,0.0,0.9999971742634166,2851,0.0026476910387069714,action.decoder.layer_01.ffn.norm.input,PASS_TOLERANCE,3072
0,exhaustive,2704,exhaustive,0.9999954818292087,0.00048828125,0.00014241536458333334,0,0.0,0.9999951930783103,2852,0.0002283726432357142,action.decoder.layer_01.ffn.norm.mean,PASS_TOLERANCE,12
0,exhaustive,2705,exhaustive,1.0,0.0,0.0,0,0.0,1.0,2853,0.0,action.decoder.layer_01.ffn.norm.variance,PASS_EXACT,12
0,exhaustive,2706,exhaustive,1.0,0.0,0.0,0,0.0,1.0,2854,0.0,action.decoder.layer_01.ffn.norm.inv_std,PASS_EXACT,12
0,exhaustive,2707,exhaustive,0.9999958889691628,0.03125,0.0011537795265515645,0,0.0,0.9999958984180705,2855,0.002867476327758592,action.decoder.layer_01.ffn.norm.normalized,PASS_TOLERANCE,3072
0,exhaustive,2408,exhaustive,0.9999958180697696,0.02034449577331543,0.001871795453022666,0,0.0,0.9999958183469964,2856,0.0028468071770762536,action.decoder.layer_01.ffn.norm.output,PASS_TOLERANCE,3072
0,op,2406,op,0.999997174755984,0.015625,0.0010662178198496501,0,0.0,0.9999971742634166,2857,0.0026476910387069714,action.decoder.layer_01.ffn.norm_input,PASS_TOLERANCE,3072
0,exhaustive,2409,exhaustive,0.9999966942648812,0.010756969451904297,0.0016041088646640371,0,0.0,0.9999919792814148,2858,0.002098291492718044,action.decoder.layer_01.ffn.linear_1.matmul,PASS_TOLERANCE,24576
0,exhaustive,2410,exhaustive,0.9999962902778176,0.015625,0.0011834297620225698,0,0.0,0.9999906969683171,2859,0.002256755738165227,action.decoder.layer_01.ffn.linear_1.bias_add,PASS_TOLERANCE,24576
0,exhaustive,2411,exhaustive,0.9999962902778176,0.015625,0.0011834297620225698,0,0.0,0.9999906969683171,2860,0.002256755738165227,action.decoder.layer_01.ffn.activation.input,PASS_TOLERANCE,24576
0,op,2412,op,0.9999707082337477,0.009765625,0.00012922143893471608,0,0.0,0.999968867758569,2861,0.0005644922422860547,action.decoder.layer_01.ffn.activation.output,PASS_TOLERANCE,24576
0,exhaustive,2413,exhaustive,0.9999776877263803,0.00424349308013916,0.00038646501191882027,0,0.0,0.9999776739785882,2862,0.0005389173233896323,action.decoder.layer_01.ffn.linear_2.matmul,PASS_TOLERANCE,3072
0,exhaustive,2414,exhaustive,0.9999768336935986,0.002685546875,0.00036639471848805744,0,0.0,0.9999768265819472,2863,0.0005492691482198767,action.decoder.layer_01.ffn.linear_2.bias_add,PASS_TOLERANCE,3072
0,op,2415,op,0.999997174755984,0.015625,0.0010662178198496501,0,0.0,0.9999971742634166,2864,0.0026476910387069714,action.decoder.layer_01.ffn.residual.left,PASS_TOLERANCE,3072
0,op,2416,op,0.9999768336935986,0.002685546875,0.00036639471848805744,0,0.0,0.9999768265819472,2865,0.0005492691482198767,action.decoder.layer_01.ffn.residual.right,PASS_TOLERANCE,3072
0,op,2417,op,0.999996781774581,0.015625,0.0012471477190653484,0,0.0,0.9999967812896416,2866,0.002854689263097997,action.decoder.layer_01.ffn.residual.sum,PASS_TOLERANCE,3072
0,layer,1324,layer,0.9999967460780186,0.0234375,0.0012196203072865803,0,0.0,0.9999967445448392,2867,0.002873323753114493,action.decoder.layer_01.output,PASS_TOLERANCE,3072
0,layer,2418,layer,0.9999967460780186,0.0234375,0.0012196203072865803,0,0.0,0.9999967445448392,2868,0.002873323753114493,action.decoder.layer_02.input,PASS_TOLERANCE,3072
0,exhaustive,2420,exhaustive,0.9999967460780186,0.0234375,0.0012196203072865803,0,0.0,0.9999967445448392,2869,0.002873323753114493,action.decoder.layer_02.self_attn.norm.input,PASS_TOLERANCE,3072
0,exhaustive,2708,exhaustive,0.9999968599417732,0.00048828125,0.00011698404947916667,0,0.0,0.9999965633579129,2870,0.00019699011974118127,action.decoder.layer_02.self_attn.norm.mean,PASS_TOLERANCE,12
0,exhaustive,2709,exhaustive,0.9999985191802313,0.0078125,0.0006510416666666666,0,0.0,0.9997978639061041,2871,0.0022552744890219755,action.decoder.layer_02.self_attn.norm.variance,PASS_TOLERANCE,12
0,exhaustive,2710,exhaustive,0.9999992751727217,0.00390625,0.0003255208333333333,0,0.0,0.9996066714541073,2872,0.0011276372445109878,action.decoder.layer_02.self_attn.norm.inv_std,PASS_TOLERANCE,12
0,exhaustive,2711,exhaustive,0.9999955403151926,0.03125,0.0012894991474847,0,0.0,0.9999955420875065,2873,0.002993458197306537,action.decoder.layer_02.self_attn.norm.normalized,PASS_TOLERANCE,3072
0,exhaustive,2421,exhaustive,0.9999951690404355,0.02197134494781494,0.0019208919297852844,0,0.0,0.9999951695987085,2874,0.0029546522083567974,action.decoder.layer_02.self_attn.norm.output,PASS_TOLERANCE,3072
0,op,2419,op,0.9999967460780186,0.0234375,0.0012196203072865803,0,0.0,0.9999967445448392,2875,0.002873323753114493,action.decoder.layer_02.self_attn.norm_input,PASS_TOLERANCE,3072
0,op,2422,op,0.9999961972413081,0.015625,0.001550533187886079,0,0.0,0.999996199233916,2876,0.0028646999186550423,action.decoder.layer_02.self_attn.q_linear,PASS_TOLERANCE,3072
0,exhaustive,2425,exhaustive,0.9999961972413081,0.015625,0.001550533187886079,0,0.0,0.9999961992339158,2877,0.0028646999186550423,action.decoder.layer_02.self_attn.q_heads,PASS_TOLERANCE,3072
0,op,2423,op,0.9999953981069651,0.015625,0.001599539692203204,0,0.0,0.9999953959761263,2878,0.002786105755197686,action.decoder.layer_02.self_attn.k_linear,PASS_TOLERANCE,3072
0,exhaustive,2426,exhaustive,0.9999953981069651,0.015625,0.001599539692203204,0,0.0,0.9999953959761266,2879,0.002786105755197686,action.decoder.layer_02.self_attn.k_heads,PASS_TOLERANCE,3072
0,op,2424,op,0.9999871054944628,0.0078125,0.00140105242220064,0,0.0,0.9999870800589447,2880,0.0019999521402256485,action.decoder.layer_02.self_attn.v_linear,PASS_TOLERANCE,3072
0,exhaustive,2427,exhaustive,0.9999871054944628,0.0078125,0.00140105242220064,0,0.0,0.9999870800589437,2881,0.0019999521402256485,action.decoder.layer_02.self_attn.v_heads,PASS_TOLERANCE,3072
0,op,2428,op,0.999993352653363,0.03125,0.0033981800079345703,0,0.0,0.9999931919392954,2882,0.006374533255767917,action.decoder.layer_02.self_attn.logits,PASS_TOLERANCE,1152
0,exhaustive,2430,exhaustive,1.0,0.0,0.0,0,0.0,1.0,2883,0.0,action.decoder.layer_02.self_attn.mask,PASS_EXACT,1152
0,op,2429,op,0.999993352653363,0.03125,0.0033981800079345703,0,0.0,0.9999931919392954,2884,0.006374533255767917,action.decoder.layer_02.self_attn.masked_logits,PASS_TOLERANCE,1152
0,exhaustive,2808,exhaustive,0.9999944683337952,0.03125,0.00408172607421875,0,0.0,0.9999830260636503,2885,0.008590323314085194,action.decoder.layer_02.self_attn.softmax.max,PASS_TOLERANCE,96
0,exhaustive,2809,exhaustive,0.9999899333565847,0.0625,0.005603366427951389,0,0.0,0.9999784526696339,2886,0.011191036269289733,action.decoder.layer_02.self_attn.softmax.shifted,PASS_TOLERANCE,1152
0,exhaustive,2810,exhaustive,0.9999777847956053,0.03345930576324463,0.0013447021834167572,0,0.0,0.9999504415557363,2887,0.003220269139591231,action.decoder.layer_02.self_attn.softmax.exp,PASS_TOLERANCE,1152
0,exhaustive,2811,exhaustive,0.999990109220901,0.0803685188293457,0.013486195355653763,0,0.0,0.9999150961921086,2888,0.02064214340610661,action.decoder.layer_02.self_attn.softmax.sum,PASS_TOLERANCE,96
0,op,2431,op,0.999975407551941,0.009765625,0.00032560698067148525,0,0.0,0.9999527717621631,2889,0.0008444638134007715,action.decoder.layer_02.self_attn.softmax.probs,PASS_TOLERANCE,1152
0,op,2432,op,0.9999870324355751,0.0078125,0.000861761897491912,0,0.0,0.9999869388006688,2890,0.0013116845259666492,action.decoder.layer_02.self_attn.context_heads,PASS_TOLERANCE,3072
0,op,2433,op,0.9999870324355751,0.0078125,0.000861761897491912,0,0.0,0.999986938800668,2891,0.0013116845259666492,action.decoder.layer_02.self_attn.context_merged,PASS_TOLERANCE,3072
0,op,2434,op,0.9999825588762427,0.0029296875,0.0005117285715338463,0,0.0,0.9999825897902075,2892,0.0007062159131746709,action.decoder.layer_02.self_attn.output_projection,PASS_TOLERANCE,3072
0,op,2435,op,0.9999967460780186,0.0234375,0.0012196203072865803,0,0.0,0.9999967445448392,2893,0.002873323753114493,action.decoder.layer_02.self_attn.residual.left,PASS_TOLERANCE,3072
0,op,2436,op,0.9999825588762427,0.0029296875,0.0005117285715338463,0,0.0,0.9999825897902075,2894,0.0007062159131746709,action.decoder.layer_02.self_attn.residual.right,PASS_TOLERANCE,3072
0,op,2437,op,0.9999958766130503,0.03125,0.0015653669834136963,0,0.0,0.9999958744199481,2895,0.0033592947780199797,action.decoder.layer_02.self_attn.residual.sum,PASS_TOLERANCE,3072
0,exhaustive,2439,exhaustive,0.9999958766130503,0.03125,0.0015653669834136963,0,0.0,0.9999958744199481,2896,0.0033592947780199797,action.decoder.layer_02.cross_attn.norm.input,PASS_TOLERANCE,3072
0,exhaustive,2712,exhaustive,0.9999889317453733,0.0009765625,0.0002543131510416667,0,0.0,0.999986970299129,2897,0.0003811644286131835,action.decoder.layer_02.cross_attn.norm.mean,PASS_TOLERANCE,12
0,exhaustive,2713,exhaustive,0.999997720015442,0.0078125,0.0013020833333333333,0,0.0,0.9996740526464114,2898,0.00318943976924893,action.decoder.layer_02.cross_attn.norm.variance,PASS_TOLERANCE,12
0,exhaustive,2714,exhaustive,1.0,0.0,0.0,0,0.0,1.0000000000000002,2899,0.0,action.decoder.layer_02.cross_attn.norm.inv_std,PASS_EXACT,12
0,exhaustive,2715,exhaustive,0.9999952824983099,0.015625,0.0014288276433944702,0,0.0,0.999995305275119,2900,0.0030712802984582794,action.decoder.layer_02.cross_attn.norm.normalized,PASS_TOLERANCE,3072
0,exhaustive,2440,exhaustive,0.9999945650931819,0.019216537475585938,0.002256475099557065,0,0.0,0.9999945651037748,2901,0.0033669605237651103,action.decoder.layer_02.cross_attn.norm.output,PASS_TOLERANCE,3072
0,op,2438,op,0.9999958766130503,0.03125,0.0015653669834136963,0,0.0,0.9999958744199481,2902,0.0033592947780199797,action.decoder.layer_02.cross_attn.norm_input,PASS_TOLERANCE,3072
0,op,2441,op,0.999995820085438,0.015625,0.002019809869428476,0,0.0,0.9999958157177922,2903,0.003641238185684616,action.decoder.layer_02.cross_attn.q_linear,PASS_TOLERANCE,3072
0,exhaustive,2444,exhaustive,0.999995820085438,0.015625,0.002019809869428476,0,0.0,0.9999958157177916,2904,0.003641238185684616,action.decoder.layer_02.cross_attn.q_heads,PASS_TOLERANCE,3072
0,op,2442,op,0.9999999611962123,0.015625,9.135665180527162e-06,0,0.0,0.9999999611967552,2905,0.00022661161675001636,action.decoder.layer_02.cross_attn.k_linear,PASS_TOLERANCE,136960
0,exhaustive,2445,exhaustive,0.9999999611962123,0.015625,9.135665180527162e-06,0,0.0,0.9999999611967514,2906,0.00022661161675001636,action.decoder.layer_02.cross_attn.k_heads,PASS_TOLERANCE,136960
0,op,2443,op,0.9999999355257971,0.015625,7.623183393032752e-06,0,0.0,0.9999999354530341,2907,0.0001888578656762217,action.decoder.layer_02.cross_attn.v_linear,PASS_TOLERANCE,136960
0,exhaustive,2446,exhaustive,0.9999999355257971,0.015625,7.623183393032752e-06,0,0.0,0.9999999354530341,2908,0.0001888578656762217,action.decoder.layer_02.cross_attn.v_heads,PASS_TOLERANCE,136960
0,op,2447,op,0.9999954559359017,0.03125,0.0024855724062967893,0,0.0,0.9999945362022552,2909,0.005293450716144867,action.decoder.layer_02.cross_attn.logits,PASS_TOLERANCE,51360
0,exhaustive,2449,exhaustive,1.0,0.0,0.0,0,0.0,1.0,2910,0.0,action.decoder.layer_02.cross_attn.mask,PASS_EXACT,51360
0,op,2448,op,0.9999954559359017,0.03125,0.0024855724062967893,0,0.0,0.9999945362022552,2911,0.005293450716144867,action.decoder.layer_02.cross_attn.masked_logits,PASS_TOLERANCE,51360
0,exhaustive,2812,exhaustive,0.999997734455441,0.015625,0.0024007161458333335,0,0.0,0.9999928021143233,2912,0.005355233559891915,action.decoder.layer_02.cross_attn.softmax.max,PASS_TOLERANCE,96
0,exhaustive,2813,exhaustive,0.9999960821973601,0.0625,0.004169361910716024,0,0.0,0.9999862893036463,2913,0.009285902824559211,action.decoder.layer_02.cross_attn.softmax.shifted,PASS_TOLERANCE,51360
0,exhaustive,2814,exhaustive,0.9999829622008558,0.030766785144805908,0.0005504096248722961,0,0.0,0.9999710883362354,2914,0.0015037482632455775,action.decoder.layer_02.cross_attn.softmax.exp,PASS_TOLERANCE,51360
0,exhaustive,2815,exhaustive,0.9999919477055081,1.701629638671875,0.24915860096613565,0,0.0,0.9999737336672547,2915,0.42506045499318623,action.decoder.layer_02.cross_attn.softmax.sum,PASS_TOLERANCE,96
0,op,2450,op,0.9999813347206743,0.001953125,4.572246943214601e-06,0,0.0,0.9999748323214475,2916,2.24656830061309e-05,action.decoder.layer_02.cross_attn.softmax.probs,PASS_TOLERANCE,51360
0,op,2451,op,0.9999980243105421,0.0078125,0.0002933542321746548,0,0.0,0.999998027802334,2917,0.0008062273681208991,action.decoder.layer_02.cross_attn.context_heads,PASS_TOLERANCE,3072
0,op,2452,op,0.9999980243105421,0.0078125,0.0002933542321746548,0,0.0,0.9999980278023346,2918,0.0008062273681208991,action.decoder.layer_02.cross_attn.context_merged,PASS_TOLERANCE,3072
0,op,2453,op,0.9999962870709184,0.00390625,0.00039395907272895175,0,0.0,0.9999962846817424,2919,0.0007194494345471387,action.decoder.layer_02.cross_attn.output_projection,PASS_TOLERANCE,3072
0,op,2454,op,0.9999958766130503,0.03125,0.0015653669834136963,0,0.0,0.9999958744199481,2920,0.0033592947780199797,action.decoder.layer_02.cross_attn.residual.left,PASS_TOLERANCE,3072
0,op,2455,op,0.9999962870709184,0.00390625,0.00039395907272895175,0,0.0,0.9999962846817424,2921,0.0007194494345471387,action.decoder.layer_02.cross_attn.residual.right,PASS_TOLERANCE,3072
0,op,2456,op,0.9999957349678263,0.03125,0.0018139282862345378,0,0.0,0.9999957311466748,2922,0.003828925618518236,action.decoder.layer_02.cross_attn.residual.sum,PASS_TOLERANCE,3072
0,exhaustive,2458,exhaustive,0.9999957349678263,0.03125,0.0018139282862345378,0,0.0,0.9999957311466748,2923,0.003828925618518236,action.decoder.layer_02.ffn.norm.input,PASS_TOLERANCE,3072
0,exhaustive,2716,exhaustive,0.9999885662601725,0.0009765625,0.00026702880859375,0,0.0,0.9999853174510157,2924,0.000401879156564799,action.decoder.layer_02.ffn.norm.mean,PASS_TOLERANCE,12
0,exhaustive,2717,exhaustive,1.0000000000000002,0.0,0.0,0,0.0,0.9999999999999999,2925,0.0,action.decoder.layer_02.ffn.norm.variance,PASS_EXACT,12
0,exhaustive,2718,exhaustive,1.0000000000000002,0.0,0.0,0,0.0,1.0,2926,0.0,action.decoder.layer_02.ffn.norm.inv_std,PASS_EXACT,12
0,exhaustive,2719,exhaustive,0.9999944777330152,0.03125,0.0014720410108566284,0,0.0,0.9999944779550637,2927,0.0033246400077749675,action.decoder.layer_02.ffn.norm.normalized,PASS_TOLERANCE,3072
0,exhaustive,2459,exhaustive,0.999994474953543,0.021897554397583008,0.002224499020788547,0,0.0,0.999994474950876,2928,0.003317822857984131,action.decoder.layer_02.ffn.norm.output,PASS_TOLERANCE,3072
0,op,2457,op,0.9999957349678263,0.03125,0.0018139282862345378,0,0.0,0.9999957311466748,2929,0.003828925618518236,action.decoder.layer_02.ffn.norm_input,PASS_TOLERANCE,3072
0,exhaustive,2460,exhaustive,0.9999960504782451,0.012104511260986328,0.0018969843382213487,0,0.0,0.9999905880697985,2930,0.002436470265215092,action.decoder.layer_02.ffn.linear_1.matmul,PASS_TOLERANCE,24576
0,exhaustive,2461,exhaustive,0.9999953375481423,0.015625,0.0015351417459896766,0,0.0,0.9999884952488546,2931,0.0026870198737595436,action.decoder.layer_02.ffn.linear_1.bias_add,PASS_TOLERANCE,24576
0,exhaustive,2462,exhaustive,0.9999953375481423,0.015625,0.0015351417459896766,0,0.0,0.9999884952488546,2932,0.0026870198737595436,action.decoder.layer_02.ffn.activation.input,PASS_TOLERANCE,24576
0,op,2463,op,0.9999633393803624,0.0084228515625,0.0001492541268817149,0,0.0,0.999961207718711,2933,0.0006354223873172838,action.decoder.layer_02.ffn.activation.output,PASS_TOLERANCE,24576
0,exhaustive,2464,exhaustive,0.9999638796151205,0.0027016177773475647,0.00044197944104477455,0,0.0,0.9999638245827647,2934,0.0005642548746935661,action.decoder.layer_02.ffn.linear_2.matmul,PASS_TOLERANCE,3072
0,exhaustive,2465,exhaustive,0.9999577381582339,0.0029296875,0.0004376620054244995,0,0.0,0.9999576728060744,2935,0.0005873878361281414,action.decoder.layer_02.ffn.linear_2.bias_add,PASS_TOLERANCE,3072
0,op,2466,op,0.9999957349678263,0.03125,0.0018139282862345378,0,0.0,0.9999957311466748,2936,0.003828925618518236,action.decoder.layer_02.ffn.residual.left,PASS_TOLERANCE,3072
0,op,2467,op,0.9999577381582339,0.0029296875,0.0004376620054244995,0,0.0,0.9999576728060744,2937,0.0005873878361281414,action.decoder.layer_02.ffn.residual.right,PASS_TOLERANCE,3072
0,op,2468,op,0.9999952257387053,0.03125,0.0019943912823994956,0,0.0,0.9999952210113795,2938,0.004062284384266489,action.decoder.layer_02.ffn.residual.sum,PASS_TOLERANCE,3072
0,layer,1325,layer,0.9999949534880643,0.03125,0.0020715991655985513,0,0.0,0.999994948369874,2939,0.004173271398868992,action.decoder.layer_02.output,PASS_TOLERANCE,3072
0,layer,2469,layer,0.9999949534880643,0.03125,0.0020715991655985513,0,0.0,0.999994948369874,2940,0.004173271398868992,action.mlp.input,PASS_TOLERANCE,3072
0,exhaustive,2470,exhaustive,0.9999960891212706,0.016760826110839844,0.0021872309559209193,0,0.0,0.9999944633847179,2941,0.0028366025027183207,action.mlp.linear_0.matmul,PASS_TOLERANCE,6144
0,exhaustive,2472,exhaustive,0.9999946986153068,0.03125,0.001964044446746508,0,0.0,0.999992540352521,2942,0.003341614268349017,action.mlp.linear_0.bias_add,PASS_TOLERANCE,6144
0,exhaustive,2471,exhaustive,0.9999946986153068,0.03125,0.001964044446746508,0,0.0,0.999992540352521,2943,0.003341614268349017,action.mlp.relu_0.input,PASS_TOLERANCE,6144
0,op,2473,op,0.9999923430196547,0.015625,0.0004566982388496399,0,0.0,0.9999913747591861,2944,0.0013790533808896246,action.mlp.relu_0.output,PASS_TOLERANCE,6144
0,exhaustive,2474,exhaustive,0.9999965450807777,0.011750221252441406,0.0009220578452489766,0,0.0,0.9999963418437116,2945,0.001245993487142413,action.mlp.linear_1.matmul,PASS_TOLERANCE,6144
0,exhaustive,2476,exhaustive,0.9999959644695148,0.015625,0.0007491343033810457,0,0.0,0.9999957517903232,2946,0.0013606744116299132,action.mlp.linear_1.bias_add,PASS_TOLERANCE,6144
0,exhaustive,2475,exhaustive,0.9999959644695148,0.015625,0.0007491343033810457,0,0.0,0.9999957517903232,2947,0.0013606744116299132,action.mlp.relu_1.input,PASS_TOLERANCE,6144
0,op,2477,op,0.9999943252212051,0.0078125,0.0003018057905137539,0,0.0,0.9999919078878413,2948,0.0007244896480134771,action.mlp.relu_1.output,PASS_TOLERANCE,6144
0,exhaustive,2478,exhaustive,0.9999961965032836,0.02571922540664673,0.002126678502896712,0,0.0,0.9999954275764745,2949,0.005581356586511034,action.mlp.linear_2.matmul,PASS_TOLERANCE,84
0,exhaustive,2479,exhaustive,0.9999939865036588,0.03125,0.0020588100666091556,0,0.0,0.9999927329015681,2950,0.007065989832990436,action.mlp.linear_2.bias_add,PASS_TOLERANCE,84
0,boundary,1326,boundary,0.9999939865036588,0.03125,0.0020588100666091556,0,0.0,0.9999927329015681,2951,0.007065989832990436,action.before_tanh,PASS_TOLERANCE,84
0,boundary,1327,boundary,0.9999872725621568,0.019835948944091797,0.0006191164391653036,0,0.0,0.9999824266759151,2952,0.0022360230311676476,action.normalized,PASS_TOLERANCE,84
0,op,2953,op,1.0,0.0,0.0,0,0.0,1.0,2953,0.0,action.denormalize.action_min,PASS_EXACT,6
0,op,2954,op,1.0,0.0,0.0,0,0.0,1.0000000000000002,2954,0.0,action.denormalize.action_max,PASS_EXACT,6
0,op,2955,op,0.9999975543568491,0.002129852771759033,0.0004135661814264798,0,0.0,0.99999670556233,2955,0.0005834909100865274,action.denormalize.input,PASS_TOLERANCE,72
0,exhaustive,2956,exhaustive,0.9999997889271853,0.002129852771759033,0.0004135659999317593,0,0.0,0.9999967055758314,2956,0.0005834891645524729,action.denormalize.plus_one,PASS_TOLERANCE,72
0,exhaustive,2957,exhaustive,0.9999999999999999,0.0,0.0,0,0.0,1.0,2957,0.0,action.denormalize.range,PASS_EXACT,6
0,exhaustive,2958,exhaustive,0.9999996525754306,0.0019967257976531982,0.00031328491038746305,0,0.0,0.999998375657154,2958,0.000502719622631679,action.denormalize.scaled,PASS_TOLERANCE,72
0,op,2959,op,0.9999978171991569,0.001996755599975586,0.0003132853243086073,0,0.0,0.9999973473261848,2959,0.0005027215443212465,action.denormalize.arm_output,PASS_TOLERANCE,72
0,op,2960,op,0.9999828178172103,0.019835948944091797,0.0018524179855982463,0,0.0,0.9999996716882377,2960,0.005740716254829484,action.gripper.source,PASS_TOLERANCE,12
0,exhaustive,2961,exhaustive,1.0,0.0,0.0,0,0.0,1.0,2961,0.0,action.gripper.deadband,PASS_EXACT,1
0,exhaustive,2962,exhaustive,1.0,0.0,0.0,0,0.0,1.0,2962,0.0,action.gripper.positive_mask,PASS_EXACT,12
0,exhaustive,2963,exhaustive,1.0,0.0,0.0,0,0.0,1.0000000000000002,2963,0.0,action.gripper.negative_mask,PASS_EXACT,12
0,op,2964,op,1.0000000000000002,0.0,0.0,0,0.0,1.0,2964,0.0,action.gripper.output,PASS_EXACT,12
0,boundary,2965,boundary,0.9999994372737547,0.001996755599975586,0.00026853027797880627,0,0.0,0.9999992798106603,2965,0.00046542971032130764,action.denormalized,PASS_TOLERANCE,84
0,boundary,2966,boundary,0.9999987532589957,0.0012707114219665527,0.0003923731190817697,0,0.0,0.999998594138098,2966,0.000608305469876619,action.first_step,PASS_TOLERANCE,7
0,boundary,2967,boundary,0.9999994372737547,0.001996755599975586,0.00026853027797880627,0,0.0,0.9999992798106603,2967,0.00046542971032130764,action.executed_steps,PASS_TOLERANCE,84
